"CP"|"CODE"
"01400"|"01001"
"01640"|"01002"
"01500"|"01004"
"01330"|"01005"
"01300"|"01006"
"01500"|"01007"
"01500"|"01008"
"01300"|"01009"
"01350"|"01010"
"01100"|"01011"
"01110"|"01012"
"01230"|"01013"
"01100"|"01014"
"01300"|"01015"
"01190"|"01016"
"01230"|"01017"
"01510"|"01019"
"01480"|"01021"
"01510"|"01022"
"01570"|"01023"
"01340"|"01024"
"01380"|"01025"
"01380"|"01026"
"01360"|"01027"
"01990"|"01028"
"01270"|"01029"
"01480"|"01030"
"01100"|"01031"
"01360"|"01032"
"01200"|"01033"
"01300"|"01034"
"01130"|"01035"
"01260"|"01036"
"01470"|"01037"
"01370"|"01038"
"01350"|"01039"
"01340"|"01040"
"01500"|"01041"
"01290"|"01042"
"01700"|"01043"
"01200"|"01044"
"01330"|"01045"
"01290"|"01046"
"01150"|"01047"
"01120"|"01049"
"01190"|"01050"
"01450"|"01051"
"01330"|"01052"
"01000"|"01053"
"01800"|"01054"
"01640"|"01056"
"01190"|"01057"
"01300"|"01058"
"01260"|"01059"
"01110"|"01060"
"01300"|"01061"
"01360"|"01062"
"01460"|"01063"
"01470"|"01064"
"01310"|"01065"
"01510"|"01066"
"01430"|"01067"
"01450"|"01068"
"01240"|"01069"
"01170"|"01071"
"01250"|"01072"
"01350"|"01073"
"01320"|"01074"
"01480"|"01075"
"01230"|"01076"
"01450"|"01077"
"01630"|"01078"
"01260"|"01079"
"01110"|"01080"
"01410"|"01081"
"01420"|"01082"
"01990"|"01083"
"01400"|"01084"
"01240"|"01085"
"01130"|"01087"
"01800"|"01088"
"01500"|"01089"
"01320"|"01090"
"01200"|"01091"
"01320"|"01092"
"01400"|"01093"
"01190"|"01094"
"01250"|"01095"
"01660"|"01096"
"01510"|"01097"
"01300"|"01098"
"01150"|"01099"
"01510"|"01100"
"01430"|"01101"
"01190"|"01102"
"01170"|"01103"
"01410"|"01104"
"01390"|"01105"
"01250"|"01106"
"01230"|"01107"
"01270"|"01108"
"01550"|"01109"
"01300"|"01110"
"01230"|"01111"
"01430"|"01112"
"01400"|"01113"
"01200"|"01114"
"01310"|"01115"
"01300"|"01116"
"01300"|"01117"
"01420"|"01118"
"01110"|"01119"
"01110"|"01121"
"01110"|"01122"
"01290"|"01123"
"01560"|"01124"
"01250"|"01125"
"01370"|"01127"
"01560"|"01128"
"01320"|"01129"
"01340"|"01130"
"01350"|"01133"
"01290"|"01134"
"01170"|"01135"
"01290"|"01136"
"01350"|"01138"
"01560"|"01139"
"01310"|"01140"
"01300"|"01141"
"01120"|"01142"
"01220"|"01143"
"01380"|"01144"
"01240"|"01145"
"01400"|"01146"
"01270"|"01147"
"01590"|"01148"
"01500"|"01149"
"01250"|"01150"
"01160"|"01151"
"01130"|"01152"
"01170"|"01153"
"01340"|"01154"
"01230"|"01155"
"01800"|"01156"
"01480"|"01157"
"01550"|"01158"
"01570"|"01159"
"01210"|"01160"
"01350"|"01162"
"01340"|"01163"
"01090"|"01165"
"01480"|"01166"
"01140"|"01167"
"01090"|"01169"
"01460"|"01170"
"01100"|"01171"
"01250"|"01172"
"01170"|"01173"
"01130"|"01174"
"01190"|"01175"
"01260"|"01176"
"01250"|"01177"
"01290"|"01179"
"01220"|"01180"
"01100"|"01181"
"01680"|"01182"
"01090"|"01183"
"01250"|"01184"
"01110"|"01185"
"01110"|"01186"
"01260"|"01187"
"01140"|"01188"
"01200"|"01189"
"01680"|"01190"
"01430"|"01191"
"01580"|"01192"
"01300"|"01193"
"01480"|"01194"
"01250"|"01195"
"01340"|"01196"
"01250"|"01197"
"01800"|"01198"
"01640"|"01199"
"01450"|"01200"
"01150"|"01202"
"01290"|"01203"
"01130"|"01204"
"01200"|"01205"
"01430"|"01206"
"01330"|"01207"
"01350"|"01208"
"01200"|"01209"
"01410"|"01210"
"01240"|"01211"
"01560"|"01212"
"01150"|"01213"
"01450"|"01214"
"01420"|"01215"
"01680"|"01216"
"01260"|"01218"
"01680"|"01219"
"01260"|"01221"
"01360"|"01224"
"01090"|"01225"
"01300"|"01227"
"01430"|"01228"
"01340"|"01229"
"01560"|"01230"
"01570"|"01231"
"01851"|"01232"
"01680"|"01233"
"01300"|"01234"
"01240"|"01235"
"01340"|"01236"
"01100"|"01237"
"01600"|"01238"
"01300"|"01239"
"01580"|"01240"
"01370"|"01241"
"01450"|"01242"
"01480"|"01243"
"01800"|"01244"
"01250"|"01245"
"01660"|"01246"
"01410"|"01247"
"01390"|"01248"
"01700"|"01249"
"01600"|"01250"
"01140"|"01252"
"01250"|"01254"
"01470"|"01255"
"01200"|"01257"
"01090"|"01258"
"01310"|"01259"
"01800"|"01260"
"01390"|"01261"
"01120"|"01262"
"01090"|"01263"
"01310"|"01264"
"01460"|"01265"
"01340"|"01266"
"01460"|"01267"
"01300"|"01268"
"01130"|"01269"
"01300"|"01271"
"01400"|"01272"
"01160"|"01273"
"01130"|"01274"
"01700"|"01275"
"01120"|"01276"
"01230"|"01277"
"01230"|"01279"
"01510"|"01280"
"01210"|"01281"
"01430"|"01282"
"01100"|"01283"
"01190"|"01284"
"01600"|"01285"
"01300"|"01286"
"01630"|"01288"
"01960"|"01289"
"01800"|"01290"
"01540"|"01291"
"01260"|"01292"
"01430"|"01293"
"01300"|"01294"
"01140"|"01295"
"01270"|"01296"
"01120"|"01297"
"01130"|"01298"
"01330"|"01299"
"01130"|"01300"
"01310"|"01301"
"01350"|"01302"
"01450"|"01303"
"01160"|"01304"
"01190"|"01305"
"01290"|"01306"
"01460"|"01307"
"01550"|"01308"
"01250"|"01309"
"01300"|"01310"
"01110"|"01311"
"01370"|"01312"
"01280"|"01313"
"01160"|"01314"
"01510"|"01316"
"01250"|"01317"
"01390"|"01318"
"01990"|"01319"
"01750"|"01320"
"01250"|"01321"
"01600"|"01322"
"01190"|"01323"
"01800"|"01325"
"01400"|"01328"
"01510"|"01329"
"01260"|"01330"
"01450"|"01331"
"01380"|"01332"
"01390"|"01333"
"01290"|"01334"
"01240"|"01335"
"01960"|"01336"
"01190"|"01337"
"01300"|"01338"
"01600"|"01339"
"01300"|"01340"
"01300"|"01341"
"01120"|"01342"
"01380"|"01343"
"01000"|"01344"
"01500"|"01345"
"01340"|"01346"
"01600"|"01347"
"01140"|"01348"
"01800"|"01349"
"01370"|"01350"
"01140"|"01351"
"01190"|"01352"
"01600"|"01353"
"01630"|"01354"
"01380"|"01355"
"01400"|"01356"
"01130"|"01357"
"01300"|"01358"
"01240"|"01359"
"01630"|"01360"
"01800"|"01361"
"01390"|"01362"
"01640"|"01363"
"01560"|"01364"
"01290"|"01365"
"01150"|"01366"
"01560"|"01367"
"01540"|"01368"
"01250"|"01369"
"01750"|"01370"
"01390"|"01371"
"01510"|"01372"
"01430"|"01373"
"01160"|"01374"
"01310"|"01375"
"01700"|"01376"
"01800"|"01378"
"01500"|"01379"
"01560"|"01380"
"01320"|"01381"
"01330"|"01382"
"01240"|"01383"
"01230"|"01384"
"01310"|"01385"
"01150"|"01386"
"01340"|"01387"
"01560"|"01388"
"01990"|"01389"
"01150"|"01390"
"01270"|"01391"
"01580"|"01392"
"01400"|"01393"
"01150"|"01396"
"01220"|"01397"
"01480"|"01398"
"01170"|"01399"
"01470"|"01400"
"01630"|"01401"
"01190"|"01402"
"01470"|"01403"
"01450"|"01404"
"01960"|"01405"
"01560"|"01406"
"01420"|"01407"
"01250"|"01408"
"01260"|"01409"
"01580"|"01410"
"01150"|"01411"
"01400"|"01412"
"01420"|"01413"
"01260"|"01414"
"01510"|"01415"
"01230"|"01416"
"01110"|"01417"
"01120"|"01418"
"01710"|"01419"
"01140"|"01420"
"01230"|"01421"
"01250"|"01422"
"01600"|"01423"
"01390"|"01424"
"01160"|"01425"
"01370"|"01426"
"01600"|"01427"
"01140"|"01428"
"01660"|"01429"
"01160"|"01430"
"01150"|"01431"
"01270"|"01432"
"01560"|"01433"
"01330"|"01434"
"01210"|"01435"
"01170"|"01436"
"01560"|"01437"
"01570"|"01439"
"01430"|"01441"
"01260"|"01442"
"01330"|"01443"
"01150"|"01444"
"01270"|"01445"
"01480"|"01446"
"01250"|"01447"
"01200"|"01448"
"01320"|"01449"
"01800"|"01450"
"01440"|"01451"
"01510"|"01452"
"01260"|"01453"
"01300"|"01454"
"01350"|"01456"
"01540"|"01457"
"02300"|"02001"
"02800"|"02002"
"02200"|"02003"
"02340"|"02004"
"02190"|"02005"
"02110"|"02006"
"02820"|"02007"
"02370"|"02008"
"02240"|"02009"
"02320"|"02010"
"02290"|"02011"
"02200"|"02012"
"02190"|"02013"
"02700"|"02014"
"02600"|"02015"
"02800"|"02016"
"02800"|"02017"
"02320"|"02018"
"02480"|"02019"
"02500"|"02020"
"02360"|"02021"
"02130"|"02022"
"02210"|"02023"
"02860"|"02024"
"02480"|"02025"
"02330"|"02026"
"02270"|"02027"
"02840"|"02028"
"02490"|"02029"
"02420"|"02030"
"02500"|"02031"
"02590"|"02032"
"02820"|"02033"
"02300"|"02034"
"02120"|"02035"
"02220"|"02036"
"02000"|"02037"
"02360"|"02038"
"02250"|"02039"
"02580"|"02040"
"02300"|"02041"
"02400"|"02042"
"02290"|"02043"
"02140"|"02044"
"02000"|"02046"
"02000"|"02047"
"02270"|"02048"
"02700"|"02049"
"02170"|"02050"
"02850"|"02051"
"02380"|"02052"
"02330"|"02053"
"02220"|"02054"
"02500"|"02055"
"02300"|"02056"
"02110"|"02057"
"02160"|"02058"
"02800"|"02059"
"02590"|"02060"
"02110"|"02061"
"02400"|"02062"
"02420"|"02063"
"02200"|"02064"
"02420"|"02065"
"02440"|"02066"
"02450"|"02067"
"02250"|"02068"
"02340"|"02069"
"02120"|"02070"
"02290"|"02071"
"02820"|"02072"
"02190"|"02073"
"02800"|"02074"
"02240"|"02075"
"02190"|"02076"
"02200"|"02077"
"02300"|"02078"
"02500"|"02079"
"02870"|"02080"
"02300"|"02081"
"02210"|"02082"
"02130"|"02083"
"02310"|"02084"
"02400"|"02085"
"02300"|"02086"
"02290"|"02087"
"02860"|"02088"
"02200"|"02089"
"02210"|"02090"
"02160"|"02091"
"02300"|"02093"
"02400"|"02094"
"02110"|"02095"
"02270"|"02096"
"02350"|"02097"
"02400"|"02098"
"02400"|"02099"
"02420"|"02100"
"02250"|"02101"
"02860"|"02102"
"02450"|"02103"
"02160"|"02104"
"02400"|"02105"
"02160"|"02106"
"02300"|"02107"
"02000"|"02108"
"02140"|"02109"
"02220"|"02110"
"02320"|"02111"
"02110"|"02112"
"02400"|"02114"
"02000"|"02115"
"02140"|"02116"
"02480"|"02117"
"02880"|"02118"
"02210"|"02119"
"02220"|"02120"
"02210"|"02121"
"02870"|"02122"
"02240"|"02123"
"02240"|"02124"
"02810"|"02125"
"02360"|"02126"
"02130"|"02127"
"02860"|"02128"
"02220"|"02129"
"02500"|"02130"
"02880"|"02131"
"02870"|"02132"
"02350"|"02133"
"02500"|"02134"
"02620"|"02135"
"02140"|"02136"
"02810"|"02137"
"02200"|"02138"
"02300"|"02139"
"02300"|"02140"
"02260"|"02141"
"02680"|"02142"
"02420"|"02143"
"02490"|"02144"
"02300"|"02145"
"02330"|"02146"
"02540"|"02147"
"02370"|"02148"
"02240"|"02149"
"02860"|"02150"
"02870"|"02151"
"02220"|"02152"
"02320"|"02153"
"02200"|"02154"
"02000"|"02155"
"02270"|"02156"
"02000"|"02157"
"02860"|"02158"
"02670"|"02159"
"02340"|"02160"
"02330"|"02161"
"02570"|"02162"
"02310"|"02163"
"02850"|"02164"
"02800"|"02165"
"02400"|"02166"
"02370"|"02167"
"02400"|"02168"
"02270"|"02169"
"02240"|"02170"
"02160"|"02171"
"02200"|"02172"
"02300"|"02173"
"02000"|"02174"
"02880"|"02175"
"02370"|"02176"
"02860"|"02177"
"02860"|"02178"
"02220"|"02179"
"02000"|"02180"
"02360"|"02181"
"02250"|"02182"
"02000"|"02183"
"02270"|"02184"
"02810"|"02185"
"02570"|"02186"
"02400"|"02187"
"02120"|"02188"
"02350"|"02189"
"02880"|"02190"
"02000"|"02191"
"02210"|"02192"
"02130"|"02193"
"02250"|"02194"
"02220"|"02195"
"02000"|"02196"
"02260"|"02197"
"02880"|"02198"
"02440"|"02199"
"02340"|"02200"
"02600"|"02201"
"02210"|"02203"
"02360"|"02204"
"02860"|"02205"
"02120"|"02206"
"02300"|"02207"
"02160"|"02208"
"02330"|"02209"
"02370"|"02210"
"02190"|"02211"
"02700"|"02212"
"02330"|"02213"
"02680"|"02214"
"02820"|"02215"
"02600"|"02216"
"02380"|"02217"
"02840"|"02218"
"02380"|"02219"
"02130"|"02220"
"02310"|"02221"
"02800"|"02222"
"02330"|"02223"
"02220"|"02224"
"02810"|"02225"
"02200"|"02226"
"02130"|"02227"
"02850"|"02228"
"02820"|"02229"
"02220"|"02230"
"02270"|"02231"
"02600"|"02232"
"02130"|"02233"
"02160"|"02234"
"02160"|"02235"
"02380"|"02236"
"02270"|"02237"
"02870"|"02238"
"02650"|"02239"
"02110"|"02240"
"02210"|"02241"
"02310"|"02242"
"02880"|"02243"
"02120"|"02244"
"02880"|"02245"
"02480"|"02246"
"02350"|"02248"
"02220"|"02249"
"02160"|"02250"
"02360"|"02251"
"02160"|"02252"
"02200"|"02253"
"02600"|"02254"
"02220"|"02255"
"02140"|"02256"
"02680"|"02257"
"02470"|"02258"
"02600"|"02259"
"02800"|"02260"
"02270"|"02261"
"02700"|"02262"
"02220"|"02263"
"02340"|"02264"
"02360"|"02265"
"02360"|"02266"
"02600"|"02267"
"02310"|"02268"
"02450"|"02269"
"02590"|"02270"
"02130"|"02271"
"02210"|"02272"
"02480"|"02273"
"02350"|"02274"
"02500"|"02275"
"02260"|"02276"
"02290"|"02277"
"02500"|"02278"
"02400"|"02279"
"02400"|"02280"
"02540"|"02281"
"02840"|"02282"
"02250"|"02283"
"02260"|"02284"
"02170"|"02286"
"02690"|"02287"
"02100"|"02288"
"02570"|"02289"
"02400"|"02290"
"02420"|"02291"
"02400"|"02292"
"02110"|"02293"
"02000"|"02294"
"02580"|"02295"
"02590"|"02296"
"02400"|"02297"
"02510"|"02298"
"02190"|"02299"
"02320"|"02301"
"02600"|"02302"
"02100"|"02303"
"02800"|"02304"
"02130"|"02305"
"02270"|"02306"
"02460"|"02307"
"02450"|"02308"
"02840"|"02309"
"02110"|"02310"
"02000"|"02311"
"02260"|"02312"
"02120"|"02313"
"02520"|"02315"
"02600"|"02316"
"02590"|"02317"
"02670"|"02318"
"02110"|"02319"
"02680"|"02320"
"02140"|"02321"
"02110"|"02322"
"02110"|"02323"
"02170"|"02324"
"02540"|"02325"
"02290"|"02326"
"02590"|"02327"
"02650"|"02328"
"02870"|"02329"
"02760"|"02330"
"02140"|"02331"
"02130"|"02332"
"02380"|"02333"
"02230"|"02334"
"02800"|"02335"
"02700"|"02336"
"02260"|"02337"
"02270"|"02338"
"02810"|"02339"
"02430"|"02340"
"02140"|"02341"
"02260"|"02342"
"02590"|"02343"
"02160"|"02344"
"02440"|"02345"
"02350"|"02346"
"02400"|"02347"
"02160"|"02348"
"02820"|"02349"
"02350"|"02350"
"02130"|"02351"
"02420"|"02352"
"02350"|"02353"
"02360"|"02354"
"02100"|"02355"
"02210"|"02356"
"02140"|"02357"
"02110"|"02358"
"02680"|"02359"
"02190"|"02360"
"02120"|"02361"
"02300"|"02362"
"02300"|"02363"
"02160"|"02364"
"02510"|"02366"
"02480"|"02367"
"02600"|"02368"
"02140"|"02369"
"02420"|"02370"
"02100"|"02371"
"02210"|"02372"
"02140"|"02373"
"02420"|"02374"
"02810"|"02375"
"02120"|"02376"
"02140"|"02377"
"02500"|"02378"
"02120"|"02379"
"02440"|"02380"
"02500"|"02381"
"02760"|"02382"
"02720"|"02383"
"02140"|"02384"
"02250"|"02385"
"02510"|"02386"
"02240"|"02387"
"02360"|"02388"
"02850"|"02389"
"02490"|"02390"
"02140"|"02391"
"02420"|"02392"
"02220"|"02393"
"02380"|"02395"
"02160"|"02396"
"02480"|"02397"
"02880"|"02398"
"02190"|"02399"
"02880"|"02400"
"02140"|"02401"
"02590"|"02402"
"02120"|"02403"
"02140"|"02404"
"02140"|"02405"
"02380"|"02406"
"02000"|"02407"
"02000"|"02408"
"02150"|"02409"
"02600"|"02410"
"02210"|"02411"
"02210"|"02412"
"02860"|"02413"
"02450"|"02414"
"02600"|"02415"
"02140"|"02416"
"02420"|"02417"
"02260"|"02418"
"02170"|"02419"
"02100"|"02420"
"02220"|"02421"
"02120"|"02422"
"02380"|"02423"
"02880"|"02424"
"02500"|"02425"
"02420"|"02426"
"02220"|"02427"
"02810"|"02428"
"02860"|"02429"
"02350"|"02430"
"02700"|"02431"
"02220"|"02432"
"02340"|"02433"
"02320"|"02434"
"02500"|"02435"
"02600"|"02438"
"02160"|"02439"
"02190"|"02440"
"02600"|"02441"
"02130"|"02442"
"02400"|"02443"
"02140"|"02444"
"02500"|"02445"
"02440"|"02446"
"02220"|"02447"
"02350"|"02448"
"02470"|"02449"
"02120"|"02450"
"02420"|"02451"
"02490"|"02452"
"02160"|"02453"
"02190"|"02454"
"02120"|"02455"
"02300"|"02456"
"02350"|"02457"
"02540"|"02458"
"02720"|"02459"
"02250"|"02460"
"02300"|"02461"
"02130"|"02462"
"02140"|"02463"
"02880"|"02464"
"02810"|"02465"
"02470"|"02466"
"02470"|"02467"
"02250"|"02468"
"02120"|"02469"
"02500"|"02470"
"02860"|"02471"
"02820"|"02472"
"02800"|"02473"
"02700"|"02474"
"02190"|"02475"
"02630"|"02476"
"02200"|"02477"
"02000"|"02478"
"02160"|"02479"
"02270"|"02480"
"02720"|"02481"
"02160"|"02482"
"02240"|"02483"
"02650"|"02484"
"02200"|"02485"
"02350"|"02486"
"02880"|"02487"
"02110"|"02488"
"02000"|"02489"
"02000"|"02490"
"02270"|"02491"
"02270"|"02492"
"02840"|"02493"
"02120"|"02494"
"02500"|"02495"
"02470"|"02496"
"02000"|"02497"
"02820"|"02498"
"02000"|"02499"
"02110"|"02500"
"02860"|"02501"
"02340"|"02502"
"02390"|"02503"
"02440"|"02504"
"02540"|"02505"
"02600"|"02506"
"02210"|"02507"
"02860"|"02508"
"02400"|"02509"
"02330"|"02510"
"02110"|"02511"
"02810"|"02512"
"02250"|"02513"
"02290"|"02514"
"02330"|"02515"
"02250"|"02516"
"02270"|"02517"
"02330"|"02518"
"02340"|"02519"
"02220"|"02520"
"02310"|"02521"
"02360"|"02522"
"02220"|"02523"
"02400"|"02524"
"02100"|"02525"
"02360"|"02526"
"02290"|"02527"
"02600"|"02528"
"02270"|"02529"
"02160"|"02530"
"02160"|"02531"
"02610"|"02532"
"02210"|"02533"
"02160"|"02534"
"02140"|"02535"
"02200"|"02536"
"02880"|"02537"
"02210"|"02538"
"02420"|"02539"
"02400"|"02540"
"02190"|"02541"
"02300"|"02542"
"02470"|"02543"
"02500"|"02544"
"02250"|"02545"
"02300"|"02546"
"02250"|"02547"
"02450"|"02548"
"02100"|"02549"
"02860"|"02550"
"02880"|"02551"
"02390"|"02552"
"02150"|"02553"
"02400"|"02554"
"02310"|"02555"
"02340"|"02556"
"02600"|"02557"
"02170"|"02558"
"02270"|"02559"
"02800"|"02560"
"02860"|"02561"
"02290"|"02562"
"02120"|"02563"
"02200"|"02564"
"02160"|"02565"
"02300"|"02566"
"02500"|"02567"
"02600"|"02568"
"02450"|"02569"
"02480"|"02570"
"02100"|"02571"
"02190"|"02572"
"02860"|"02573"
"02550"|"02574"
"02390"|"02575"
"02290"|"02576"
"02370"|"02577"
"02160"|"02578"
"02210"|"02579"
"02210"|"02580"
"02220"|"02581"
"02160"|"02582"
"02860"|"02583"
"02260"|"02584"
"02210"|"02585"
"02360"|"02586"
"02840"|"02587"
"02160"|"02588"
"02000"|"02589"
"02330"|"02590"
"02270"|"02591"
"02240"|"02592"
"02200"|"02593"
"02470"|"02594"
"02850"|"02595"
"02310"|"02596"
"02160"|"02597"
"02200"|"02598"
"02300"|"02599"
"02350"|"02600"
"02190"|"02601"
"02320"|"02602"
"02480"|"02604"
"02240"|"02605"
"02210"|"02606"
"02200"|"02607"
"02140"|"02608"
"02860"|"02609"
"02200"|"02610"
"02160"|"02612"
"02160"|"02613"
"02490"|"02614"
"02490"|"02615"
"02380"|"02616"
"02270"|"02617"
"02110"|"02618"
"02320"|"02619"
"02370"|"02620"
"02860"|"02621"
"02470"|"02622"
"02140"|"02623"
"02120"|"02624"
"02120"|"02625"
"02190"|"02626"
"02190"|"02627"
"02600"|"02628"
"02120"|"02629"
"02300"|"02631"
"02380"|"02632"
"02220"|"02633"
"02360"|"02634"
"02110"|"02635"
"02240"|"02636"
"02100"|"02637"
"02270"|"02638"
"02440"|"02639"
"02240"|"02640"
"02340"|"02641"
"02360"|"02642"
"02290"|"02643"
"02600"|"02644"
"02850"|"02645"
"02160"|"02646"
"02110"|"02647"
"02240"|"02648"
"02210"|"02649"
"02260"|"02650"
"02800"|"02651"
"02140"|"02652"
"02310"|"02653"
"02120"|"02654"
"02130"|"02655"
"02160"|"02656"
"02140"|"02657"
"02590"|"02658"
"02100"|"02659"
"02360"|"02660"
"02000"|"02661"
"02210"|"02662"
"02200"|"02663"
"02540"|"02664"
"02210"|"02665"
"02360"|"02666"
"02200"|"02667"
"02120"|"02668"
"02330"|"02669"
"02260"|"02670"
"02300"|"02671"
"02290"|"02672"
"02290"|"02673"
"02360"|"02674"
"02820"|"02675"
"02820"|"02676"
"02330"|"02677"
"02340"|"02678"
"02810"|"02679"
"02410"|"02680"
"02140"|"02681"
"02220"|"02682"
"02110"|"02683"
"02830"|"02684"
"02410"|"02685"
"02300"|"02686"
"02600"|"02687"
"02140"|"02688"
"02250"|"02689"
"02350"|"02690"
"02100"|"02691"
"02210"|"02693"
"02640"|"02694"
"02220"|"02695"
"02820"|"02696"
"02840"|"02697"
"02880"|"02698"
"02130"|"02699"
"02310"|"02701"
"02590"|"02702"
"02110"|"02703"
"02300"|"02704"
"02150"|"02705"
"02200"|"02706"
"02410"|"02707"
"02420"|"02708"
"02110"|"02709"
"02790"|"02710"
"02220"|"02711"
"02130"|"02712"
"02130"|"02713"
"02220"|"02714"
"02160"|"02715"
"02700"|"02716"
"02240"|"02717"
"02460"|"02718"
"02300"|"02719"
"02150"|"02720"
"02240"|"02721"
"02200"|"02722"
"02340"|"02723"
"02470"|"02724"
"02260"|"02725"
"02480"|"02726"
"02270"|"02727"
"02580"|"02728"
"02600"|"02729"
"02160"|"02730"
"02140"|"02731"
"02240"|"02732"
"02320"|"02733"
"02600"|"02734"
"02220"|"02735"
"02290"|"02736"
"02250"|"02737"
"02700"|"02738"
"02880"|"02739"
"02140"|"02740"
"02390"|"02741"
"02250"|"02742"
"02340"|"02743"
"02810"|"02744"
"02250"|"02745"
"02800"|"02746"
"02490"|"02747"
"02850"|"02748"
"02460"|"02749"
"02300"|"02750"
"02860"|"02751"
"02640"|"02752"
"02120"|"02753"
"02300"|"02754"
"02000"|"02755"
"02690"|"02756"
"02120"|"02757"
"02370"|"02758"
"02140"|"02759"
"02110"|"02760"
"02190"|"02761"
"02290"|"02762"
"02220"|"02763"
"02160"|"02764"
"02000"|"02765"
"02320"|"02766"
"02200"|"02767"
"02320"|"02768"
"02110"|"02769"
"02200"|"02770"
"02160"|"02771"
"02590"|"02772"
"02220"|"02773"
"02490"|"02774"
"02800"|"02775"
"02420"|"02776"
"02540"|"02777"
"02160"|"02778"
"02510"|"02779"
"02200"|"02780"
"02400"|"02781"
"02490"|"02782"
"02120"|"02783"
"02630"|"02784"
"02490"|"02785"
"02380"|"02786"
"02000"|"02787"
"02800"|"02788"
"02140"|"02789"
"02350"|"02790"
"02840"|"02791"
"02810"|"02792"
"02290"|"02793"
"02130"|"02794"
"02290"|"02795"
"02210"|"02796"
"02160"|"02797"
"02540"|"02798"
"02210"|"02799"
"02540"|"02800"
"02340"|"02801"
"02340"|"02802"
"02160"|"02803"
"02210"|"02804"
"02200"|"02805"
"02130"|"02806"
"02300"|"02807"
"02420"|"02808"
"02130"|"02809"
"02600"|"02810"
"02160"|"02811"
"02600"|"02812"
"02240"|"02813"
"02120"|"02814"
"02590"|"02815"
"02130"|"02816"
"02220"|"02817"
"02310"|"02818"
"02340"|"02819"
"02300"|"02820"
"02870"|"02821"
"02600"|"02822"
"02140"|"02823"
"02860"|"02824"
"02140"|"02826"
"02250"|"02827"
"02880"|"02828"
"02880"|"02829"
"02630"|"02830"
"02830"|"02831"
"02120"|"02832"
"02500"|"02833"
"02320"|"02834"
"03200"|"03001"
"03210"|"03002"
"03360"|"03003"
"03120"|"03004"
"03380"|"03005"
"03120"|"03006"
"03420"|"03007"
"03250"|"03008"
"03460"|"03009"
"03190"|"03010"
"03460"|"03011"
"03210"|"03012"
"03000"|"03013"
"03130"|"03014"
"03460"|"03015"
"03140"|"03016"
"03120"|"03017"
"03500"|"03018"
"03230"|"03019"
"03390"|"03020"
"03800"|"03021"
"03330"|"03022"
"03700"|"03023"
"03130"|"03024"
"03340"|"03025"
"03210"|"03026"
"03170"|"03027"
"03120"|"03028"
"03260"|"03029"
"03800"|"03030"
"03170"|"03031"
"03390"|"03032"
"03300"|"03033"
"03150"|"03034"
"03130"|"03035"
"03160"|"03036"
"03360"|"03037"
"03500"|"03038"
"03210"|"03039"
"03000"|"03040"
"03350"|"03041"
"03120"|"03042"
"03110"|"03043"
"03700"|"03044"
"03270"|"03045"
"03440"|"03046"
"03600"|"03047"
"03350"|"03048"
"03500"|"03049"
"03250"|"03050"
"03370"|"03051"
"03170"|"03052"
"03140"|"03053"
"03340"|"03054"
"03380"|"03055"
"03300"|"03056"
"03230"|"03057"
"03390"|"03058"
"03140"|"03059"
"03110"|"03060"
"03800"|"03061"
"03140"|"03062"
"03510"|"03063"
"03320"|"03064"
"03500"|"03065"
"03250"|"03066"
"03220"|"03067"
"03120"|"03068"
"03210"|"03069"
"03440"|"03070"
"03220"|"03071"
"03370"|"03072"
"03210"|"03073"
"03230"|"03074"
"03140"|"03075"
"03230"|"03076"
"03330"|"03077"
"03450"|"03078"
"03220"|"03079"
"03110"|"03080"
"03600"|"03081"
"03600"|"03082"
"03500"|"03083"
"03430"|"03084"
"03000"|"03085"
"03470"|"03086"
"03320"|"03087"
"03370"|"03088"
"03330"|"03089"
"03160"|"03090"
"03150"|"03091"
"03240"|"03092"
"03300"|"03093"
"03300"|"03094"
"03300"|"03095"
"03140"|"03096"
"03170"|"03097"
"03630"|"03098"
"03240"|"03099"
"03290"|"03100"
"03410"|"03101"
"03290"|"03102"
"03130"|"03103"
"03170"|"03104"
"03120"|"03105"
"03310"|"03106"
"03450"|"03107"
"03330"|"03108"
"03110"|"03109"
"03110"|"03110"
"03190"|"03111"
"03140"|"03112"
"03250"|"03113"
"03340"|"03114"
"03140"|"03115"
"03140"|"03116"
"03160"|"03117"
"03800"|"03118"
"03230"|"03119"
"03230"|"03120"
"03400"|"03121"
"03210"|"03122"
"03190"|"03123"
"03340"|"03124"
"03250"|"03125"
"03270"|"03126"
"03190"|"03127"
"03380"|"03128"
"03600"|"03129"
"03360"|"03130"
"03120"|"03131"
"03220"|"03132"
"03800"|"03133"
"03500"|"03134"
"03450"|"03135"
"03380"|"03136"
"03150"|"03137"
"03120"|"03138"
"03250"|"03139"
"03100"|"03140"
"03250"|"03141"
"03130"|"03142"
"03360"|"03143"
"03130"|"03144"
"03410"|"03145"
"03320"|"03146"
"03130"|"03147"
"03500"|"03148"
"03500"|"03149"
"03350"|"03150"
"03600"|"03151"
"03330"|"03152"
"03190"|"03153"
"03130"|"03154"
"03320"|"03155"
"03230"|"03156"
"03260"|"03157"
"03190"|"03158"
"03600"|"03159"
"03260"|"03160"
"03420"|"03161"
"03210"|"03162"
"03270"|"03163"
"03800"|"03164"
"03250"|"03165"
"03800"|"03166"
"03420"|"03167"
"03360"|"03168"
"03500"|"03169"
"03210"|"03170"
"03340"|"03171"
"03370"|"03172"
"03510"|"03173"
"03300"|"03174"
"03140"|"03175"
"03500"|"03176"
"03470"|"03177"
"03130"|"03178"
"03150"|"03179"
"03340"|"03180"
"03130"|"03181"
"03800"|"03182"
"03240"|"03183"
"03000"|"03184"
"03100"|"03185"
"03390"|"03186"
"03150"|"03187"
"03500"|"03188"
"03170"|"03189"
"03000"|"03190"
"03390"|"03191"
"03450"|"03192"
"03190"|"03193"
"03330"|"03194"
"03310"|"03195"
"03130"|"03196"
"03340"|"03197"
"03320"|"03198"
"03000"|"03200"
"03250"|"03201"
"03210"|"03202"
"03230"|"03203"
"03500"|"03204"
"03120"|"03205"
"03420"|"03206"
"03470"|"03207"
"03130"|"03208"
"03800"|"03209"
"03320"|"03210"
"03410"|"03211"
"03380"|"03212"
"03190"|"03213"
"03240"|"03214"
"03150"|"03215"
"03420"|"03216"
"03170"|"03217"
"03160"|"03218"
"03390"|"03219"
"03800"|"03220"
"03360"|"03221"
"03190"|"03222"
"03120"|"03223"
"03250"|"03224"
"03370"|"03225"
"03130"|"03226"
"03110"|"03227"
"03370"|"03228"
"03400"|"03229"
"03300"|"03230"
"03420"|"03231"
"03260"|"03232"
"03310"|"03233"
"03340"|"03234"
"03150"|"03235"
"03260"|"03236"
"03140"|"03237"
"03440"|"03238"
"03130"|"03239"
"03220"|"03240"
"03160"|"03241"
"03150"|"03242"
"03390"|"03243"
"03420"|"03244"
"03230"|"03245"
"03380"|"03246"
"03210"|"03247"
"03250"|"03248"
"03370"|"03249"
"042620"|"03250"
"03160"|"03251"
"03110"|"03252"
"03290"|"03253"
"03500"|"03254"
"03800"|"03255"
"03390"|"03256"
"03120"|"03257"
"03110"|"03258"
"03370"|"03259"
"03240"|"03260"
"03420"|"03261"
"03410"|"03262"
"03220"|"03263"
"03270"|"03264"
"03470"|"03265"
"03150"|"03266"
"03500"|"03267"
"03800"|"03268"
"03430"|"03269"
"03390"|"03270"
"03700"|"03271"
"03120"|"03272"
"03260"|"03273"
"03220"|"03274"
"03210"|"03275"
"03450"|"03276"
"03140"|"03277"
"03140"|"03278"
"03410"|"03279"
"03420"|"03280"
"03240"|"03281"
"03350"|"03282"
"03230"|"03283"
"03220"|"03284"
"03430"|"03285"
"03400"|"03286"
"03240"|"03287"
"03380"|"03288"
"03220"|"03289"
"03460"|"03290"
"03220"|"03291"
"03240"|"03292"
"03360"|"03293"
"03140"|"03294"
"03330"|"03295"
"03360"|"03296"
"03190"|"03297"
"03150"|"03298"
"03220"|"03299"
"03220"|"03300"
"03190"|"03301"
"03450"|"03302"
"03190"|"03303"
"03110"|"03304"
"03190"|"03305"
"03200"|"03306"
"03500"|"03307"
"03390"|"03308"
"03320"|"03309"
"03200"|"03310"
"03450"|"03311"
"03430"|"03312"
"03350"|"03313"
"03310"|"03314"
"03430"|"03315"
"03460"|"03316"
"03370"|"03317"
"03360"|"03318"
"03140"|"03319"
"03160"|"03320"
"03400"|"03321"
"04510"|"04001"
"04500"|"04004"
"04170"|"04005"
"04260"|"04006"
"04170"|"04007"
"04240"|"04008"
"04420"|"04009"
"04110"|"04012"
"04200"|"04013"
"04200"|"04016"
"04140"|"04017"
"04150"|"04018"
"04400"|"04019"
"04140"|"04020"
"04380"|"04021"
"04330"|"04022"
"04250"|"04023"
"04420"|"04024"
"04370"|"04025"
"04250"|"04026"
"04200"|"04027"
"04270"|"04028"
"04330"|"04030"
"04270"|"04031"
"04240"|"04032"
"04340"|"04033"
"04700"|"04034"
"04210"|"04035"
"04420"|"04036"
"04250"|"04037"
"04120"|"04039"
"04380"|"04040"
"04700"|"04041"
"04320"|"04042"
"04320"|"04043"
"04280"|"04045"
"04510"|"04046"
"04660"|"04047"
"04160"|"04049"
"04250"|"04050"
"04200"|"04051"
"04200"|"04053"
"04270"|"04054"
"04330"|"04055"
"04250"|"04057"
"05110"|"04058"
"04330"|"04059"
"04370"|"04061"
"04530"|"04062"
"04220"|"04063"
"04230"|"04065"
"05110"|"04066"
"04200"|"04067"
"04300"|"04068"
"04120"|"04069"
"04000"|"04070"
"04420"|"04072"
"04400"|"04073"
"04000"|"04074"
"04200"|"04075"
"04320"|"04076"
"04700"|"04077"
"04160"|"04079"
"04800"|"04081"
"04270"|"04084"
"04250"|"04085"
"04400"|"04086"
"04230"|"04087"
"04300"|"04088"
"04240"|"04090"
"04310"|"04091"
"04120"|"04092"
"04250"|"04093"
"04800"|"04094"
"04150"|"04095"
"04850"|"04096"
"04420"|"04097"
"04170"|"04099"
"04530"|"04100"
"04230"|"04101"
"04340"|"04102"
"04300"|"04104"
"04700"|"04106"
"04270"|"04107"
"04350"|"04108"
"04230"|"04109"
"04510"|"04110"
"04300"|"04111"
"04100"|"04112"
"04420"|"04113"
"04240"|"04115"
"04190"|"04116"
"04250"|"04118"
"04530"|"04120"
"04270"|"04121"
"04510"|"04122"
"04200"|"04123"
"04500"|"04124"
"04140"|"04126"
"04600"|"04127"
"04110"|"04128"
"04110"|"04129"
"04230"|"04130"
"04150"|"04132"
"04170"|"04133"
"04250"|"04134"
"04360"|"04135"
"04170"|"04136"
"04250"|"04137"
"04300"|"04138"
"04200"|"04139"
"04200"|"04140"
"04230"|"04141"
"04110"|"04142"
"04700"|"04143"
"04120"|"04144"
"04200"|"04145"
"04120"|"04148"
"04310"|"04149"
"05130"|"04150"
"04300"|"04151"
"04860"|"04152"
"05160"|"04154"
"04420"|"04155"
"04700"|"04156"
"04410"|"04157"
"04500"|"04158"
"04150"|"04159"
"04110"|"04160"
"04340"|"04161"
"04150"|"04162"
"04150"|"04163"
"04230"|"04164"
"04500"|"04166"
"04000"|"04167"
"04150"|"04169"
"06260"|"04170"
"04120"|"04171"
"04500"|"04172"
"04170"|"04173"
"04240"|"04174"
"04110"|"04175"
"04500"|"04176"
"04380"|"04177"
"04230"|"04178"
"04200"|"04179"
"04330"|"04180"
"04270"|"04181"
"04270"|"04182"
"04170"|"04183"
"04410"|"04184"
"04500"|"04186"
"04330"|"04187"
"04300"|"04188"
"04800"|"04189"
"04300"|"04190"
"04140"|"04191"
"04870"|"04192"
"04530"|"04193"
"06260"|"04194"
"04400"|"04195"
"04220"|"04197"
"04340"|"04198"
"04200"|"04199"
"04290"|"04200"
"04150"|"04201"
"04320"|"04202"
"04140"|"04203"
"04330"|"04204"
"04140"|"04205"
"04300"|"04206"
"04200"|"04207"
"04150"|"04208"
"04200"|"04209"
"04120"|"04210"
"04290"|"04211"
"04330"|"04214"
"04200"|"04216"
"04380"|"04217"
"04170"|"04218"
"04170"|"04219"
"04400"|"04220"
"04250"|"04222"
"04240"|"04224"
"04400"|"04226"
"04110"|"04227"
"04250"|"04228"
"04200"|"04229"
"04210"|"04230"
"04200"|"04231"
"04200"|"04233"
"05130"|"04234"
"04140"|"04235"
"04170"|"04236"
"04140"|"04237"
"04370"|"04240"
"04110"|"04241"
"04180"|"04242"
"04290"|"04244"
"04130"|"04245"
"05460"|"05001"
"05250"|"05002"
"05470"|"05003"
"05260"|"05004"
"05300"|"05005"
"05120"|"05006"
"05350"|"05007"
"05140"|"05008"
"05800"|"05009"
"05140"|"05010"
"05230"|"05011"
"05200"|"05012"
"05110"|"05013"
"05300"|"05014"
"05700"|"05016"
"05230"|"05017"
"05000"|"05018"
"05140"|"05019"
"05500"|"05020"
"05700"|"05021"
"05190"|"05022"
"05100"|"05023"
"05150"|"05024"
"05500"|"05025"
"05600"|"05026"
"05100"|"05027"
"05400"|"05028"
"05260"|"05029"
"05310"|"05031"
"05260"|"05032"
"05700"|"05033"
"05300"|"05034"
"05400"|"05035"
"05380"|"05036"
"05000"|"05037"
"05350"|"05038"
"05800"|"05039"
"05230"|"05040"
"05250"|"05042"
"05500"|"05043"
"05200"|"05044"
"05200"|"05045"
"05200"|"05046"
"05300"|"05047"
"05700"|"05048"
"05110"|"05049"
"05190"|"05050"
"05700"|"05051"
"05600"|"05052"
"05300"|"05053"
"05500"|"05054"
"05140"|"05055"
"05260"|"05056"
"05130"|"05057"
"05310"|"05058"
"05000"|"05059"
"05400"|"05060"
"05000"|"05061"
"05800"|"05062"
"05320"|"05063"
"05800"|"05064"
"05600"|"05065"
"05140"|"05066"
"05500"|"05067"
"05130"|"05068"
"05300"|"05069"
"05300"|"05070"
"05110"|"05071"
"05500"|"05072"
"05300"|"05073"
"05130"|"05074"
"05400"|"05075"
"05700"|"05076"
"05350"|"05077"
"05110"|"05078"
"05220"|"05079"
"05140"|"05080"
"05700"|"05081"
"05600"|"05082"
"05230"|"05084"
"05100"|"05085"
"05150"|"05086"
"05400"|"05087"
"05150"|"05088"
"05700"|"05089"
"05500"|"05090"
"05150"|"05091"
"05000"|"05092"
"05100"|"05093"
"05700"|"05094"
"05500"|"05095"
"05170"|"05096"
"05700"|"05097"
"05200"|"05098"
"05400"|"05099"
"05000"|"05100"
"05340"|"05101"
"05700"|"05102"
"05300"|"05103"
"05500"|"05104"
"05230"|"05106"
"05100"|"05107"
"05200"|"05108"
"05100"|"05109"
"05290"|"05110"
"05200"|"05111"
"05400"|"05112"
"05000"|"05113"
"05160"|"05114"
"05190"|"05115"
"05600"|"05116"
"05150"|"05117"
"05300"|"05118"
"05600"|"05119"
"05460"|"05120"
"05190"|"05121"
"05310"|"05122"
"05400"|"05123"
"05000"|"05124"
"05150"|"05126"
"05190"|"05127"
"05200"|"05128"
"05150"|"05129"
"05160"|"05130"
"05400"|"05131"
"05500"|"05132"
"05330"|"05133"
"05600"|"05134"
"05700"|"05135"
"05600"|"05136"
"05250"|"05138"
"05250"|"05139"
"05130"|"05140"
"05500"|"05141"
"05800"|"05142"
"05300"|"05143"
"05800"|"05144"
"05260"|"05145"
"05140"|"05146"
"05500"|"05147"
"05500"|"05148"
"05260"|"05149"
"05150"|"05150"
"05120"|"05151"
"05800"|"05152"
"05260"|"05153"
"05140"|"05154"
"05300"|"05155"
"05200"|"05156"
"05350"|"05157"
"05400"|"05158"
"05300"|"05159"
"05300"|"05160"
"05240"|"05161"
"05110"|"05162"
"05160"|"05163"
"05160"|"05164"
"05700"|"05165"
"05700"|"05166"
"05700"|"05167"
"05130"|"05168"
"05150"|"05169"
"05130"|"05170"
"05190"|"05171"
"05700"|"05172"
"05300"|"05173"
"05100"|"05174"
"05290"|"05175"
"05130"|"05176"
"05560"|"05177"
"05300"|"05178"
"05400"|"05179"
"05120"|"05180"
"05480"|"05181"
"05800"|"05182"
"05100"|"05183"
"05110"|"05184"
"06910"|"06001"
"06910"|"06002"
"06750"|"06003"
"06260"|"06005"
"06790"|"06006"
"06810"|"06007"
"06260"|"06008"
"06420"|"06009"
"06620"|"06010"
"06310"|"06011"
"06240"|"06012"
"06450"|"06013"
"06390"|"06014"
"06390"|"06015"
"06470"|"06016"
"06510"|"06017"
"06410"|"06018"
"06440"|"06019"
"06450"|"06020"
"06830"|"06021"
"06510"|"06022"
"06540"|"06023"
"06850"|"06024"
"06510"|"06025"
"06530"|"06026"
"06800"|"06027"
"06750"|"06028"
"06110"|"06030"
"06340"|"06031"
"06320"|"06032"
"06510"|"06033"
"06670"|"06034"
"06500"|"06035"
"06500"|"06036"
"06460"|"06037"
"06740"|"06038"
"06390"|"06039"
"06470"|"06040"
"06620"|"06041"
"06420"|"06042"
"06390"|"06043"
"06480"|"06044"
"06910"|"06045"
"06670"|"06046"
"06510"|"06047"
"06390"|"06048"
"06620"|"06049"
"06140"|"06050"
"06260"|"06051"
"06910"|"06052"
"06470"|"06053"
"06340"|"06054"
"06670"|"06055"
"06470"|"06056"
"06440"|"06057"
"06460"|"06058"
"06360"|"06059"
"06950"|"06060"
"06510"|"06061"
"06540"|"06062"
"06850"|"06063"
"06510"|"06064"
"06610"|"06065"
"06830"|"06066"
"06500"|"06067"
"06620"|"06068"
"06620"|"06070"
"06470"|"06071"
"06420"|"06072"
"06420"|"06073"
"06450"|"06074"
"06670"|"06075"
"06260"|"06076"
"06440"|"06077"
"06710"|"06078"
"06210"|"06079"
"06420"|"06080"
"06910"|"06081"
"06710"|"06082"
"06500"|"06083"
"06370"|"06084"
"06250"|"06085"
"06380"|"06086"
"06910"|"06087"
"06000"|"06088"
"06650"|"06089"
"06580"|"06090"
"06440"|"06091"
"06440"|"06092"
"06260"|"06093"
"06470"|"06094"
"06530"|"06095"
"06260"|"06096"
"06910"|"06097"
"06260"|"06098"
"06260"|"06099"
"06830"|"06100"
"06260"|"06101"
"06420"|"06102"
"06450"|"06103"
"06190"|"06104"
"06330"|"06105"
"06910"|"06106"
"06910"|"06107"
"06550"|"06108"
"06670"|"06109"
"06420"|"06110"
"06420"|"06111"
"06650"|"06112"
"06500"|"06113"
"06730"|"06114"
"06260"|"06115"
"06850"|"06116"
"06670"|"06117"
"06530"|"06118"
"06660"|"06119"
"06660"|"06120"
"06230"|"06121"
"06640"|"06122"
"06700"|"06123"
"06260"|"06124"
"06470"|"06125"
"06670"|"06126"
"06450"|"06127"
"06570"|"06128"
"06420"|"06129"
"06460"|"06130"
"06910"|"06131"
"06540"|"06132"
"06470"|"06133"
"06750"|"06134"
"06910"|"06135"
"06380"|"06136"
"06530"|"06137"
"06590"|"06138"
"06710"|"06139"
"06530"|"06140"
"06830"|"06141"
"06440"|"06142"
"06710"|"06143"
"06420"|"06144"
"06830"|"06145"
"06420"|"06146"
"06690"|"06147"
"06140"|"06148"
"06340"|"06149"
"06320"|"06150"
"06450"|"06151"
"06560"|"06152"
"06420"|"06153"
"06750"|"06154"
"06220"|"06155"
"06450"|"06156"
"06140"|"06157"
"06710"|"06158"
"06230"|"06159"
"06470"|"06160"
"06270"|"06161"
"06430"|"06162"
"06430"|"06163"
"07160"|"07001"
"07200"|"07002"
"07530"|"07003"
"07000"|"07004"
"07400"|"07005"
"07190"|"07006"
"07440"|"07007"
"07210"|"07008"
"07340"|"07009"
"07100"|"07010"
"07530"|"07011"
"07310"|"07012"
"07290"|"07013"
"07410"|"07014"
"07370"|"07015"
"07600"|"07016"
"07140"|"07017"
"07330"|"07018"
"07200"|"07019"
"07400"|"07020"
"07210"|"07022"
"07120"|"07023"
"07460"|"07024"
"07330"|"07025"
"07630"|"07026"
"07800"|"07027"
"07460"|"07028"
"07110"|"07029"
"07190"|"07030"
"07460"|"07031"
"07580"|"07032"
"07150"|"07033"
"07700"|"07034"
"07440"|"07035"
"07340"|"07036"
"07310"|"07037"
"07590"|"07038"
"07410"|"07039"
"07270"|"07040"
"07100"|"07041"
"07700"|"07042"
"07340"|"07044"
"07450"|"07045"
"07590"|"07047"
"07240"|"07048"
"07160"|"07049"
"07140"|"07050"
"07340"|"07051"
"07440"|"07052"
"07230"|"07053"
"07310"|"07054"
"07800"|"07055"
"07340"|"07056"
"07110"|"07058"
"07130"|"07059"
"07240"|"07060"
"07120"|"07061"
"07110"|"07062"
"07300"|"07063"
"07160"|"07064"
"07380"|"07065"
"07210"|"07066"
"07430"|"07067"
"07270"|"07068"
"07410"|"07069"
"07130"|"07070"
"07470"|"07071"
"07000"|"07072"
"07270"|"07073"
"07000"|"07074"
"07630"|"07075"
"07350"|"07076"
"07170"|"07077"
"07430"|"07078"
"07570"|"07079"
"07320"|"07080"
"07260"|"07081"
"07160"|"07082"
"07360"|"07083"
"07370"|"07084"
"07270"|"07085"
"07300"|"07086"
"07380"|"07087"
"07230"|"07088"
"07340"|"07089"
"07000"|"07090"
"07200"|"07091"
"07000"|"07092"
"07530"|"07093"
"07800"|"07094"
"07270"|"07095"
"07190"|"07096"
"07300"|"07097"
"07000"|"07098"
"07700"|"07099"
"07140"|"07100"
"07120"|"07101"
"07500"|"07102"
#VALEUR!
"07190"|"07104"
"07510"|"07105"
"07470"|"07106"
"07380"|"07107"
"07160"|"07108"
"07110"|"07109"
"07260"|"07110"
"07600"|"07111"
"07600"|"07112"
"07150"|"07113"
"07570"|"07114"
"07120"|"07115"
"07200"|"07116"
"07230"|"07117"
"07110"|"07118"
"07470"|"07119"
"07530"|"07120"
"07470"|"07121"
"07200"|"07122"
"07310"|"07123"
"07520"|"07124"
"07150"|"07126"
"07380"|"07127"
"07520"|"07128"
"07270"|"07129"
"07660"|"07130"
"07200"|"07131"
"07110"|"07132"
"07220"|"07133"
"07110"|"07134"
"07590"|"07135"
"048250"|"07136"
"07660"|"07137"
"07170"|"07138"
"07530"|"07139"
"07610"|"07140"
"07200"|"07141"
"07660"|"07142"
"07340"|"07143"
"07110"|"07144"
"07170"|"07145"
"07000"|"07146"
"07140"|"07147"
"07140"|"07148"
"07190"|"07149"
"07160"|"07150"
"07320"|"07151"
"07300"|"07152"
"07330"|"07153"
"07510"|"07154"
"07200"|"07155"
"07380"|"07156"
"07400"|"07157"
"07530"|"07158"
"07170"|"07159"
"07690"|"07160"
"07560"|"07161"
"07110"|"07162"
"07140"|"07163"
"07160"|"07165"
"07270"|"07166"
"07360"|"07167"
"07150"|"07168"
"07370"|"07169"
"07410"|"07170"
"07230"|"07171"
"07340"|"07172"
"07450"|"07173"
"07340"|"07174"
"07590"|"07175"
"07230"|"07176"
"07300"|"07177"
"07380"|"07178"
"07000"|"07179"
"07250"|"07181"
"07380"|"07182"
"07120"|"07183"
"07000"|"07184"
"07290"|"07185"
"07000"|"07186"
"07110"|"07187"
"07290"|"07188"
"07260"|"07189"
"07200"|"07190"
"07400"|"07191"
"07320"|"07192"
"07110"|"07193"
"07210"|"07194"
"07310"|"07195"
"07110"|"07196"
"07100"|"07197"
"07250"|"07198"
"07260"|"07199"
"07560"|"07200"
"07120"|"07201"
"07260"|"07202"
"07450"|"07203"
"07320"|"07204"
"07790"|"07205"
"07590"|"07206"
"07120"|"07207"
"07170"|"07208"
"07160"|"07209"
"07600"|"07210"
"07460"|"07211"
"07690"|"07212"
"07230"|"07213"
"07240"|"07214"
"07160"|"07215"
"07270"|"07216"
"07300"|"07217"
"07270"|"07218"
"07210"|"07219"
"07160"|"07220"
"07800"|"07221"
"07160"|"07222"
"07380"|"07223"
"07510"|"07224"
"07430"|"07225"
"07310"|"07226"
"07430"|"07227"
"07340"|"07228"
"07200"|"07229"
"07200"|"07230"
"07200"|"07231"
"07590"|"07232"
"07190"|"07233"
"07340"|"07234"
"07510"|"07235"
"07410"|"07236"
"07360"|"07237"
"07230"|"07238"
"07190"|"07239"
"07800"|"07240"
"07170"|"07241"
"07580"|"07242"
"07340"|"07243"
"07240"|"07244"
"07300"|"07245"
"07580"|"07247"
"07160"|"07248"
"07320"|"07249"
"07290"|"07250"
"07530"|"07251"
"07310"|"07252"
"07190"|"07253"
"07200"|"07254"
"07000"|"07255"
"07160"|"07256"
"07240"|"07257"
"07690"|"07258"
"07700"|"07259"
"07210"|"07260"
"07800"|"07261"
"07590"|"07262"
"07170"|"07263"
"07700"|"07264"
"07100"|"07265"
"07140"|"07266"
"07310"|"07267"
"07700"|"07268"
"07310"|"07269"
"07400"|"07270"
"07200"|"07272"
"07170"|"07273"
"07190"|"07274"
"07260"|"07275"
"07160"|"07276"
"07200"|"07277"
"07360"|"07278"
"07220"|"07279"
"07460"|"07280"
"07130"|"07281"
"07450"|"07282"
"07400"|"07283"
"07140"|"07284"
"07520"|"07285"
"07190"|"07286"
"07580"|"07287"
"07000"|"07288"
"07200"|"07289"
"07270"|"07290"
"07700"|"07291"
"07290"|"07292"
"07130"|"07293"
"07460"|"07294"
"07190"|"07295"
"07200"|"07296"
"07440"|"07297"
"07210"|"07298"
"07290"|"07299"
"07220"|"07300"
"07410"|"07301"
"07210"|"07302"
"07360"|"07303"
"07150"|"07304"
"07140"|"07305"
"07120"|"07306"
"07110"|"07307"
"07370"|"07308"
"07290"|"07309"
"07430"|"07310"
"07400"|"07311"
"07610"|"07312"
"07340"|"07313"
"07240"|"07314"
"07380"|"07315"
"07130"|"07316"
"07340"|"07317"
"07110"|"07318"
"07400"|"07319"
"07340"|"07321"
"07330"|"07322"
"07130"|"07323"
"07300"|"07324"
"07200"|"07325"
"07510"|"07326"
"07110"|"07327"
"07150"|"07328"
"07110"|"07329"
"07150"|"07330"
"07600"|"07331"
"07400"|"07332"
"07690"|"07333"
"07140"|"07334"
"07410"|"07335"
"07260"|"07336"
"07430"|"07337"
"07240"|"07338"
"07200"|"07339"
"07000"|"07340"
"07170"|"07341"
"07690"|"07342"
"07110"|"07343"
"07340"|"07344"
"07610"|"07345"
"07220"|"07346"
"07690"|"07347"
"07200"|"07348"
"07800"|"07349"
"08300"|"08001"
"08090"|"08003"
"08190"|"08004"
"08310"|"08005"
"08130"|"08006"
"08400"|"08007"
"08300"|"08008"
"08210"|"08009"
"08130"|"08010"
"08500"|"08011"
"08450"|"08013"
"08310"|"08014"
"08260"|"08015"
"08290"|"08016"
"08250"|"08017"
"08400"|"08018"
"08390"|"08019"
"08390"|"08020"
"08300"|"08021"
"08090"|"08022"
"08390"|"08023"
"08190"|"08024"
"08130"|"08025"
"08150"|"08026"
"08270"|"08027"
"08320"|"08028"
"08370"|"08029"
"08380"|"08030"
"08400"|"08031"
"08310"|"08032"
"08240"|"08033"
"08210"|"08034"
"08240"|"08035"
"08250"|"08036"
"08260"|"08037"
"08300"|"08038"
"08190"|"08039"
"08000"|"08040"
"08430"|"08041"
"08160"|"08042"
"08200"|"08043"
"08190"|"08044"
"08400"|"08045"
"08220"|"08046"
"08430"|"08047"
"08300"|"08048"
"08240"|"08049"
"08240"|"08052"
"08140"|"08053"
"08210"|"08055"
"08250"|"08056"
"08240"|"08057"
"08090"|"08058"
"08240"|"08059"
"08300"|"08060"
"08240"|"08061"
"08300"|"08062"
"08450"|"08063"
"08300"|"08064"
"08370"|"08065"
"08310"|"08066"
"08110"|"08067"
"08290"|"08069"
"08190"|"08070"
"08260"|"08071"
"08350"|"08072"
"08290"|"08073"
"08250"|"08074"
"08240"|"08075"
"08410"|"08076"
"08400"|"08077"
"08230"|"08078"
"08160"|"08079"
"08430"|"08080"
"08120"|"08081"
"08400"|"08082"
"08140"|"08083"
"08190"|"08084"
"08240"|"08085"
"08240"|"08086"
"08380"|"08087"
"08450"|"08088"
"08240"|"08089"
"08110"|"08090"
"08310"|"08092"
"08260"|"08094"
"08430"|"08095"
"08160"|"08096"
"08400"|"08097"
"08250"|"08098"
"08430"|"08099"
"08260"|"08100"
"08200"|"08101"
"08220"|"08102"
"08130"|"08103"
"08400"|"08104"
"08000"|"08105"
"08600"|"08106"
"08360"|"08107"
"08250"|"08109"
"08150"|"08110"
"08300"|"08111"
"08220"|"08113"
"08350"|"08114"
"08450"|"08115"
"08390"|"08116"
"08270"|"08117"
"08350"|"08119"
"08250"|"08120"
"08260"|"08121"
"08600"|"08122"
"08130"|"08123"
"08460"|"08124"
"08090"|"08125"
"08360"|"08126"
"08250"|"08128"
"08400"|"08130"
"08250"|"08131"
"08270"|"08132"
"08300"|"08133"
"08130"|"08134"
"08400"|"08135"
"08140"|"08136"
"08090"|"08137"
"08110"|"08138"
"08800"|"08139"
"08160"|"08140"
"08460"|"08141"
"08350"|"08142"
"08220"|"08143"
"08300"|"08144"
"08140"|"08145"
"08220"|"08146"
"08310"|"08147"
"08300"|"08148"
"08150"|"08149"
"08300"|"08150"
"08130"|"08151"
"08160"|"08152"
"08110"|"08153"
"08260"|"08154"
"08260"|"08155"
"08260"|"08156"
"08160"|"08158"
"08210"|"08159"
"08090"|"08160"
"08250"|"08161"
"08090"|"08162"
"08270"|"08163"
"08400"|"08164"
"08270"|"08165"
"08170"|"08166"
"08290"|"08167"
"08370"|"08168"
"08260"|"08169"
"08200"|"08170"
"08250"|"08171"
"08380"|"08172"
"08160"|"08173"
"08200"|"08174"
"08600"|"08175"
"08240"|"08176"
"08220"|"08178"
"08140"|"08179"
"08000"|"08180"
"08290"|"08182"
"08600"|"08183"
"08370"|"08184"
"08170"|"08185"
"08240"|"08186"
"08440"|"08187"
"08700"|"08188"
"08260"|"08189"
"08600"|"08190"
"08200"|"08191"
"08220"|"08192"
"08130"|"08193"
"08200"|"08194"
"08190"|"08195"
"08270"|"08196"
"08250"|"08197"
"08250"|"08198"
"08700"|"08199"
"08400"|"08200"
"08430"|"08201"
"08230"|"08202"
"08430"|"08203"
"08130"|"08204"
"08430"|"08205"
"08090"|"08206"
"08600"|"08207"
"08290"|"08208"
"08160"|"08209"
"08220"|"08210"
"08450"|"08211"
"08150"|"08212"
"08170"|"08214"
"08240"|"08215"
"08090"|"08216"
"08800"|"08217"
"08800"|"08218"
"08300"|"08219"
"08310"|"08220"
"08170"|"08222"
"08370"|"08223"
"08360"|"08225"
"08320"|"08226"
"08430"|"08228"
"08190"|"08229"
"08090"|"08230"
"08200"|"08232"
"08240"|"08233"
"08300"|"08234"
"08440"|"08235"
"08430"|"08236"
"08700"|"08237"
"08130"|"08238"
"08310"|"08239"
"08270"|"08240"
"08800"|"08242"
"08460"|"08243"
"08130"|"08244"
"08250"|"08245"
"08240"|"08246"
"08600"|"08247"
"08430"|"08248"
"08150"|"08249"
"08310"|"08250"
"08150"|"08251"
"08210"|"08252"
"08290"|"08254"
"08110"|"08255"
"08400"|"08256"
"08150"|"08257"
"08400"|"08259"
"08150"|"08260"
"08390"|"08261"
"08300"|"08262"
"08440"|"08263"
"08310"|"08264"
"08140"|"08267"
"08450"|"08268"
"08370"|"08269"
"08400"|"08271"
"08460"|"08272"
"08260"|"08273"
"08250"|"08274"
"08370"|"08275"
"08370"|"08276"
"08290"|"08277"
"08390"|"08278"
"08400"|"08279"
"08400"|"08280"
"08110"|"08281"
"08260"|"08282"
"08430"|"08283"
"08500"|"08284"
"08310"|"08286"
"08310"|"08287"
"08270"|"08288"
"08110"|"08289"
"08110"|"08291"
"08370"|"08293"
"08140"|"08294"
"08430"|"08295"
"08250"|"08296"
"08090"|"08297"
"08090"|"08298"
"08390"|"08300"
"08390"|"08301"
"08800"|"08302"
"08400"|"08303"
"08170"|"08304"
"08430"|"08305"
"08130"|"08306"
"08220"|"08307"
"08400"|"08308"
"08310"|"08309"
"08250"|"08310"
"08210"|"08311"
"08150"|"08312"
"08300"|"08313"
"08300"|"08314"
"08460"|"08315"
"08700"|"08316"
"08450"|"08317"
"08380"|"08318"
"08380"|"08319"
"08310"|"08320"
"08130"|"08321"
"08090"|"08322"
"08270"|"08323"
"08430"|"08324"
"08400"|"08325"
"08240"|"08326"
"08160"|"08327"
"08700"|"08328"
"08270"|"08329"
"08300"|"08330"
"08350"|"08331"
"08240"|"08332"
"08250"|"08333"
"08450"|"08334"
"08430"|"08335"
"08110"|"08336"
"08310"|"08338"
"08300"|"08339"
"08190"|"08340"
"08430"|"08341"
"08140"|"08342"
"08140"|"08343"
"08290"|"08344"
"08000"|"08346"
"08370"|"08347"
"08270"|"08348"
"08110"|"08349"
"08400"|"08350"
"08400"|"08351"
"08430"|"08352"
"08600"|"08353"
"08450"|"08354"
"08230"|"08355"
"08220"|"08356"
"08450"|"08357"
"08150"|"08358"
"08220"|"08360"
"08150"|"08361"
"08300"|"08362"
"08500"|"08363"
"08130"|"08364"
"08150"|"08365"
"08220"|"08366"
"08230"|"08367"
"08190"|"08368"
"08220"|"08369"
"08150"|"08370"
"08140"|"08371"
"08220"|"08372"
"08290"|"08373"
"08130"|"08374"
"08110"|"08375"
"08110"|"08376"
"08350"|"08377"
"08310"|"08378"
"08310"|"08379"
"08360"|"08380"
"08190"|"08381"
"08220"|"08382"
"08250"|"08383"
"08130"|"08384"
"08090"|"08385"
"08300"|"08386"
"08130"|"08387"
"08160"|"08388"
"08460"|"08389"
"08400"|"08390"
"08200"|"08391"
"08400"|"08392"
"08310"|"08393"
"08240"|"08394"
"08430"|"08395"
"08220"|"08396"
"08300"|"08397"
"08130"|"08398"
"08370"|"08399"
"08160"|"08400"
"08130"|"08401"
"08270"|"08402"
"08300"|"08403"
"08190"|"08404"
"08390"|"08405"
"08400"|"08406"
"08250"|"08407"
"08150"|"08408"
"08200"|"08409"
"08400"|"08410"
"08130"|"08411"
"08250"|"08412"
"08220"|"08413"
"08270"|"08415"
"08300"|"08416"
"08230"|"08417"
"08220"|"08418"
"08460"|"08419"
"08380"|"08420"
"08370"|"08421"
"08430"|"08422"
"08240"|"08424"
"08250"|"08425"
"08300"|"08426"
"08300"|"08427"
"08270"|"08428"
"08150"|"08429"
"08390"|"08430"
"08400"|"08431"
"08090"|"08432"
"08130"|"08433"
"08390"|"08434"
"08300"|"08435"
"08230"|"08436"
"08240"|"08437"
"08360"|"08438"
"08390"|"08439"
"08380"|"08440"
"08250"|"08441"
"08400"|"08443"
"08110"|"08444"
"08350"|"08445"
"08240"|"08446"
"08800"|"08448"
"08460"|"08449"
"08090"|"08450"
"08190"|"08451"
"08300"|"08452"
"08400"|"08453"
"08430"|"08454"
"08400"|"08455"
"08800"|"08456"
"08090"|"08457"
"08130"|"08458"
"08110"|"08459"
"08150"|"08460"
"08400"|"08461"
"08130"|"08462"
"08240"|"08463"
"08250"|"08464"
"08220"|"08465"
"08210"|"08466"
"08270"|"08467"
"08150"|"08468"
"08160"|"08469"
"08240"|"08470"
"08390"|"08471"
"08270"|"08472"
"08190"|"08473"
"08140"|"08475"
"08190"|"08476"
"08210"|"08477"
"08430"|"08478"
"08430"|"08479"
"08000"|"08480"
"08350"|"08481"
"08430"|"08482"
"08440"|"08483"
"08310"|"08484"
"08370"|"08485"
"08320"|"08486"
"08320"|"08487"
"08440"|"08488"
"08400"|"08489"
"08400"|"08490"
"08330"|"08491"
"08350"|"08492"
"08400"|"08493"
"08200"|"08494"
"08270"|"08496"
"08000"|"08497"
"08090"|"08498"
"08270"|"08499"
"08270"|"08500"
"08110"|"08501"
"08210"|"08502"
"08430"|"08503"
"09240"|"09001"
"09600"|"09002"
"09300"|"09003"
"09310"|"09004"
"09320"|"09005"
"09400"|"09006"
"09240"|"09007"
"09200"|"09008"
"09240"|"09009"
"09800"|"09011"
"09250"|"09012"
"09000"|"09013"
"09800"|"09014"
"09400"|"09015"
"09400"|"09016"
"09800"|"09017"
"09800"|"09018"
"09130"|"09019"
"09460"|"09020"
"09120"|"09021"
"09100"|"09022"
"09110"|"09023"
"09310"|"09024"
"09800"|"09025"
"09800"|"09026"
"09800"|"09027"
"09310"|"09028"
"09140"|"09029"
"09220"|"09030"
"09250"|"09031"
"09110"|"09032"
"09230"|"09033"
"09800"|"09034"
"09800"|"09035"
"09230"|"09037"
"09350"|"09038"
"09500"|"09039"
"09700"|"09040"
"09160"|"09041"
"09240"|"09042"
"09600"|"09043"
"09000"|"09044"
"09400"|"09045"
"09230"|"09046"
"09300"|"09047"
"09600"|"09048"
"09000"|"09049"
"09100"|"09050"
"09300"|"09051"
"09500"|"09052"
"09250"|"09053"
"09160"|"09054"
"09800"|"09055"
"09100"|"09056"
"09320"|"09057"
"09400"|"09058"
"09800"|"09059"
"09100"|"09060"
"09350"|"09061"
"09800"|"09062"
"09000"|"09063"
"09310"|"09064"
"09320"|"09065"
"09000"|"09066"
"09700"|"09067"
"09000"|"09068"
"09800"|"09069"
"09310"|"09070"
"09240"|"09071"
"09120"|"09072"
"09290"|"09073"
"09500"|"09074"
"09350"|"09075"
"09700"|"09076"
"09400"|"09077"
"09460"|"09078"
"09130"|"09079"
"09300"|"09080"
"09100"|"09081"
"09420"|"09082"
"09130"|"09083"
"09350"|"09084"
"09800"|"09085"
"09160"|"09086"
"09250"|"09087"
"09250"|"09088"
"09500"|"09089"
"09120"|"09090"
"09160"|"09091"
"09400"|"09092"
"09000"|"09093"
"09230"|"09094"
"09800"|"09095"
"09310"|"09096"
"09420"|"09097"
"09230"|"09098"
"09000"|"09099"
"09140"|"09100"
"09120"|"09101"
"09500"|"09102"
"09120"|"09103"
"09120"|"09104"
"09350"|"09105"
"09300"|"09106"
"09600"|"09107"
"09240"|"09108"
"09130"|"09109"
"09200"|"09110"
"09800"|"09111"
"09140"|"09113"
"09200"|"09114"
"09600"|"09115"
"09100"|"09116"
"09700"|"09117"
"09420"|"09118"
"09200"|"09119"
"09230"|"09120"
"09000"|"09121"
"09000"|"09122"
"09350"|"09123"
"09130"|"09124"
"09300"|"09125"
"09300"|"09126"
"09290"|"09127"
"09190"|"09128"
"09800"|"09129"
"09000"|"09130"
"09250"|"09131"
"09700"|"09132"
"09400"|"09133"
"09220"|"09134"
"09220"|"09135"
"09400"|"09136"
"09120"|"09137"
"09000"|"09138"
"09390"|"09139"
"09110"|"09140"
"09800"|"09141"
"09300"|"09142"
"09220"|"09143"
"09100"|"09145"
"09700"|"09146"
"09700"|"09147"
"09160"|"09148"
"09200"|"09149"
"09500"|"09150"
"09130"|"09151"
"09400"|"09152"
"09500"|"09153"
"09240"|"09154"
"09310"|"09155"
"09310"|"09156"
"09600"|"09157"
"09230"|"09158"
"09310"|"09159"
"09300"|"09160"
"09600"|"09161"
"09220"|"09162"
"09100"|"09163"
"09420"|"09164"
"09300"|"09165"
"09300"|"09166"
"09210"|"09167"
"09300"|"09168"
"09600"|"09169"
"09700"|"09170"
"09250"|"09171"
"09350"|"09172"
"09120"|"09173"
"09000"|"09174"
"09100"|"09175"
"09250"|"09176"
"09100"|"09177"
"09500"|"09178"
"09120"|"09179"
"09500"|"09180"
"09290"|"09181"
"09320"|"09182"
"09160"|"09183"
"09230"|"09184"
"09270"|"09185"
"09350"|"09186"
"09160"|"09187"
"09400"|"09188"
"09110"|"09189"
"09230"|"09190"
"09400"|"09192"
"09460"|"09193"
"09500"|"09194"
"09130"|"09195"
"09240"|"09196"
"09110"|"09197"
"09230"|"09198"
"09700"|"09199"
"09600"|"09200"
"09200"|"09201"
"09120"|"09202"
"09240"|"09203"
"09200"|"09204"
"09350"|"09205"
"09300"|"09206"
"09330"|"09207"
"09160"|"09208"
"09200"|"09209"
"09000"|"09210"
"09300"|"09211"
"09240"|"09212"
"09500"|"09213"
"09200"|"09214"
"09300"|"09215"
"09240"|"09216"
"09400"|"09217"
"09110"|"09218"
"09800"|"09219"
"09110"|"09220"
"09400"|"09221"
"09220"|"09222"
"09140"|"09223"
"09130"|"09224"
"09100"|"09225"
"09310"|"09226"
"09300"|"09227"
"09110"|"09228"
"09600"|"09229"
"09460"|"09230"
"09320"|"09231"
"09110"|"09232"
"09600"|"09233"
"09000"|"09234"
"09160"|"09235"
"09000"|"09236"
"09460"|"09237"
"09100"|"09238"
"09460"|"09239"
"09400"|"09240"
"09400"|"09241"
"09300"|"09242"
"09600"|"09243"
"09500"|"09244"
"09120"|"09245"
"09420"|"09246"
"09200"|"09247"
"09300"|"09249"
"09300"|"09250"
"09500"|"09251"
"09460"|"09252"
"09350"|"09253"
"09100"|"09254"
"09100"|"09255"
"09120"|"09256"
"09230"|"09257"
"09120"|"09258"
"09500"|"09259"
"09500"|"09260"
"09200"|"09261"
"09300"|"09262"
"09800"|"09263"
"09000"|"09264"
"09100"|"09265"
"09500"|"09266"
"09800"|"09267"
"09190"|"09268"
"09000"|"09269"
"09100"|"09270"
"09100"|"09271"
"09000"|"09272"
"09000"|"09273"
"09500"|"09274"
"09700"|"09275"
"09100"|"09276"
"09210"|"09277"
"09800"|"09279"
"09400"|"09280"
"09300"|"09281"
"09700"|"09282"
"09110"|"09283"
"09120"|"09284"
"09140"|"09285"
"09220"|"09286"
"09250"|"09287"
"09190"|"09289"
"09800"|"09290"
"09140"|"09291"
"09240"|"09292"
"09000"|"09293"
"09130"|"09294"
"09220"|"09295"
"09310"|"09296"
"09800"|"09297"
"09110"|"09298"
"09140"|"09299"
"09000"|"09300"
"09320"|"09301"
"09220"|"09302"
"09400"|"09303"
"09240"|"09304"
"09600"|"09305"
"09400"|"09306"
"09160"|"09307"
"09190"|"09308"
"09500"|"09309"
"09350"|"09310"
"09110"|"09311"
"09100"|"09312"
"09230"|"09313"
"09500"|"09314"
"09700"|"09315"
"09500"|"09316"
"09800"|"09317"
"09250"|"09318"
"09100"|"09319"
"09310"|"09320"
"09400"|"09321"
"09140"|"09322"
"09500"|"09323"
"09120"|"09324"
"09110"|"09325"
"09310"|"09326"
"09120"|"09327"
"09310"|"09328"
"09000"|"09329"
"09250"|"09330"
"09700"|"09331"
"09340"|"09332"
"09220"|"09334"
"09800"|"09335"
"09300"|"09336"
"09130"|"09338"
"09100"|"09339"
"09120"|"09340"
"09500"|"09341"
"09130"|"09342"
"10200"|"10002"
"10160"|"10003"
"10700"|"10004"
"10140"|"10005"
"10700"|"10006"
"10200"|"10007"
"10140"|"10008"
"10340"|"10009"
"10330"|"10010"
"10200"|"10011"
"10200"|"10012"
"10320"|"10013"
"10220"|"10014"
"10150"|"10015"
"10240"|"10017"
"10130"|"10018"
"10220"|"10019"
"10400"|"10020"
"10240"|"10021"
"10340"|"10022"
"10290"|"10023"
"10130"|"10024"
"10340"|"10025"
"10330"|"10026"
"10330"|"10027"
"10210"|"10028"
"10110"|"10029"
"10600"|"10030"
"10400"|"10031"
"10200"|"10032"
"10200"|"10033"
"10110"|"10034"
"10310"|"10035"
"10190"|"10037"
"10290"|"10038"
"10200"|"10039"
"10130"|"10040"
"10110"|"10041"
"10160"|"10042"
"10170"|"10043"
"10500"|"10044"
"10140"|"10045"
"10500"|"10046"
"10500"|"10047"
"10200"|"10048"
"10800"|"10049"
"10140"|"10050"
"10320"|"10051"
"10380"|"10052"
"10270"|"10053"
"10290"|"10054"
"10110"|"10055"
"10220"|"10056"
"10400"|"10057"
"10340"|"10058"
"10500"|"10059"
"10450"|"10060"
"10220"|"10061"
"10140"|"10062"
"10500"|"10063"
"10500"|"10064"
"10240"|"10065"
"10190"|"10066"
"10800"|"10067"
"10110"|"10068"
"10110"|"10069"
"10110"|"10070"
"10110"|"10071"
"10500"|"10072"
"10500"|"10073"
"10130"|"10074"
"10700"|"10075"
"10200"|"10076"
"10700"|"10077"
"10140"|"10078"
"10340"|"10079"
"10210"|"10080"
"10600"|"10081"
"10700"|"10082"
"10260"|"10083"
"10150"|"10084"
"10290"|"10085"
"10380"|"10086"
"10210"|"10087"
"10510"|"10089"
"10170"|"10090"
"10240"|"10091"
"10110"|"10092"
"10500"|"10093"
"10330"|"10094"
"10700"|"10095"
"10190"|"10096"
"10110"|"10097"
"10210"|"10098"
"10130"|"10099"
"10390"|"10100"
"10240"|"10101"
"10200"|"10102"
"10200"|"10103"
"10800"|"10104"
"10500"|"10105"
"10400"|"10106"
"10130"|"10107"
"10130"|"10108"
"10260"|"10109"
"10270"|"10110"
"10250"|"10111"
"10210"|"10112"
"10200"|"10113"
"10100"|"10114"
"10150"|"10115"
"10320"|"10116"
"10500"|"10117"
"10130"|"10118"
"10360"|"10119"
"10210"|"10120"
"10240"|"10121"
"10130"|"10122"
"10500"|"10123"
"10190"|"10124"
"10190"|"10125"
"10200"|"10126"
"10240"|"10127"
"10330"|"10128"
"10220"|"10129"
"10700"|"10130"
"10170"|"10131"
"10170"|"10132"
"10130"|"10133"
"10350"|"10134"
"10200"|"10135"
"10110"|"10136"
"10200"|"10137"
"10500"|"10138"
"10500"|"10139"
"10130"|"10140"
"10360"|"10141"
"10190"|"10142"
"10210"|"10143"
"10170"|"10144"
"10290"|"10145"
"10290"|"10146"
"10320"|"10147"
"10400"|"10148"
"10150"|"10149"
"10200"|"10150"
"10280"|"10151"
"10400"|"10153"
"10400"|"10154"
"10360"|"10155"
"10190"|"10156"
"10100"|"10157"
"10260"|"10158"
"10110"|"10159"
"10200"|"10160"
"10200"|"10161"
"10270"|"10162"
"10200"|"10163"
"10100"|"10164"
"10220"|"10165"
"10170"|"10166"
"10700"|"10167"
"10210"|"10168"
"10400"|"10169"
"10250"|"10170"
"10500"|"10171"
"10700"|"10172"
"10800"|"10173"
"10240"|"10174"
"10330"|"10175"
"10200"|"10176"
"10320"|"10177"
"10140"|"10178"
"10320"|"10179"
"10330"|"10180"
"10260"|"10181"
"10310"|"10182"
"10140"|"10183"
"10500"|"10184"
"10210"|"10185"
"10120"|"10186"
"10110"|"10187"
"10210"|"10188"
"10500"|"10189"
"10270"|"10190"
"10150"|"10191"
"10330"|"10192"
"10500"|"10193"
"10200"|"10194"
"10700"|"10195"
"10130"|"10196"
"10200"|"10197"
"10320"|"10198"
"10110"|"10199"
"10140"|"10200"
"10210"|"10201"
"10210"|"10202"
"10310"|"10203"
"10320"|"10204"
"10140"|"10205"
"10240"|"10206"
"10170"|"10207"
"10400"|"10208"
"10270"|"10209"
"10150"|"10210"
"10300"|"10211"
"10320"|"10212"
"10110"|"10213"
"10240"|"10214"
"10140"|"10215"
"10230"|"10216"
"10140"|"10217"
"10210"|"10218"
"10200"|"10219"
"10510"|"10220"
"10500"|"10221"
"10160"|"10222"
"10290"|"10223"
"10350"|"10224"
"10400"|"10225"
"10110"|"10226"
"10130"|"10227"
"10500"|"10228"
"10320"|"10229"
"10600"|"10230"
"10400"|"10231"
"10110"|"10232"
"10170"|"10233"
"10170"|"10234"
"10700"|"10235"
"10240"|"10236"
"10190"|"10237"
"10140"|"10238"
"10220"|"10239"
"10190"|"10240"
"10210"|"10241"
"10200"|"10242"
"10500"|"10243"
"10270"|"10245"
"10260"|"10246"
"10130"|"10247"
"10300"|"10248"
"10270"|"10249"
"10200"|"10250"
"10130"|"10251"
"10140"|"10252"
"10330"|"10253"
"10400"|"10254"
"10270"|"10255"
"10150"|"10256"
"10240"|"10257"
"10500"|"10258"
"10400"|"10259"
"10800"|"10260"
"10250"|"10261"
"10250"|"10262"
"10190"|"10263"
"10360"|"10264"
"10420"|"10265"
"10160"|"10266"
"10240"|"10267"
"10400"|"10268"
"10700"|"10269"
"10220"|"10270"
"10510"|"10271"
"10700"|"10272"
"10700"|"10273"
"10170"|"10274"
"10100"|"10275"
"10160"|"10276"
"10190"|"10277"
"10210"|"10278"
"10330"|"10279"
"10100"|"10280"
"10350"|"10281"
"10600"|"10282"
"10500"|"10283"
"10400"|"10284"
"10500"|"10285"
"10500"|"10286"
"10220"|"10287"
"10250"|"10288"
"10380"|"10289"
"10160"|"10290"
"10400"|"10291"
"10700"|"10293"
"10110"|"10294"
"10110"|"10295"
"10110"|"10296"
"10150"|"10297"
"10400"|"10298"
"10700"|"10299"
"10240"|"10300"
"10290"|"10301"
"10210"|"10302"
"10500"|"10303"
"10500"|"10304"
"10170"|"10305"
"10200"|"10306"
"10190"|"10307"
"10350"|"10308"
"10210"|"10309"
"10140"|"10310"
"10130"|"10312"
"10500"|"10313"
"10240"|"10314"
"10500"|"10315"
"10170"|"10316"
"10340"|"10317"
"10290"|"10318"
"10160"|"10319"
"10280"|"10320"
"10440"|"10321"
"10100"|"10323"
"10320"|"10324"
"10430"|"10325"
"10500"|"10326"
"10500"|"10327"
"10220"|"10328"
"10800"|"10329"
"10200"|"10330"
"10260"|"10331"
"10410"|"10332"
"10120"|"10333"
"10400"|"10334"
"10160"|"10335"
"10180"|"10336"
"10500"|"10337"
"10700"|"10338"
"10350"|"10339"
"10120"|"10340"
"10100"|"10341"
"10320"|"10342"
"10800"|"10343"
"10800"|"10344"
"10500"|"10345"
"10330"|"10346"
"10100"|"10347"
"10350"|"10348"
"10180"|"10349"
"10160"|"10350"
"10100"|"10351"
"10150"|"10352"
"10280"|"10353"
"10700"|"10354"
"10400"|"10355"
"10170"|"10356"
"10410"|"10357"
"10260"|"10358"
"10130"|"10359"
"10120"|"10360"
"10700"|"10361"
"10300"|"10362"
"10800"|"10363"
"10360"|"10364"
"10700"|"10365"
"10200"|"10366"
"10400"|"10367"
"10600"|"10368"
"10700"|"10369"
"10400"|"10370"
"10320"|"10371"
"10200"|"10372"
"10320"|"10373"
"10200"|"10374"
"10410"|"10375"
"10140"|"10376"
"10200"|"10377"
"10200"|"10378"
"10700"|"10379"
"10700"|"10380"
"10440"|"10381"
"10400"|"10382"
"10290"|"10383"
"10140"|"10384"
"10700"|"10386"
"10000"|"10387"
"10210"|"10388"
"10140"|"10389"
"10200"|"10390"
"10150"|"10391"
"10170"|"10392"
"10500"|"10393"
"10210"|"10394"
"10210"|"10395"
"10190"|"10396"
"10140"|"10397"
"10240"|"10398"
"10260"|"10399"
"10700"|"10400"
"10140"|"10401"
"10800"|"10402"
"10200"|"10403"
"10360"|"10404"
"10240"|"10405"
"10390"|"10406"
"10380"|"10408"
"10600"|"10409"
"10290"|"10410"
"10500"|"10411"
"10410"|"10412"
"10350"|"10414"
"10190"|"10415"
"10800"|"10416"
"10160"|"10417"
"10110"|"10418"
"10260"|"10419"
"10370"|"10420"
"10400"|"10421"
"10130"|"10422"
"10140"|"10423"
"10330"|"10424"
"10320"|"10425"
"10310"|"10426"
"10110"|"10427"
"10200"|"10428"
"10700"|"10429"
"10700"|"10430"
"10210"|"10431"
"10210"|"10432"
"10140"|"10433"
"10800"|"10434"
"10800"|"10435"
"10700"|"10436"
"10260"|"10437"
"10110"|"10438"
"10110"|"10439"
"10200"|"10440"
"10130"|"10441"
"10150"|"10442"
"10210"|"10443"
"10160"|"10444"
"10500"|"10445"
"11800"|"11001"
"11320"|"11002"
"11300"|"11003"
"11240"|"11004"
"11290"|"11005"
"11360"|"11006"
"11330"|"11007"
"11580"|"11008"
"11170"|"11009"
"11190"|"11010"
"11600"|"11011"
"11120"|"11012"
"11200"|"11013"
"11110"|"11014"
"11190"|"11015"
"11220"|"11016"
"11140"|"11017"
"11290"|"11018"
"11140"|"11019"
"11330"|"11020"
"11140"|"11021"
"11700"|"11022"
"11800"|"11023"
"11100"|"11024"
"11600"|"11025"
"11410"|"11026"
"11800"|"11027"
"11340"|"11028"
"11580"|"11029"
"11410"|"11030"
"11140"|"11031"
"11240"|"11032"
"11420"|"11033"
"11240"|"11034"
"11500"|"11035"
"11340"|"11036"
"11000"|"11037"
"11140"|"11038"
"11300"|"11039"
"11200"|"11040"
"11120"|"11041"
"11700"|"11042"
"11800"|"11043"
"11330"|"11044"
"11300"|"11045"
"11300"|"11046"
"11140"|"11047"
"11200"|"11048"
"11150"|"11049"
"11500"|"11050"
"11270"|"11051"
"11390"|"11052"
"11300"|"11053"
"11400"|"11054"
"11190"|"11055"
"11160"|"11056"
"11420"|"11057"
"11240"|"11058"
"11240"|"11059"
"11140"|"11060"
"11240"|"11061"
"11140"|"11062"
"11260"|"11063"
"11200"|"11064"
"11190"|"11065"
"11340"|"11066"
"11200"|"11067"
"11700"|"11068"
"11000"|"11069"
"11170"|"11070"
"11360"|"11071"
"11270"|"11072"
"11190"|"11073"
"11320"|"11074"
"11160"|"11075"
"11400"|"11076"
"11700"|"11077"
"11300"|"11078"
"11390"|"11079"
"11230"|"11080"
"11160"|"11081"
"11250"|"11082"
"11220"|"11083"
"11170"|"11084"
"11570"|"11085"
"11510"|"11086"
"11270"|"11087"
"11570"|"11088"
"11170"|"11089"
"11300"|"11090"
"11230"|"11091"
"11160"|"11092"
"11140"|"11093"
"11250"|"11094"
"11700"|"11095"
"11340"|"11096"
"11190"|"11097"
"11200"|"11098"
"11600"|"11099"
"11230"|"11100"
"11500"|"11101"
"11250"|"11102"
"11190"|"11103"
"11140"|"11104"
"11300"|"11105"
"11110"|"11106"
"11230"|"11107"
"11240"|"11108"
"11190"|"11109"
"11220"|"11110"
"11200"|"11111"
"11190"|"11112"
"11350"|"11113"
"11410"|"11114"
"11390"|"11115"
"11590"|"11116"
"11330"|"11117"
"11330"|"11118"
"11300"|"11119"
"11300"|"11120"
"11240"|"11121"
"11700"|"11122"
"11350"|"11123"
"11360"|"11124"
"11360"|"11125"
"11200"|"11126"
"11140"|"11127"
"11240"|"11128"
"11260"|"11129"
"11340"|"11130"
"11260"|"11131"
"11200"|"11132"
"11220"|"11133"
"11410"|"11134"
"11140"|"11135"
"11270"|"11136"
"11330"|"11137"
"11400"|"11138"
"11240"|"11139"
"11200"|"11140"
"11240"|"11141"
"11300"|"11142"
"11510"|"11143"
"11510"|"11144"
"11560"|"11145"
"11800"|"11146"
"11140"|"11147"
"11700"|"11148"
"11400"|"11149"
"11390"|"11150"
"11800"|"11151"
"11360"|"11152"
"11270"|"11153"
"11600"|"11154"
"11190"|"11155"
"11600"|"11156"
"11360"|"11157"
"11300"|"11158"
"11270"|"11159"
"11140"|"11160"
"11250"|"11161"
"11270"|"11162"
"11140"|"11163"
"11120"|"11164"
"11500"|"11165"
"11410"|"11166"
"11240"|"11167"
"11500"|"11168"
"11250"|"11169"
"11430"|"11170"
"11230"|"11171"
"11200"|"11172"
"11240"|"11173"
"11380"|"11174"
"11400"|"11175"
"11220"|"11176"
"11140"|"11177"
"11320"|"11178"
"11220"|"11179"
"11380"|"11180"
"11400"|"11181"
"11310"|"11182"
"11250"|"11183"
"11420"|"11184"
"11220"|"11185"
"11330"|"11186"
"11330"|"11187"
"11480"|"11188"
"11390"|"11189"
"11700"|"11190"
"11330"|"11191"
"11400"|"11192"
"11270"|"11193"
"11600"|"11194"
"11400"|"11195"
"11270"|"11196"
"11300"|"11197"
"11800"|"11198"
"11290"|"11199"
"11160"|"11200"
"11250"|"11201"
"11370"|"11202"
"11200"|"11203"
"11240"|"11204"
"11600"|"11205"
"11300"|"11206"
"11300"|"11207"
"11410"|"11208"
"11190"|"11209"
"11200"|"11210"
"11300"|"11211"
"11120"|"11212"
"11330"|"11213"
"11300"|"11214"
"11600"|"11215"
"11300"|"11216"
"11120"|"11217"
"11410"|"11218"
"11140"|"11219"
"11800"|"11220"
"11390"|"11221"
"11380"|"11222"
"11570"|"11223"
"11330"|"11224"
"11400"|"11225"
"11420"|"11226"
"11220"|"11227"
"11240"|"11228"
"11140"|"11229"
"11140"|"11230"
"11410"|"11231"
"11380"|"11232"
"11120"|"11233"
"11400"|"11234"
"11580"|"11235"
"11420"|"11236"
"11410"|"11238"
"11410"|"11239"
"11190"|"11240"
"11700"|"11241"
"11250"|"11242"
"11320"|"11243"
"11140"|"11244"
"11330"|"11245"
"11240"|"11246"
"11240"|"11247"
"11800"|"11248"
"11230"|"11249"
"11330"|"11250"
"11220"|"11251"
"11320"|"11252"
"11170"|"11253"
"11290"|"11254"
"11100"|"11255"
"11200"|"11256"
"11800"|"11257"
"11120"|"11258"
"11170"|"11259"
"11330"|"11260"
"11700"|"11261"
"11100"|"11262"
"11500"|"11263"
"11200"|"11264"
"11140"|"11265"
"11210"|"11266"
"11200"|"11267"
"11270"|"11268"
"11590"|"11269"
"11350"|"11270"
"11330"|"11271"
"11570"|"11272"
"11200"|"11273"
"11300"|"11274"
"11410"|"11275"
"11350"|"11276"
"11420"|"11277"
"11420"|"11278"
"11610"|"11279"
"11700"|"11280"
"11150"|"11281"
"11230"|"11282"
"11420"|"11283"
"11400"|"11284"
"11440"|"11285"
"11160"|"11286"
"11190"|"11287"
"11170"|"11288"
"11300"|"11289"
"11420"|"11290"
"11270"|"11291"
"11400"|"11292"
"11250"|"11293"
"11300"|"11294"
"11490"|"11295"
"11120"|"11296"
"11380"|"11297"
"11220"|"11298"
"11250"|"11299"
"11400"|"11300"
"11700"|"11301"
"11140"|"11302"
"11230"|"11303"
"11500"|"11304"
"11360"|"11305"
"11500"|"11306"
"11200"|"11307"
"11170"|"11308"
"11190"|"11309"
"11190"|"11310"
"11220"|"11311"
"11270"|"11312"
"11400"|"11313"
"11220"|"11314"
"11160"|"11315"
"11230"|"11316"
"11140"|"11317"
"11700"|"11318"
"11380"|"11319"
"11340"|"11320"
"11140"|"11321"
"11540"|"11322"
"11300"|"11323"
"11200"|"11324"
"11250"|"11325"
"11350"|"11326"
"11290"|"11327"
"11240"|"11328"
"11260"|"11329"
"11800"|"11330"
"11270"|"11331"
"11200"|"11332"
"11230"|"11333"
"11410"|"11334"
"11140"|"11335"
"11230"|"11336"
"11700"|"11337"
"11300"|"11338"
"11310"|"11339"
"11170"|"11340"
"11500"|"11341"
"11800"|"11342"
"11270"|"11343"
"11250"|"11344"
"11360"|"11345"
"11260"|"11346"
"11500"|"11347"
"11270"|"11348"
"11500"|"11350"
"11220"|"11351"
"11500"|"11352"
"11120"|"11353"
"11220"|"11354"
"11300"|"11355"
"11400"|"11356"
"11170"|"11357"
"11500"|"11358"
"11410"|"11359"
"11120"|"11360"
"11400"|"11361"
"11320"|"11362"
"11220"|"11363"
"11300"|"11364"
"11420"|"11365"
"11120"|"11366"
"11310"|"11367"
"11600"|"11368"
"11590"|"11369"
"11110"|"11370"
"11410"|"11371"
"11600"|"11372"
"11140"|"11373"
"11330"|"11374"
"11240"|"11375"
"11190"|"11376"
"11190"|"11377"
"11220"|"11378"
"11130"|"11379"
"11230"|"11380"
"11190"|"11381"
"11400"|"11382"
"11400"|"11383"
"11330"|"11384"
"11320"|"11385"
"11220"|"11386"
"11220"|"11387"
"11330"|"11388"
"11580"|"11389"
"11200"|"11390"
"11380"|"11391"
"11220"|"11392"
"11200"|"11393"
"11300"|"11394"
"11160"|"11395"
"11160"|"11396"
"11800"|"11397"
"11510"|"11398"
"11400"|"11399"
"11230"|"11400"
"11350"|"11401"
"11580"|"11402"
"11610"|"11404"
"11120"|"11405"
"11580"|"11406"
"11400"|"11407"
"11250"|"11408"
"11330"|"11409"
"11600"|"11410"
"11600"|"11411"
"11580"|"11412"
"11600"|"11413"
"11220"|"11414"
"11250"|"11415"
"11600"|"11416"
"11300"|"11417"
"11150"|"11418"
"11420"|"11419"
"11250"|"11420"
"11200"|"11421"
"11800"|"11422"
"11570"|"11423"
"11230"|"11424"
"11600"|"11425"
"11600"|"11426"
"11300"|"11427"
"11310"|"11428"
"11620"|"11429"
"11400"|"11430"
"11360"|"11431"
"11290"|"11432"
"11160"|"11433"
"11150"|"11434"
"11330"|"11435"
"11360"|"11436"
"11170"|"11437"
"11150"|"11438"
"11170"|"11439"
"11220"|"11440"
"11110"|"11441"
"12630"|"12001"
"12520"|"12002"
"12220"|"12003"
"12300"|"12004"
"12210"|"12005"
"12430"|"12006"
"12260"|"12007"
"12390"|"12008"
"12360"|"12009"
"12290"|"12010"
"12120"|"12011"
"12700"|"12012"
"12110"|"12013"
"12130"|"12014"
"12120"|"12015"
"12390"|"12016"
"12430"|"12017"
"12260"|"12018"
"12380"|"12019"
"12510"|"12020"
"12200"|"12021"
"12490"|"12022"
"12550"|"12023"
"12390"|"12024"
"12370"|"12025"
"12310"|"12026"
"12500"|"12027"
"12300"|"12028"
"12270"|"12029"
"12300"|"12030"
"12390"|"12031"
"12160"|"12032"
"12340"|"12033"
"12350"|"12034"
"12550"|"12035"
"12600"|"12036"
"12480"|"12037"
"12480"|"12038"
"12360"|"12039"
"12150"|"12040"
"12800"|"12041"
"12400"|"12042"
"12450"|"12043"
"12360"|"12044"
"12160"|"12045"
"12800"|"12046"
"12560"|"12047"
"12460"|"12048"
"12580"|"12049"
"12290"|"12050"
"12420"|"12051"
"12700"|"12052"
"12260"|"12053"
"12240"|"12054"
"12130"|"12055"
"12160"|"12056"
"12120"|"12057"
"12210"|"12058"
"12240"|"12059"
"12800"|"12060"
"12500"|"12061"
"12620"|"12062"
"12230"|"12063"
"12500"|"12064"
"12120"|"12065"
"12330"|"12066"
"12540"|"12067"
"12240"|"12068"
"12370"|"12069"
"12520"|"12070"
"12350"|"12071"
"12100"|"12072"
"12120"|"12073"
"12470"|"12074"
"12170"|"12075"
"12320"|"12076"
"12540"|"12077"
"12400"|"12078"
"12190"|"12079"
"12550"|"12080"
"12310"|"12081"
"12230"|"12082"
"12110"|"12083"
"12100"|"12084"
"12800"|"12085"
"12640"|"12086"
"12340"|"12087"
"12210"|"12088"
"12300"|"12089"
"12510"|"12090"
"12350"|"12091"
"12170"|"12092"
"12140"|"12093"
"12140"|"12094"
"12390"|"12095"
"12500"|"12096"
"12140"|"12097"
"12190"|"12098"
"12360"|"12099"
"12300"|"12100"
"12300"|"12101"
"12450"|"12102"
"12140"|"12103"
"12260"|"12104"
"12270"|"12105"
"12340"|"12106"
"12310"|"12107"
"12220"|"12108"
"12360"|"12109"
"12140"|"12110"
"12390"|"12111"
"12420"|"12112"
"12160"|"12113"
"12320"|"12114"
"12230"|"12115"
"12460"|"12116"
"12210"|"12117"
"12600"|"12118"
"12210"|"12119"
"12310"|"12120"
"12350"|"12121"
"12230"|"12122"
"12150"|"12123"
"12500"|"12124"
"12380"|"12125"
"12150"|"12126"
"12170"|"12127"
"12440"|"12128"
"12430"|"12129"
"12300"|"12130"
"12740"|"12131"
"12450"|"12133"
"12220"|"12134"
"12270"|"12135"
"12350"|"12136"
"12160"|"12137"
"12330"|"12138"
"12540"|"12139"
"12200"|"12140"
"12550"|"12141"
"12390"|"12142"
"12360"|"12143"
"12120"|"12144"
"12100"|"12145"
"12000"|"12146"
"12360"|"12147"
"12220"|"12148"
"12550"|"12149"
"12200"|"12150"
"12460"|"12151"
"12380"|"12152"
"12490"|"12153"
"12400"|"12154"
"12540"|"12155"
"12210"|"12156"
"12630"|"12157"
"12260"|"12158"
"12200"|"12159"
"12720"|"12160"
"12330"|"12161"
"12160"|"12162"
"12370"|"12163"
"12600"|"12164"
"12330"|"12165"
"12600"|"12166"
"12270"|"12167"
"12230"|"12168"
"12800"|"12169"
"12700"|"12170"
"12330"|"12171"
"12190"|"12172"
"12320"|"12173"
"12510"|"12174"
"12260"|"12175"
"12850"|"12176"
"12310"|"12177"
"12520"|"12178"
"12360"|"12179"
"12720"|"12180"
"12220"|"12181"
"12130"|"12182"
"12550"|"12183"
"12130"|"12184"
"12290"|"12185"
"12380"|"12186"
"12470"|"12187"
"12290"|"12188"
"12240"|"12189"
"12350"|"12190"
"12350"|"12191"
"12370"|"12192"
"12320"|"12193"
"12800"|"12194"
"12400"|"12195"
"12150"|"12196"
"12170"|"12197"
"12240"|"12198"
"12390"|"12199"
"12640"|"12200"
"12340"|"12201"
"12000"|"12202"
"12250"|"12203"
"12100"|"12204"
"12200"|"12205"
"12220"|"12206"
"12120"|"12207"
"12400"|"12208"
"12460"|"12209"
"12270"|"12210"
"12720"|"12211"
"12540"|"12212"
"12620"|"12213"
"12470"|"12214"
"12330"|"12215"
"12500"|"12216"
"12260"|"12217"
"12320"|"12218"
"12130"|"12219"
"12230"|"12220"
"12320"|"12221"
"12400"|"12222"
"12420"|"12223"
"12130"|"12224"
"12100"|"12225"
"12140"|"12226"
"12260"|"12227"
"12480"|"12228"
"12250"|"12229"
"12170"|"12230"
"12230"|"12231"
"12250"|"12232"
"12550"|"12233"
"12120"|"12234"
"12170"|"12235"
"12620"|"12236"
"12560"|"12237"
"12780"|"12238"
"12130"|"12239"
"12300"|"12240"
"12850"|"12241"
"12200"|"12242"
"12490"|"12243"
"12490"|"12244"
"12200"|"12245"
"12300"|"12246"
"12560"|"12247"
"12380"|"12248"
"12370"|"12249"
"12460"|"12250"
"12400"|"12251"
"12260"|"12252"
"12410"|"12253"
"12330"|"12254"
"12120"|"12255"
"12260"|"12256"
"12700"|"12257"
"12440"|"12258"
"12200"|"12259"
"12230"|"12260"
"12260"|"12261"
"12800"|"12262"
"12200"|"12263"
"12740"|"12264"
"12190"|"12265"
"12290"|"12266"
"12170"|"12267"
"12320"|"12268"
"12380"|"12269"
"12150"|"12270"
"12310"|"12271"
"12700"|"12272"
"12210"|"12273"
"12360"|"12274"
"12360"|"12275"
"12800"|"12276"
"12600"|"12277"
"12440"|"12278"
"12210"|"12279"
"12600"|"12280"
"12200"|"12281"
"12250"|"12282"
"12290"|"12283"
"12430"|"12284"
"12240"|"12285"
"12400"|"12286"
"12200"|"12287"
"12330"|"12288"
"12220"|"12289"
"12220"|"12290"
"12520"|"12291"
"12400"|"12292"
"12720"|"12293"
"12780"|"12294"
"12250"|"12295"
"12490"|"12296"
"12290"|"12297"
"12580"|"12298"
"12430"|"12299"
"12200"|"12300"
"12260"|"12301"
"12310"|"12303"
"12420"|"12304"
"12110"|"12305"
"12410"|"12307"
"13080"|"13001"
"13190"|"13002"
"13980"|"13003"
"13200"|"13004"
"13400"|"13005"
"13930"|"13006"
"13390"|"13007"
"13121"|"13008"
"13330"|"13009"
"13570"|"13010"
"13520"|"13011"
"13100"|"13012"
"13720"|"13013"
"13130"|"13014"
"13320"|"13015"
"13720"|"13016"
"13150"|"13017"
"13440"|"13018"
"13480"|"13019"
"13950"|"13020"
"13620"|"13021"
"13260"|"13022"
"13600"|"13023"
"13350"|"13024"
"13790"|"13025"
"13220"|"13026"
"13160"|"13027"
"13600"|"13028"
"13250"|"13029"
"13780"|"13030"
"13112"|"13031"
"13510"|"13032"
"13820"|"13033"
"13810"|"13034"
"13430"|"13035"
"13630"|"13036"
"13580"|"13037"
"13990"|"13038"
"13270"|"13039"
"13710"|"13040"
"13120"|"13041"
"13420"|"13042"
"13180"|"13043"
"13450"|"13044"
"13690"|"13045"
"13850"|"13046"
"13800"|"13047"
"13490"|"13048"
"13113"|"13049"
"13410"|"13050"
"13680"|"13051"
"13910"|"13052"
"13370"|"13053"
"13700"|"13054"
"13500"|"13056"
"13103"|"13057"
"13520"|"13058"
"13650"|"13059"
"13590"|"13060"
"13150"|"13061"
"13105"|"13062"
"13140"|"13063"
"13940"|"13064"
"13890"|"13065"
"13550"|"13066"
"13660"|"13067"
"13520"|"13068"
"13330"|"13069"
"13821"|"13070"
"13170"|"13071"
"13790"|"13072"
"13124"|"13073"
"13860"|"13074"
"13380"|"13075"
"13750"|"13076"
"13110"|"13077"
"13230"|"13078"
"13114"|"13079"
"13610"|"13080"
"13340"|"13081"
"13840"|"13082"
"13870"|"13083"
"13640"|"13084"
"13830"|"13085"
"13360"|"13086"
"13790"|"13087"
"13740"|"13088"
"13670"|"13089"
"13100"|"13090"
"13760"|"13091"
"13250"|"13092"
"13610"|"13093"
"13103"|"13094"
"13100"|"13095"
"13460"|"13096"
"13310"|"13097"
"13920"|"13098"
"13115"|"13099"
"13210"|"13100"
"13119"|"13101"
"13730"|"13102"
"13300"|"13103"
"13960"|"13104"
"13560"|"13105"
"13240"|"13106"
"13109"|"13107"
"13150"|"13108"
"13100"|"13109"
"13530"|"13110"
"13126"|"13111"
"13880"|"13112"
"13770"|"13113"
"13122"|"13114"
"13116"|"13115"
"13670"|"13116"
"13127"|"13117"
"13111"|"13118"
"13470"|"13119"
"13001"|"13201"
"13002"|"13202"
"13003"|"13203"
"13004"|"13204"
"13005"|"13205"
"13006"|"13206"
"13007"|"13207"
"13008"|"13208"
"13009"|"13209"
"13010"|"13210"
"13011"|"13211"
"13012"|"13212"
"13013"|"13213"
"13014"|"13214"
"13015"|"13215"
"13016"|"13216"
"14600"|"14001"
"14220"|"14002"
"14400"|"14003"
"14710"|"14004"
"14370"|"14005"
"14210"|"14006"
"14310"|"14007"
"14480"|"14008"
"14860"|"14009"
"14240"|"14011"
"14430"|"14012"
"14220"|"14013"
"14610"|"14014"
"14610"|"14015"
"14430"|"14016"
"14400"|"14019"
"14370"|"14020"
"14117"|"14021"
"14960"|"14022"
"14710"|"14023"
"14640"|"14024"
"14700"|"14025"
"14250"|"14026"
"14260"|"14027"
"14140"|"14028"
"14140"|"14029"
"14280"|"14030"
"14140"|"14031"
"14130"|"14032"
"14340"|"14033"
"14210"|"14034"
"14490"|"14035"
"14940"|"14036"
"14260"|"14037"
"14480"|"14038"
"14220"|"14039"
"14400"|"14040"
"14600"|"14041"
"14210"|"14042"
"14620"|"14043"
"14610"|"14044"
"14670"|"14045"
"14860"|"14046"
"14400"|"14047"
"14480"|"14049"
"14490"|"14050"
"14350"|"14052"
"14620"|"14053"
"14380"|"14054"
"14950"|"14055"
"14260"|"14056"
"14370"|"14057"
"14140"|"14058"
"14910"|"14059"
"14970"|"14060"
"14350"|"14061"
"14440"|"14062"
"14710"|"14063"
"14170"|"14064"
"14410"|"14065"
"14990"|"14066"
"14112"|"14068"
"14100"|"14069"
"14430"|"14070"
"14260"|"14073"
"14370"|"14074"
"14370"|"14075"
"14550"|"14076"
"14130"|"14077"
"14400"|"14078"
"14910"|"14079"
"14690"|"14080"
"14170"|"14081"
"14340"|"14082"
"14340"|"14083"
"14260"|"14084"
"14130"|"14085"
"14800"|"14086"
"14700"|"14087"
"14420"|"14088"
"14210"|"14089"
"14220"|"14090"
"14430"|"14091"
"14540"|"14092"
"14430"|"14093"
"14260"|"14096"
"14190"|"14097"
"14740"|"14098"
"14170"|"14099"
"14680"|"14100"
"14760"|"14101"
"14130"|"14102"
"14330"|"14103"
"14130"|"14104"
"14140"|"14105"
"14860"|"14106"
"14710"|"14107"
"14250"|"14109"
"14160"|"14110"
"14250"|"14111"
"14410"|"14113"
"14350"|"14115"
"14190"|"14116"
"14390"|"14117"
"14000"|"14118"
"14630"|"14119"
"14240"|"14120"
"14490"|"14121"
"14210"|"14122"
"14610"|"14123"
"14230"|"14124"
"14610"|"14125"
"14340"|"14126"
"14500"|"14127"
"14260"|"14128"
"14350"|"14129"
"14490"|"14130"
"14800"|"14131"
"14230"|"14132"
"14370"|"14134"
"14740"|"14135"
"14230"|"14136"
"14650"|"14137"
"14330"|"14138"
"14350"|"14139"
"14490"|"14140"
"14140"|"14141"
"14330"|"14142"
"14240"|"14143"
"14220"|"14144"
"14190"|"14145"
"14770"|"14146"
"14290"|"14147"
"14290"|"14148"
"14270"|"14149"
"14220"|"14150"
"14380"|"14151"
"14770"|"14152"
"14140"|"14153"
"14290"|"14154"
"14140"|"14155"
"14410"|"14156"
"14210"|"14157"
"14370"|"14158"
"14250"|"14159"
"14680"|"14160"
"14130"|"14161"
"14570"|"14162"
"14370"|"14163"
"14320"|"14164"
"14710"|"14165"
"14880"|"14166"
"14460"|"14167"
"14710"|"14168"
"14480"|"14169"
"14610"|"14170"
"14220"|"14171"
"14520"|"14172"
"14270"|"14173"
"14110"|"14174"
"14400"|"14175"
"14540"|"14176"
"14130"|"14177"
"14340"|"14178"
"14100"|"14179"
"14700"|"14180"
"14123"|"14181"
"14240"|"14182"
"14690"|"14183"
"14400"|"14184"
"14130"|"14185"
"14480"|"14186"
"14500"|"14187"
"14310"|"14188"
"14140"|"14189"
"14170"|"14190"
"14470"|"14191"
"14380"|"14192"
"14100"|"14193"
"14290"|"14194"
"14260"|"14195"
"14480"|"14196"
"14440"|"14197"
"14430"|"14198"
"14480"|"14200"
"14340"|"14201"
"14113"|"14202"
"14430"|"14203"
"14450"|"14204"
"14250"|"14205"
"14620"|"14206"
"14220"|"14207"
"14370"|"14208"
"14400"|"14209"
"14140"|"14210"
"14220"|"14211"
"14480"|"14212"
"14220"|"14213"
"14400"|"14214"
"14840"|"14215"
"14620"|"14216"
"14350"|"14217"
"14430"|"14218"
"14770"|"14219"
"14800"|"14220"
"14840"|"14221"
"14350"|"14222"
"14690"|"14223"
"14230"|"14224"
"14160"|"14225"
"14220"|"14226"
"14430"|"14227"
"14440"|"14228"
"14430"|"14229"
"14130"|"14230"
"14340"|"14231"
"14250"|"14232"
"14710"|"14235"
"14250"|"14236"
"14630"|"14237"
"14800"|"14238"
"14710"|"14239"
"14170"|"14240"
"14310"|"14241"
"14610"|"14242"
"14600"|"14243"
"14700"|"14244"
"14270"|"14245"
"14850"|"14246"
"14220"|"14248"
"14210"|"14249"
"14400"|"14250"
"14220"|"14251"
"14190"|"14252"
"14410"|"14253"
"14930"|"14254"
"14350"|"14255"
"14400"|"14256"
"14210"|"14257"
"14700"|"14258"
"14290"|"14259"
"14100"|"14260"
"14130"|"14261"
"14350"|"14264"
"14140"|"14265"
"14320"|"14266"
"14190"|"14268"
"14130"|"14269"
"14100"|"14270"
"14123"|"14271"
"14710"|"14272"
"14290"|"14273"
"14790"|"14274"
"14610"|"14275"
"14190"|"14276"
"14320"|"14277"
"14250"|"14278"
"14380"|"14279"
"14340"|"14280"
"14710"|"14281"
"14240"|"14282"
"14620"|"14283"
"14700"|"14284"
"14340"|"14285"
"14600"|"14286"
"14630"|"14287"
"14480"|"14288"
"14700"|"14289"
"14680"|"14290"
"14220"|"14291"
"14290"|"14292"
"14590"|"14293"
"14540"|"14294"
"14380"|"14296"
"14210"|"14297"
"14230"|"14298"
"14600"|"14299"
"14430"|"14300"
"14730"|"14301"
"14950"|"14302"
"14100"|"14303"
"14600"|"14304"
"14510"|"14305"
"14810"|"14306"
"14210"|"14307"
"14430"|"14308"
"14680"|"14309"
"14190"|"14310"
"14210"|"14311"
"14450"|"14312"
"14140"|"14313"
"14160"|"14316"
"14350"|"14317"
"14470"|"14318"
"14540"|"14319"
"14220"|"14320"
"14400"|"14322"
"14220"|"14324"
"14880"|"14325"
"14100"|"14326"
"14200"|"14327"
"14850"|"14328"
"14430"|"14329"
"14140"|"14330"
"14170"|"14331"
"14700"|"14332"
"14600"|"14333"
"14100"|"14334"
"14430"|"14335"
"14250"|"14336"
"14340"|"14337"
"14510"|"14338"
"14540"|"14339"
"14123"|"14341"
"14230"|"14342"
"14690"|"14343"
"14670"|"14344"
"14170"|"14345"
"14250"|"14346"
"14260"|"14347"
"14250"|"14348"
"14320"|"14349"
"14240"|"14350"
"14380"|"14352"
"14310"|"14353"
"14830"|"14354"
"14480"|"14355"
"14740"|"14356"
"14770"|"14357"
"14340"|"14358"
"14140"|"14359"
"14700"|"14360"
"14770"|"14361"
"14140"|"14362"
"14250"|"14364"
"14780"|"14365"
"14100"|"14366"
"14330"|"14367"
"14140"|"14368"
"14490"|"14369"
"14330"|"14370"
"14140"|"14371"
"14240"|"14372"
"14210"|"14373"
"14240"|"14374"
"14700"|"14375"
"14250"|"14376"
"14400"|"14377"
"14230"|"14378"
"14310"|"14379"
"14250"|"14380"
"14170"|"14381"
"14710"|"14382"
"14111"|"14383"
"14530"|"14384"
"14400"|"14385"
"14270"|"14386"
"14270"|"14387"
"14500"|"14388"
"14310"|"14389"
"14210"|"14390"
"14400"|"14391"
"14210"|"14393"
"14190"|"14394"
"14350"|"14395"
"14930"|"14396"
"14710"|"14397"
"14340"|"14398"
"14130"|"14399"
"14400"|"14400"
"14117"|"14401"
"14620"|"14402"
"14100"|"14403"
"14220"|"14404"
"14700"|"14405"
"14740"|"14406"
"14920"|"14407"
"14320"|"14408"
"14810"|"14409"
"14370"|"14410"
"14220"|"14411"
"14260"|"14412"
"14260"|"14413"
"14140"|"14414"
"14380"|"14415"
"14380"|"14416"
"14380"|"14417"
"14140"|"14418"
"14100"|"14419"
"14140"|"14420"
"14100"|"14421"
"14270"|"14422"
"14740"|"14423"
"14380"|"14424"
"14140"|"14425"
"14130"|"14426"
"14690"|"14427"
"14290"|"14429"
"14960"|"14430"
"14270"|"14431"
"14210"|"14432"
"14170"|"14433"
"14100"|"14435"
"14400"|"14436"
"14120"|"14437"
"14210"|"14438"
"14230"|"14439"
"14260"|"14440"
"14350"|"14441"
"14350"|"14442"
"14350"|"14443"
"14270"|"14444"
"14490"|"14445"
"14210"|"14446"
"14340"|"14448"
"14310"|"14449"
"14140"|"14450"
"14620"|"14452"
"14400"|"14453"
"14790"|"14454"
"14220"|"14455"
"14370"|"14456"
"14620"|"14457"
"14220"|"14458"
"14140"|"14459"
"14590"|"14460"
"14220"|"14461"
"14230"|"14462"
"14400"|"14465"
"14100"|"14466"
"14700"|"14467"
"14490"|"14468"
"14620"|"14469"
"14140"|"14471"
"14340"|"14473"
"14340"|"14474"
"14210"|"14475"
"14170"|"14476"
"14260"|"14477"
"14290"|"14478"
"14230"|"14480"
"14230"|"14481"
"14270"|"14482"
"14220"|"14483"
"14590"|"14484"
"14190"|"14486"
"14100"|"14487"
"14150"|"14488"
"14170"|"14489"
"14310"|"14491"
"14600"|"14492"
"14270"|"14493"
"14160"|"14494"
"14112"|"14495"
"14770"|"14496"
"14170"|"14497"
"14700"|"14498"
"14390"|"14499"
"14130"|"14500"
"14690"|"14501"
"14690"|"14502"
"14410"|"14503"
"14590"|"14504"
"14220"|"14505"
"14490"|"14506"
"14770"|"14508"
"14440"|"14509"
"14690"|"14510"
"14380"|"14511"
"14110"|"14512"
"14380"|"14513"
"14130"|"14514"
"14520"|"14515"
"14420"|"14516"
"14540"|"14517"
"14290"|"14518"
"14210"|"14519"
"14340"|"14520"
"14410"|"14521"
"14140"|"14522"
"14110"|"14523"
"14430"|"14524"
"14740"|"14525"
"14270"|"14527"
"14130"|"14528"
"14400"|"14529"
"14860"|"14530"
"14690"|"14531"
"14350"|"14532"
"14340"|"14533"
"14130"|"14534"
"14470"|"14535"
"14600"|"14536"
"14540"|"14538"
"14410"|"14539"
"14100"|"14540"
"14340"|"14541"
"14740"|"14542"
"14980"|"14543"
"14260"|"14544"
"14500"|"14545"
"14190"|"14546"
"14710"|"14547"
"14480"|"14548"
"14410"|"14549"
"14340"|"14550"
"14710"|"14551"
"14400"|"14552"
"14260"|"14553"
"14540"|"14554"
"14130"|"14555"
"14320"|"14556"
"14800"|"14557"
"14970"|"14558"
"14380"|"14559"
"14750"|"14562"
"14130"|"14563"
"14350"|"14564"
"14960"|"14565"
"14280"|"14566"
"14740"|"14568"
"14480"|"14569"
"14290"|"14570"
"14100"|"14571"
"14110"|"14572"
"14350"|"14573"
"14100"|"14574"
"14950"|"14575"
"14140"|"14576"
"14480"|"14577"
"14130"|"14578"
"14260"|"14579"
"14140"|"14580"
"14240"|"14581"
"14100"|"14582"
"14140"|"14583"
"14500"|"14584"
"14110"|"14585"
"14230"|"14586"
"14280"|"14587"
"14700"|"14588"
"14190"|"14589"
"14240"|"14590"
"14520"|"14591"
"14210"|"14592"
"14130"|"14593"
"14100"|"14595"
"14350"|"14596"
"14770"|"14597"
"14430"|"14598"
"14290"|"14599"
"14140"|"14600"
"14130"|"14601"
"14570"|"14602"
"14220"|"14603"
"14340"|"14604"
"14710"|"14605"
"14430"|"14606"
"14310"|"14607"
"14340"|"14608"
"14400"|"14609"
"14740"|"14610"
"14380"|"14611"
"14330"|"14613"
"14330"|"14614"
"14140"|"14615"
"14140"|"14616"
"14350"|"14618"
"14380"|"14619"
"14130"|"14620"
"14290"|"14621"
"14710"|"14622"
"14320"|"14623"
"14100"|"14625"
"14100"|"14626"
"14700"|"14627"
"14220"|"14628"
"14350"|"14629"
"14400"|"14630"
"14350"|"14632"
"14140"|"14633"
"14140"|"14634"
"14220"|"14635"
"14350"|"14636"
"14670"|"14637"
"14140"|"14638"
"14340"|"14639"
"14670"|"14640"
"14490"|"14643"
"14130"|"14644"
"14950"|"14645"
"14700"|"14646"
"14290"|"14647"
"14100"|"14648"
"14700"|"14649"
"14260"|"14650"
"14670"|"14651"
"14450"|"14652"
"14770"|"14653"
"14170"|"14654"
"14350"|"14655"
"14570"|"14656"
"14670"|"14657"
"14380"|"14658"
"14190"|"14659"
"14640"|"14660"
"14250"|"14661"
"14770"|"14662"
"14400"|"14663"
"14240"|"14664"
"14121"|"14665"
"14940"|"14666"
"14330"|"14667"
"14330"|"14668"
"14170"|"14669"
"14740"|"14670"
"14380"|"14671"
"14240"|"14672"
"14190"|"14674"
"14540"|"14675"
"14400"|"14676"
"14700"|"14677"
"14420"|"14678"
"14400"|"14679"
"14400"|"14680"
"14710"|"14681"
"14130"|"14682"
"14250"|"14684"
"14610"|"14685"
"14410"|"14686"
"14130"|"14687"
"14170"|"14688"
"14220"|"14689"
"14480"|"14690"
"14540"|"14691"
"14250"|"14692"
"14290"|"14693"
"14130"|"14694"
"14240"|"14695"
"14140"|"14696"
"14170"|"14697"
"14940"|"14698"
"14800"|"14699"
"14400"|"14700"
"14800"|"14701"
"14310"|"14702"
"14220"|"14703"
"14350"|"14704"
"14330"|"14705"
"14130"|"14706"
"14210"|"14707"
"14310"|"14708"
"14117"|"14709"
"14690"|"14710"
"14710"|"14711"
"14670"|"14712"
"14210"|"14713"
"14490"|"14714"
"14360"|"14715"
"14490"|"14716"
"14500"|"14717"
"14500"|"14718"
"14190"|"14719"
"14420"|"14720"
"14210"|"14721"
"14240"|"14722"
"14340"|"14723"
"14390"|"14724"
"14410"|"14726"
"14490"|"14727"
"14400"|"14728"
"14170"|"14729"
"14500"|"14730"
"14800"|"14731"
"14400"|"14732"
"14400"|"14733"
"14250"|"14734"
"14170"|"14735"
"14700"|"14737"
"14790"|"14738"
"14114"|"14739"
"14290"|"14740"
"14570"|"14741"
"14170"|"14742"
"14430"|"14743"
"14400"|"14744"
"14710"|"14745"
"14410"|"14746"
"14930"|"14747"
"14130"|"14748"
"14270"|"14749"
"14140"|"14750"
"14700"|"14751"
"14310"|"14752"
"14420"|"14753"
"14640"|"14754"
"14113"|"14755"
"14570"|"14756"
"14480"|"14757"
"14610"|"14758"
"14700"|"14759"
"14310"|"14760"
"14370"|"14761"
"14500"|"14762"
"14230"|"14763"
"14690"|"14764"
"15160"|"15001"
"15100"|"15002"
"15700"|"15003"
"15100"|"15004"
"15100"|"15005"
"15380"|"15006"
"15110"|"15007"
"15240"|"15008"
"15400"|"15009"
"15200"|"15010"
"15150"|"15011"
"15130"|"15012"
"15500"|"15013"
"15000"|"15014"
"15240"|"15015"
"15250"|"15016"
"15800"|"15017"
"15700"|"15018"
"15240"|"15019"
"15270"|"15020"
"15600"|"15021"
"15500"|"15022"
"15700"|"15024"
"15300"|"15025"
"15230"|"15026"
"15340"|"15027"
"15130"|"15028"
"15340"|"15029"
"15290"|"15030"
"15170"|"15031"
"15500"|"15032"
"15230"|"15033"
"15320"|"15034"
"15170"|"15035"
"15200"|"15036"
"15350"|"15037"
"15270"|"15038"
"15190"|"15040"
"15300"|"15041"
"15500"|"15042"
"15500"|"15043"
"15300"|"15044"
"15110"|"15045"
"15700"|"15046"
"15300"|"15047"
"15500"|"15048"
"15400"|"15049"
"15400"|"15050"
"15320"|"15051"
"15400"|"15052"
"15170"|"15053"
"15190"|"15054"
"15100"|"15055"
"15250"|"15056"
"15150"|"15057"
"15130"|"15058"
"15430"|"15059"
"15110"|"15060"
"15300"|"15061"
"15140"|"15063"
"15700"|"15064"
"15110"|"15065"
"15380"|"15066"
"15140"|"15067"
"15320"|"15068"
"15170"|"15069"
"15140"|"15070"
"15600"|"15071"
"15310"|"15072"
"15110"|"15073"
"15130"|"15074"
"15310"|"15075"
"15150"|"15076"
"15230"|"15077"
"15110"|"15078"
"15200"|"15079"
"15170"|"15080"
"15800"|"15081"
"15120"|"15082"
"15250"|"15083"
"15120"|"15084"
"15130"|"15085"
"15230"|"15086"
"15120"|"15087"
"15150"|"15088"
"15120"|"15089"
"15130"|"15090"
"15160"|"15091"
"15270"|"15092"
"15120"|"15093"
"15150"|"15094"
"15250"|"15095"
"15590"|"15096"
"15500"|"15097"
"15500"|"15098"
"15260"|"15099"
"15300"|"15100"
"15300"|"15101"
"15300"|"15102"
"15120"|"15103"
"15600"|"15104"
"43450"|"15105"
"15110"|"15106"
"15320"|"15107"
"15320"|"15108"
"15190"|"15110"
"15210"|"15111"
"15230"|"15112"
"15590"|"15113"
"15190"|"15114"
"15400"|"15116"
"15220"|"15117"
"15250"|"15118"
"15500"|"15119"
"15200"|"15120"
"15110"|"15121"
"15600"|"15122"
"15200"|"15123"
"15400"|"15124"
"15100"|"15125"
"15500"|"15126"
"15500"|"15127"
"15240"|"15128"
"15190"|"15129"
"15100"|"15130"
"15240"|"15131"
"15190"|"15132"
"15600"|"15133"
"15120"|"15134"
"15150"|"15135"
"15340"|"15136"
"15380"|"15137"
"15300"|"15138"
"15230"|"15139"
"15000"|"15140"
"15170"|"15141"
"15260"|"15142"
"15150"|"15143"
"15290"|"15144"
"15260"|"15145"
"15800"|"15146"
"15290"|"15147"
"15430"|"15148"
"15230"|"15149"
"15290"|"15150"
"15170"|"15151"
"15230"|"15152"
"15700"|"15153"
"15800"|"15154"
"15160"|"15155"
"15130"|"15156"
"15600"|"15157"
"15500"|"15158"
"15800"|"15159"
"15250"|"15160"
"15170"|"15161"
"15400"|"15162"
"15220"|"15163"
"15100"|"15164"
"15150"|"15165"
"15290"|"15166"
"15600"|"15167"
"15320"|"15168"
"15240"|"15169"
"15190"|"15170"
"15170"|"15171"
"15220"|"15172"
"15190"|"15173"
"15140"|"15174"
"15310"|"15175"
"15140"|"15176"
"15590"|"15178"
"15140"|"15179"
"15800"|"15180"
"15600"|"15181"
"15150"|"15182"
"15130"|"15183"
"15600"|"15184"
"15400"|"15185"
"15140"|"15186"
"15100"|"15187"
"15100"|"15188"
"15150"|"15189"
"15400"|"15190"
"15310"|"15191"
"15800"|"15192"
"15600"|"15194"
"15320"|"15195"
"15220"|"15196"
"15320"|"15197"
"15230"|"15198"
"15110"|"15199"
"15140"|"15200"
"15230"|"15201"
"15140"|"15202"
"15500"|"15203"
"15250"|"15204"
"15140"|"15205"
"15350"|"15206"
"15500"|"15207"
"15140"|"15208"
"15110"|"15209"
"15150"|"15211"
"15600"|"15212"
"15190"|"15213"
"15290"|"15214"
"15130"|"15215"
"15110"|"15216"
"15150"|"15217"
"15380"|"15218"
"15140"|"15219"
"15200"|"15220"
"15130"|"15221"
"15120"|"15222"
"15240"|"15223"
"15290"|"15224"
"15300"|"15225"
"15340"|"15226"
"15100"|"15227"
"15150"|"15228"
"15100"|"15229"
"15200"|"15230"
"15170"|"15231"
"15100"|"15232"
"15250"|"15233"
"15130"|"15234"
"15100"|"15235"
"15800"|"15236"
"15100"|"15237"
"15310"|"15238"
"15270"|"15240"
"15110"|"15241"
"15600"|"15242"
"15400"|"15243"
"15300"|"15244"
"15100"|"15245"
"15400"|"15246"
"15170"|"15247"
"15300"|"15248"
"15380"|"15249"
"15240"|"15250"
"15100"|"15251"
"15590"|"15252"
"15160"|"15253"
"15350"|"15254"
"15130"|"15255"
"15160"|"15256"
"15130"|"15257"
"15800"|"15258"
"15500"|"15259"
"15120"|"15260"
"15200"|"15261"
"15100"|"15262"
"15300"|"15263"
"15220"|"15264"
"15210"|"15265"
"15130"|"15266"
"15130"|"15267"
"15290"|"15268"
"15140"|"15269"
"16500"|"16001"
"16700"|"16002"
"16110"|"16003"
"16190"|"16004"
"16140"|"16005"
"16490"|"16007"
"16140"|"16008"
"16490"|"16009"
"16300"|"16010"
"16560"|"16011"
"16130"|"16012"
"16120"|"16013"
"16300"|"16014"
"16000"|"16015"
"16500"|"16016"
"16170"|"16017"
"16130"|"16018"
"16290"|"16019"
"16390"|"16020"
"16250"|"16021"
"16460"|"16023"
"16560"|"16024"
"16360"|"16025"
"16430"|"16026"
"16140"|"16027"
"16300"|"16028"
"16210"|"16029"
"16300"|"16030"
"16700"|"16031"
"16120"|"16032"
"16460"|"16033"
"16210"|"16034"
"16450"|"16035"
"16250"|"16036"
"16210"|"16037"
"16350"|"16038"
"16700"|"16039"
"16480"|"16040"
"16250"|"16041"
"16140"|"16042"
"16170"|"16043"
"16700"|"16044"
"16120"|"16045"
"16250"|"16046"
"16320"|"16047"
"16480"|"16048"
"16390"|"16049"
"16120"|"16050"
"16170"|"16051"
"16190"|"16052"
"16360"|"16053"
"16350"|"16054"
"16410"|"16055"
"16200"|"16056"
"16120"|"16057"
"16100"|"16058"
"16240"|"16059"
"16370"|"16060"
"16590"|"16061"
"16300"|"16062"
"16210"|"16063"
"16420"|"16064"
"16500"|"16065"
"16480"|"16066"
"16110"|"16067"
"16260"|"16068"
"16230"|"16069"
"16150"|"16070"
"16150"|"16071"
"16250"|"16072"
"16210"|"16073"
"16300"|"16074"
"16250"|"16075"
"16350"|"16076"
"16290"|"16077"
"16430"|"16078"
"16360"|"16079"
"16140"|"16081"
"16320"|"16082"
"16140"|"16083"
"16380"|"16084"
"16260"|"16085"
"16150"|"16086"
"16350"|"16087"
"16200"|"16088"
"16100"|"16089"
"16120"|"16090"
"16480"|"16091"
"16320"|"16092"
"16380"|"16093"
"16460"|"16094"
"16460"|"16095"
"16310"|"16096"
"16370"|"16097"
"16240"|"16098"
"16480"|"16099"
"16150"|"16100"
"16440"|"16101"
"16100"|"16102"
"16320"|"16103"
"16700"|"16104"
"16360"|"16105"
"16500"|"16106"
"16560"|"16107"
"16330"|"16108"
"16200"|"16109"
"16240"|"16110"
"16190"|"16111"
"16210"|"16112"
"16400"|"16113"
"16460"|"16114"
"16250"|"16115"
"16300"|"16116"
"16210"|"16117"
"16190"|"16118"
"16410"|"16119"
"16410"|"16120"
"16290"|"16121"
"16140"|"16122"
"16170"|"16123"
"16220"|"16124"
"16320"|"16125"
"16240"|"16127"
"16490"|"16128"
"16120"|"16129"
"16210"|"16130"
"16500"|"16131"
"16150"|"16132"
"16250"|"16133"
"16150"|"16134"
"16220"|"16135"
"16700"|"16136"
"16380"|"16137"
"16730"|"16138"
"16200"|"16139"
"16230"|"16140"
"16230"|"16141"
"16240"|"16142"
"16410"|"16143"
"16140"|"16144"
"16200"|"16145"
"16410"|"16146"
"16320"|"16147"
"16170"|"16148"
"16270"|"16149"
"16130"|"16150"
"16130"|"16151"
"16130"|"16152"
"16200"|"16153"
"16160"|"16154"
"16140"|"16155"
"16170"|"16156"
"16450"|"16157"
"16380"|"16158"
"16300"|"16160"
"16480"|"16161"
"16320"|"16162"
"16290"|"16163"
"16490"|"16164"
"16200"|"16165"
"16340"|"16166"
"16200"|"16167"
"16560"|"16168"
"16100"|"16169"
"16190"|"16170"
"16130"|"16171"
"16320"|"16172"
"16230"|"16173"
"16200"|"16174"
"16250"|"16175"
"16300"|"16176"
"16120"|"16177"
"16300"|"16178"
"16300"|"16179"
"16390"|"16180"
"16500"|"16181"
"16420"|"16182"
"16310"|"16183"
"16460"|"16184"
"16140"|"16185"
"16130"|"16186"
"16730"|"16187"
"16310"|"16188"
"16700"|"16189"
"16240"|"16190"
"16230"|"16191"
"16270"|"16192"
"16100"|"16193"
"16140"|"16194"
"16450"|"16195"
"16230"|"16196"
"16240"|"16197"
"16320"|"16198"
"16600"|"16199"
"16230"|"16200"
"16250"|"16201"
"16200"|"16202"
"16380"|"16203"
"16120"|"16204"
"16500"|"16205"
"16230"|"16206"
"16140"|"16207"
"16170"|"16208"
"16110"|"16209"
"16570"|"16210"
"16380"|"16211"
"16310"|"16212"
"16310"|"16213"
"16270"|"16214"
"16210"|"16215"
"16200"|"16216"
"16100"|"16217"
"16370"|"16218"
"16200"|"16220"
"16140"|"16221"
"16620"|"16222"
"16220"|"16223"
"16300"|"16224"
"16310"|"16225"
"16330"|"16226"
"16390"|"16227"
"16170"|"16228"
"16240"|"16229"
"16190"|"16230"
"16420"|"16231"
"16600"|"16232"
"16120"|"16233"
"16290"|"16234"
"16440"|"16236"
"16460"|"16237"
"16460"|"16238"
"16310"|"16239"
"16390"|"16240"
"16230"|"16241"
"16700"|"16242"
"16200"|"16243"
"16440"|"16244"
"16270"|"16245"
"16190"|"16246"
"16120"|"16247"
"16140"|"16248"
"16500"|"16249"
"16220"|"16250"
"16480"|"16251"
"16210"|"16252"
"16240"|"16253"
"16390"|"16254"
"16450"|"16255"
"16480"|"16256"
"16250"|"16257"
"16250"|"16258"
"16270"|"16259"
"16390"|"16260"
"16260"|"16261"
"16170"|"16262"
"16250"|"16263"
"16490"|"16264"
"16190"|"16267"
"16700"|"16268"
"16110"|"16269"
"16150"|"16270"
"16400"|"16271"
"16230"|"16272"
"16240"|"16273"
"16110"|"16274"
"16140"|"16275"
"16360"|"16276"
"16200"|"16277"
"16210"|"16279"
"16110"|"16280"
"16110"|"16281"
"16110"|"16282"
"16320"|"16283"
"16210"|"16284"
"16320"|"16285"
"16170"|"16286"
"16440"|"16287"
"16310"|"16289"
"16220"|"16290"
"16600"|"16291"
"16700"|"16292"
"16310"|"16293"
"16190"|"16294"
"16330"|"16295"
"16230"|"16296"
"16120"|"16297"
"16170"|"16298"
"16230"|"16300"
"16300"|"16301"
"16210"|"16302"
"16300"|"16303"
"16100"|"16304"
"16420"|"16306"
"16230"|"16307"
"16450"|"16308"
"16230"|"16309"
"16350"|"16310"
"16170"|"16312"
"16190"|"16314"
"16480"|"16315"
"16130"|"16316"
"16140"|"16317"
"16460"|"16318"
"16570"|"16320"
"16700"|"16321"
"16500"|"16322"
"16380"|"16323"
"16700"|"16325"
"16230"|"16326"
"16190"|"16328"
"16450"|"16329"
"16100"|"16330"
"16480"|"16331"
"16250"|"16332"
"16190"|"16334"
"16700"|"16335"
"16260"|"16336"
"16500"|"16337"
"16300"|"16338"
"16170"|"16339"
"16720"|"16340"
"16470"|"16341"
"16300"|"16342"
"16130"|"16343"
"16110"|"16344"
"16150"|"16345"
"16210"|"16346"
"16210"|"16347"
"16290"|"16348"
"16200"|"16349"
"16390"|"16350"
"16120"|"16351"
"16120"|"16352"
"16220"|"16353"
"16480"|"16354"
"16370"|"16355"
"16460"|"16356"
"16480"|"16357"
"16710"|"16358"
"16130"|"16359"
"16300"|"16360"
"16700"|"16361"
"16190"|"16362"
"16420"|"16363"
"16310"|"16364"
"16480"|"16365"
"16130"|"16366"
"16410"|"16368"
"16200"|"16369"
"16440"|"16370"
"16170"|"16371"
"16380"|"16372"
"16240"|"16373"
"16800"|"16374"
"16260"|"16375"
"16270"|"16376"
"16260"|"16377"
"16700"|"16378"
"16110"|"16379"
"16360"|"16380"
"16240"|"16381"
"16410"|"16382"
"16560"|"16383"
"16360"|"16384"
"16600"|"16385"
"16120"|"16386"
"16200"|"16387"
"16730"|"16388"
"16350"|"16389"
"16140"|"16390"
"16700"|"16391"
"16460"|"16392"
"16330"|"16393"
"16320"|"16394"
"16170"|"16395"
"16460"|"16396"
"16140"|"16397"
"16310"|"16398"
"16130"|"16399"
"16510"|"16400"
"16330"|"16401"
"16120"|"16402"
"16350"|"16403"
"16350"|"16404"
"16300"|"16405"
"16220"|"16406"
"16320"|"16408"
"16240"|"16409"
"16700"|"16410"
"16140"|"16411"
"16560"|"16412"
"16240"|"16413"
"16230"|"16414"
"16430"|"16415"
"16310"|"16416"
"16120"|"16417"
"16400"|"16418"
"16330"|"16419"
"16250"|"16420"
"16220"|"16421"
"16410"|"16422"
"16330"|"16423"
"16210"|"16424"
"16110"|"16425"
"17500"|"17002"
"17290"|"17003"
"17123"|"17004"
"17150"|"17005"
"17500"|"17006"
"17540"|"17007"
"17230"|"17008"
"17540"|"17009"
"17690"|"17010"
"17350"|"17011"
"17380"|"17012"
"17400"|"17013"
"17120"|"17015"
"17520"|"17016"
"17380"|"17017"
"17290"|"17018"
"17590"|"17019"
"17520"|"17020"
"17530"|"17021"
"17400"|"17022"
"17770"|"17023"
"17470"|"17024"
"17770"|"17025"
"17770"|"17026"
"17800"|"17027"
"17440"|"17028"
"17160"|"17029"
"17600"|"17030"
"17160"|"17031"
"17290"|"17032"
"17360"|"17033"
"17120"|"17034"
"17490"|"17035"
"17620"|"17036"
"17490"|"17037"
"17210"|"17038"
"17800"|"17039"
"17400"|"17040"
"17170"|"17041"
"17770"|"17042"
"17330"|"17043"
"17460"|"17044"
"17250"|"17045"
"17400"|"17046"
"17800"|"17047"
"17160"|"17048"
"17470"|"17049"
"17240"|"17050"
"17580"|"17051"
"17150"|"17052"
"17430"|"17053"
"17270"|"17054"
"17360"|"17055"
"17800"|"17056"
"17540"|"17057"
"17560"|"17058"
"17220"|"17059"
"17120"|"17060"
"17210"|"17061"
"17490"|"17062"
"17700"|"17063"
"17920"|"17064"
"17870"|"17065"
"17520"|"17066"
"17160"|"17067"
"17120"|"17068"
"17800"|"17069"
"17770"|"17070"
"17160"|"17071"
"17770"|"17072"
"17100"|"17073"
"17210"|"17074"
"17430"|"17075"
"17520"|"17076"
"17270"|"17077"
"17800"|"17078"
"17890"|"17079"
"17290"|"17080"
"17130"|"17081"
"17500"|"17082"
"17620"|"17083"
"17240"|"17084"
"17430"|"17085"
"17610"|"17086"
"17380"|"17087"
"17100"|"17089"
"17230"|"17091"
"17130"|"17092"
"17480"|"17093"
"17340"|"17094"
"17210"|"17095"
"17130"|"17096"
"17600"|"17097"
"17120"|"17098"
"17210"|"17099"
"17610"|"17100"
"17470"|"17101"
"17460"|"17102"
"17380"|"17103"
"17210"|"17104"
"17510"|"17105"
"17520"|"17106"
"17290"|"17107"
"17500"|"17108"
"17220"|"17109"
"17270"|"17110"
"17240"|"17111"
"17600"|"17112"
"17360"|"17113"
"17330"|"17114"
"17460"|"17115"
"17150"|"17116"
"17470"|"17117"
"17130"|"17118"
"17600"|"17119"
"17600"|"17120"
"17670"|"17121"
"17800"|"17122"
"17330"|"17124"
"17400"|"17125"
"17160"|"17126"
"17170"|"17127"
"17100"|"17128"
"17130"|"17129"
"17130"|"17130"
"17120"|"17131"
"17170"|"17132"
"17260"|"17133"
"17350"|"17134"
"17160"|"17135"
"17220"|"17136"
"17330"|"17137"
"17470"|"17138"
"17330"|"17139"
"17550"|"17140"
"17610"|"17141"
"17139"|"17142"
"17100"|"17143"
"17800"|"17145"
"17620"|"17146"
"17770"|"17147"
"17810"|"17148"
"17510"|"17149"
"17400"|"17150"
"17600"|"17151"
"17120"|"17152"
"17137"|"17153"
"17250"|"17154"
"17750"|"17155"
"17130"|"17156"
"17350"|"17157"
"17170"|"17158"
"17800"|"17159"
"17120"|"17160"
"17630"|"17161"
"17510"|"17162"
"17500"|"17163"
"17100"|"17164"
"17400"|"17165"
"17290"|"17166"
"17270"|"17167"
"17450"|"17168"
"17770"|"17169"
"17250"|"17171"
"17260"|"17172"
"17360"|"17173"
"17430"|"17174"
"17520"|"17175"
"17160"|"17176"
"17160"|"17177"
"17260"|"17178"
"17100"|"17179"
"17490"|"17180"
"17350"|"17181"
"17170"|"17182"
"17120"|"17183"
"17620"|"17184"
"17600"|"17185"
"17540"|"17186"
"17500"|"17187"
"17160"|"17188"
"17320"|"17189"
"17137"|"17190"
"17460"|"17191"
"17520"|"17192"
"17220"|"17193"
"17220"|"17194"
"17330"|"17195"
"17260"|"17196"
"17500"|"17197"
"17770"|"17198"
"17130"|"17199"
"17140"|"17200"
"17170"|"17201"
"17380"|"17202"
"17290"|"17203"
"17500"|"17204"
"17870"|"17205"
"17470"|"17206"
"17111"|"17207"
"17230"|"17208"
"17520"|"17209"
"17240"|"17210"
"17330"|"17211"
"17160"|"17212"
"17330"|"17213"
"17600"|"17214"
"17500"|"17215"
"17430"|"17216"
"17490"|"17217"
"17230"|"17218"
"17320"|"17219"
"17800"|"17220"
"17700"|"17221"
"17137"|"17222"
"17490"|"17223"
"17160"|"17224"
"17570"|"17225"
"17400"|"17226"
"17800"|"17227"
"17600"|"17228"
"17210"|"17229"
"17132"|"17230"
"17130"|"17231"
"17120"|"17232"
"17500"|"17233"
"17330"|"17234"
"17770"|"17235"
"17150"|"17236"
"17780"|"17237"
"17500"|"17238"
"17160"|"17239"
"17130"|"17240"
"17270"|"17241"
"17800"|"17242"
"17210"|"17243"
"17260"|"17244"
"17220"|"17245"
"17430"|"17246"
"17113"|"17247"
"17120"|"17248"
"17500"|"17249"
"17240"|"17250"
"17350"|"17252"
"17430"|"17253"
"17380"|"17254"
"17600"|"17255"
"17770"|"17256"
"17510"|"17257"
"17520"|"17258"
"17500"|"17259"
"17270"|"17260"
"17490"|"17261"
"17810"|"17262"
"17150"|"17263"
"17137"|"17264"
"17600"|"17265"
"17380"|"17266"
"17540"|"17267"
"17470"|"17268"
"17210"|"17269"
"17500"|"17270"
"17470"|"17271"
"17700"|"17272"
"17800"|"17273"
"17180"|"17274"
"17810"|"17275"
"17210"|"17276"
"17400"|"17277"
"17600"|"17278"
"17240"|"17279"
"17250"|"17280"
"17210"|"17281"
"17130"|"17282"
"17800"|"17283"
"17250"|"17284"
"17350"|"17285"
"17880"|"17286"
"17210"|"17287"
"17400"|"17288"
"17460"|"17289"
"17160"|"17290"
"17138"|"17291"
"17380"|"17292"
"17700"|"17293"
"17380"|"17294"
"17500"|"17295"
"17460"|"17296"
"17940"|"17297"
"17460"|"17298"
"17300"|"17299"
"17000"|"17300"
"17510"|"17301"
"17250"|"17302"
"17170"|"17303"
"17800"|"17304"
"17130"|"17305"
"17200"|"17306"
"17600"|"17307"
"17620"|"17308"
"17360"|"17309"
"17260"|"17310"
"17570"|"17311"
"17150"|"17312"
"17770"|"17313"
"17770"|"17314"
"17220"|"17315"
"17520"|"17316"
"17240"|"17317"
"17590"|"17318"
"17210"|"17319"
"17430"|"17320"
"17380"|"17321"
"17170"|"17322"
"17650"|"17323"
"17150"|"17324"
"17240"|"17325"
"17520"|"17326"
"17330"|"17327"
"17240"|"17328"
"17780"|"17329"
"17250"|"17330"
"17240"|"17331"
"17240"|"17332"
"17110"|"17333"
"17470"|"17334"
"17150"|"17335"
"17810"|"17336"
"17190"|"17337"
"17700"|"17338"
"17500"|"17339"
"17700"|"17340"
"17500"|"17341"
"17240"|"17342"
"17240"|"17343"
"17770"|"17344"
"17500"|"17345"
"17430"|"17346"
"17400"|"17347"
"17620"|"17348"
"17170"|"17349"
"17400"|"17350"
"17320"|"17351"
"17380"|"17352"
"17450"|"17353"
"17800"|"17354"
"17520"|"17355"
"17380"|"17356"
"17520"|"17357"
"17470"|"17358"
"17700"|"17359"
"17740"|"17360"
"17330"|"17361"
"17150"|"17362"
"17500"|"17363"
"17520"|"17364"
"17270"|"17365"
"17360"|"17366"
"17400"|"17367"
"17410"|"17369"
"17500"|"17371"
"17500"|"17372"
"17220"|"17373"
"17770"|"17374"
"17780"|"17375"
"17230"|"17376"
"17490"|"17377"
"17210"|"17378"
"17800"|"17379"
"17420"|"17380"
"17400"|"17381"
"17700"|"17382"
"17400"|"17383"
"17330"|"17384"
"17310"|"17385"
"17270"|"17386"
"17250"|"17387"
"17800"|"17388"
"17250"|"17389"
"17240"|"17390"
"17220"|"17391"
"17240"|"17392"
"17600"|"17393"
"17700"|"17394"
"17610"|"17395"
"17540"|"17396"
"17350"|"17397"
"17800"|"17398"
"17800"|"17400"
"17330"|"17401"
"17240"|"17402"
"17500"|"17403"
"17260"|"17404"
"17150"|"17405"
"17600"|"17406"
"17220"|"17407"
"17250"|"17408"
"17200"|"17409"
"17150"|"17410"
"17370"|"17411"
"17100"|"17412"
"17220"|"17413"
"17138"|"17414"
"17100"|"17415"
"17510"|"17416"
"17130"|"17417"
"17800"|"17418"
"17220"|"17420"
"17600"|"17421"
"17510"|"17422"
"17150"|"17423"
"17150"|"17424"
"17120"|"17425"
"17770"|"17426"
"17490"|"17427"
"17160"|"17428"
"17780"|"17429"
"17150"|"17430"
"17250"|"17431"
"17130"|"17432"
"17130"|"17433"
"17700"|"17434"
"17350"|"17435"
"17350"|"17436"
"17120"|"17437"
"17260"|"17438"
"17170"|"17439"
"17400"|"17440"
"17460"|"17441"
"17120"|"17442"
"17290"|"17443"
"17460"|"17444"
"17600"|"17445"
"17160"|"17446"
"17290"|"17447"
"17380"|"17448"
"17430"|"17449"
"17380"|"17450"
"17160"|"17451"
"17390"|"17452"
"17250"|"17453"
"17130"|"17454"
"17250"|"17455"
"17700"|"17457"
"17500"|"17458"
"17400"|"17459"
"17460"|"17460"
"17640"|"17461"
"17100"|"17462"
"17300"|"17463"
"17330"|"17464"
"17400"|"17465"
"17540"|"17466"
"17400"|"17467"
"17130"|"17468"
"17260"|"17469"
"17770"|"17470"
"17470"|"17471"
"17230"|"17472"
"17470"|"17473"
"17330"|"17474"
"17500"|"17476"
"17510"|"17477"
"17510"|"17478"
"17260"|"17479"
"17290"|"17480"
"17400"|"17481"
"17700"|"17482"
"17340"|"17483"
"17730"|"17484"
"17370"|"17485"
"17840"|"17486"
"18250"|"18001"
"18200"|"18002"
"18220"|"18003"
"18110"|"18004"
"18500"|"18005"
"18340"|"18006"
"18150"|"18007"
"18340"|"18008"
"18200"|"18009"
"18170"|"18010"
"18410"|"18011"
"18140"|"18012"
"18200"|"18013"
"18260"|"18014"
"18700"|"18015"
"18220"|"18016"
"18600"|"18017"
"18520"|"18018"
"18220"|"18019"
"18300"|"18020"
"18210"|"18021"
"18260"|"18022"
"18800"|"18023"
"18370"|"18024"
"18320"|"18025"
"18240"|"18026"
"18520"|"18027"
"18500"|"18028"
"18210"|"18029"
"18410"|"18030"
"18350"|"18031"
"18240"|"18032"
"18000"|"18033"
"18200"|"18034"
"18220"|"18035"
"18120"|"18036"
"18410"|"18037"
"18200"|"18038"
"18300"|"18039"
"18130"|"18040"
"18360"|"18041"
"18200"|"18042"
"18160"|"18043"
"18120"|"18044"
"18130"|"18045"
"18190"|"18046"
"18380"|"18047"
"18150"|"18048"
"18140"|"18049"
"18570"|"18050"
"18250"|"18051"
"18210"|"18052"
"18140"|"18053"
"18350"|"18054"
"18290"|"18055"
"18800"|"18056"
"18370"|"18057"
"18190"|"18058"
"18170"|"18059"
"18350"|"18060"
"18140"|"18061"
"18150"|"18062"
"18190"|"18063"
"18120"|"18064"
"18160"|"18065"
"18290"|"18066"
"18410"|"18067"
"18130"|"18068"
"18200"|"18069"
"18260"|"18070"
"18130"|"18071"
"18350"|"18072"
"18190"|"18073"
"18300"|"18074"
"18320"|"18075"
"18210"|"18076"
"18140"|"18077"
"18190"|"18078"
"18300"|"18079"
"18350"|"18080"
"18340"|"18081"
"18150"|"18082"
"18270"|"18083"
"18260"|"18084"
"18310"|"18085"
"18200"|"18086"
"18130"|"18087"
"18380"|"18088"
"18360"|"18089"
"18800"|"18090"
"18200"|"18091"
"18800"|"18092"
"18360"|"18093"
"18300"|"18094"
"18350"|"18095"
"18500"|"18096"
"18110"|"18097"
"18300"|"18098"
"18140"|"18099"
"18310"|"18100"
"18150"|"18101"
"18600"|"18102"
"18310"|"18103"
"18140"|"18104"
"18800"|"18105"
"18600"|"18106"
"18200"|"18107"
"18150"|"18108"
"18250"|"18109"
"18140"|"18110"
"18250"|"18111"
"18170"|"18112"
"18350"|"18113"
"18160"|"18114"
"18380"|"18115"
"18300"|"18116"
"18260"|"18117"
"18320"|"18118"
"18130"|"18119"
"18140"|"18120"
"18130"|"18121"
"18340"|"18122"
"18800"|"18123"
"18120"|"18124"
"18240"|"18125"
"18340"|"18126"
"18160"|"18127"
"18120"|"18128"
"18340"|"18129"
"18170"|"18130"
"18350"|"18131"
"18140"|"18132"
"18400"|"18133"
"18120"|"18134"
"18170"|"18135"
"18170"|"18136"
"18290"|"18137"
"18500"|"18138"
"18320"|"18139"
"18120"|"18140"
"18500"|"18141"
"18200"|"18142"
"18320"|"18143"
"18300"|"18144"
"18510"|"18145"
"18300"|"18146"
"18700"|"18147"
"18120"|"18148"
"18380"|"18149"
"18100"|"18150"
"18250"|"18151"
"18160"|"18152"
"18170"|"18153"
"18350"|"18154"
"18600"|"18155"
"18220"|"18156"
"18570"|"18157"
"18390"|"18158"
"18330"|"18159"
"18350"|"18160"
"18600"|"18161"
"18250"|"18162"
"18250"|"18163"
"18600"|"18164"
"18330"|"18165"
"18390"|"18166"
"18310"|"18167"
"18260"|"18168"
"18200"|"18169"
"18700"|"18170"
"18200"|"18171"
"18200"|"18172"
"18130"|"18173"
"18390"|"18174"
"18350"|"18175"
"18220"|"18176"
"18130"|"18177"
"18200"|"18178"
"18110"|"18179"
"18340"|"18180"
"18290"|"18181"
"18290"|"18182"
"18210"|"18183"
"18140"|"18184"
"18380"|"18185"
"18120"|"18186"
"18370"|"18187"
"18400"|"18188"
"18110"|"18189"
"18120"|"18190"
"18130"|"18191"
"18270"|"18192"
"18170"|"18193"
"18220"|"18194"
"18600"|"18195"
"18600"|"18196"
"18200"|"18197"
"18290"|"18198"
"18160"|"18199"
"18300"|"18200"
"18400"|"18201"
"18220"|"18202"
"18270"|"18203"
"18130"|"18204"
"18230"|"18205"
"18110"|"18206"
"18400"|"18207"
"18240"|"18208"
"18200"|"18209"
"18100"|"18210"
"18110"|"18211"
"18340"|"18212"
"18390"|"18213"
"18100"|"18214"
"18320"|"18215"
"18160"|"18216"
"18370"|"18217"
"18340"|"18218"
"18330"|"18219"
"18140"|"18220"
"18190"|"18221"
"18340"|"18222"
"18110"|"18223"
"18140"|"18224"
"18270"|"18225"
"18390"|"18226"
"18700"|"18227"
"18310"|"18228"
"18110"|"18229"
"18170"|"18230"
"18210"|"18231"
"18370"|"18232"
"18300"|"18233"
"18370"|"18234"
"18220"|"18235"
"18190"|"18236"
"18500"|"18237"
"18360"|"18238"
"18800"|"18239"
"18140"|"18240"
"18300"|"18241"
"18600"|"18242"
"18240"|"18243"
"18290"|"18244"
"18360"|"18245"
"18240"|"18246"
"18390"|"18247"
"18340"|"18248"
"18300"|"18249"
"18190"|"18250"
"18140"|"18251"
"18270"|"18252"
"18220"|"18253"
"18340"|"18254"
"18570"|"18255"
"18260"|"18256"
"18240"|"18257"
"18300"|"18258"
"18260"|"18259"
"18350"|"18260"
"18210"|"18261"
"18300"|"18262"
"18100"|"18263"
"18260"|"18264"
"18320"|"18265"
"18160"|"18266"
"18570"|"18267"
"18190"|"18268"
"18260"|"18269"
"18190"|"18270"
"18110"|"18271"
"18300"|"18272"
"18190"|"18273"
"18300"|"18274"
"18600"|"18275"
"18210"|"18276"
"18210"|"18277"
"18360"|"18278"
"18100"|"18279"
"18110"|"18280"
"18500"|"18281"
"18800"|"18282"
"18160"|"18283"
"18260"|"18284"
"18400"|"18285"
"18800"|"18286"
"18300"|"18287"
"18340"|"18288"
"18130"|"18289"
"18330"|"18290"
"19260"|"19001"
"19200"|"19002"
"19190"|"19003"
"19380"|"19004"
"19240"|"19005"
"19200"|"19006"
"19120"|"19007"
"19250"|"19008"
"19000"|"19009"
"19400"|"19010"
"19230"|"19011"
"19120"|"19012"
"19190"|"19013"
"19220"|"19014"
"19310"|"19015"
"19800"|"19016"
"19430"|"19017"
"19220"|"19018"
"19120"|"19019"
"19390"|"19020"
"19290"|"19021"
"19510"|"19022"
"19190"|"19023"
"19230"|"19024"
"19230"|"19025"
"19120"|"19026"
"19170"|"19027"
"19110"|"19028"
"19500"|"19029"
"19310"|"19030"
"19100"|"19031"
"19120"|"19032"
"19170"|"19033"
"19430"|"19034"
"19350"|"19035"
"19370"|"19036"
"19450"|"19037"
"19330"|"19038"
"19320"|"19039"
"19320"|"19040"
"19150"|"19041"
"19330"|"19042"
"19360"|"19043"
"19120"|"19044"
"19430"|"19045"
"19300"|"19046"
"19600"|"19047"
"19190"|"19048"
"19600"|"19049"
"19500"|"19050"
"19390"|"19051"
"19290"|"19052"
"19200"|"19053"
"19120"|"19054"
"19160"|"19055"
"19320"|"19056"
"19500"|"19057"
"19250"|"19058"
"19350"|"19059"
"19140"|"19060"
"19150"|"19061"
"19800"|"19062"
"19360"|"19063"
"19340"|"19064"
"19340"|"19065"
"19520"|"19066"
"19500"|"19067"
"19360"|"19068"
"19220"|"19069"
"19300"|"19070"
"19250"|"19071"
"19270"|"19072"
"19300"|"19073"
"19170"|"19074"
"19150"|"19075"
"19140"|"19076"
"19600"|"19077"
"19410"|"19078"
"19140"|"19079"
"19340"|"19080"
"19800"|"19081"
"19330"|"19082"
"19340"|"19083"
"19380"|"19084"
"19800"|"19085"
"19430"|"19086"
"19170"|"19087"
"19300"|"19088"
"19320"|"19089"
"19320"|"19090"
"19400"|"19091"
"19300"|"19092"
"19500"|"19093"
"19350"|"19094"
"19170"|"19095"
"19150"|"19096"
"19320"|"19097"
"19150"|"19098"
"19500"|"19099"
"19700"|"19100"
"19150"|"19101"
"19160"|"19102"
"19340"|"19103"
"19510"|"19104"
"19190"|"19105"
"19550"|"19106"
"19600"|"19107"
"19340"|"19108"
"19130"|"19109"
"19160"|"19110"
"19550"|"19111"
"19170"|"19112"
"19160"|"19113"
"19200"|"19114"
"19500"|"19115"
"19120"|"19116"
"19600"|"19117"
"19470"|"19118"
"19500"|"19119"
"19310"|"19120"
"19210"|"19121"
"19470"|"19122"
"19360"|"19123"
"19520"|"19124"
"19320"|"19125"
"19500"|"19126"
"19150"|"19127"
"19200"|"19128"
"19510"|"19129"
"19250"|"19130"
"19510"|"19131"
"19190"|"19132"
"19430"|"19133"
"19340"|"19134"
"19200"|"19135"
"19250"|"19136"
"19800"|"19137"
"19500"|"19138"
"19290"|"19139"
"19400"|"19140"
"19340"|"19141"
"19110"|"19142"
"19300"|"19143"
"19210"|"19144"
"19300"|"19145"
"19460"|"19146"
"19600"|"19147"
"19160"|"19148"
"19380"|"19149"
"19500"|"19150"
"19600"|"19151"
"19120"|"19152"
"19130"|"19153"
"19410"|"19154"
"19390"|"19155"
"19190"|"19156"
"19160"|"19157"
"19150"|"19158"
"19300"|"19159"
"19170"|"19160"
"19310"|"19161"
"19410"|"19162"
"19190"|"19163"
"19290"|"19164"
"19260"|"19165"
"19450"|"19166"
"19200"|"19167"
"19170"|"19168"
"19120"|"19169"
"19120"|"19170"
"19430"|"19171"
"19260"|"19172"
"19220"|"19173"
"19320"|"19174"
"19160"|"19175"
"19300"|"19176"
"19350"|"19177"
"19270"|"19178"
"19500"|"19179"
"19200"|"19180"
"19390"|"19181"
"19130"|"19182"
"19320"|"19183"
"19500"|"19184"
"19150"|"19185"
"19380"|"19186"
"19130"|"19187"
"19410"|"19188"
"19430"|"19189"
"19200"|"19190"
"19600"|"19191"
"19380"|"19192"
"19220"|"19193"
"19700"|"19194"
"19130"|"19195"
"19130"|"19196"
"19210"|"19198"
"19200"|"19199"
"19160"|"19200"
"19200"|"19201"
"19270"|"19202"
"19490"|"19203"
"19200"|"19204"
"19220"|"19205"
"19290"|"19206"
"19330"|"19207"
"19550"|"19208"
"19170"|"19209"
"19160"|"19210"
"19560"|"19211"
"19400"|"19212"
"19700"|"19213"
"19220"|"19214"
"19430"|"19215"
"19210"|"19216"
"19500"|"19217"
"19110"|"19218"
"19160"|"19219"
"19150"|"19220"
"19400"|"19221"
"19320"|"19222"
"19210"|"19223"
"19320"|"19225"
"19170"|"19226"
"19330"|"19227"
"19160"|"19228"
"19600"|"19229"
"19210"|"19230"
"19320"|"19231"
"19200"|"19232"
"19200"|"19233"
"19270"|"19234"
"19150"|"19235"
"19800"|"19236"
"19220"|"19237"
"19290"|"19238"
"19310"|"19239"
"19700"|"19240"
"19290"|"19241"
"19130"|"19242"
"19230"|"19243"
"19250"|"19244"
"19380"|"19245"
"19240"|"19246"
"19200"|"19247"
"19140"|"19248"
"19300"|"19249"
"19510"|"19250"
"19800"|"19251"
"19110"|"19252"
"19310"|"19253"
"19230"|"19254"
"19700"|"19255"
"19160"|"19256"
"19190"|"19257"
"19220"|"19258"
"19430"|"19259"
"19120"|"19260"
"19290"|"19261"
"19370"|"19262"
"19300"|"19263"
"19550"|"19264"
"19170"|"19265"
"19200"|"19266"
"19170"|"19268"
"19260"|"19269"
"19230"|"19270"
"19120"|"19271"
"19000"|"19272"
"19500"|"19273"
"19270"|"19274"
"19200"|"19275"
"19140"|"19276"
"19200"|"19277"
"19240"|"19278"
"19130"|"19279"
"19120"|"19280"
"19260"|"19281"
"19360"|"19282"
"19200"|"19283"
"19170"|"19284"
"19410"|"19285"
"19130"|"19286"
"19800"|"19287"
"19130"|"19288"
"19310"|"19289"
"21700"|"21001"
"21410"|"21002"
"21121"|"21003"
"21510"|"21004"
"21110"|"21005"
"21400"|"21006"
"21390"|"21007"
"21150"|"21008"
"21230"|"21009"
"21420"|"21010"
"21450"|"21011"
"21400"|"21012"
"21410"|"21013"
"21360"|"21014"
"21230"|"21015"
"21310"|"21016"
"21700"|"21017"
"21410"|"21018"
"21320"|"21020"
"21560"|"21021"
"21700"|"21022"
"21230"|"21023"
"21350"|"21024"
"21500"|"21025"
"21500"|"21026"
"21380"|"21027"
"21130"|"21028"
"21500"|"21029"
"21360"|"21030"
"21170"|"21031"
"21340"|"21032"
"21540"|"21033"
"21570"|"21034"
"21250"|"21035"
"21360"|"21036"
"21190"|"21037"
"21130"|"21038"
"21120"|"21039"
"21350"|"21040"
"21580"|"21041"
"21700"|"21042"
"21450"|"21043"
"21330"|"21044"
"21410"|"21045"
"21430"|"21046"
"21460"|"21047"
"21910"|"21048"
"21580"|"21049"
"21340"|"21050"
"21410"|"21051"
"21510"|"21052"
"21310"|"21053"
"21200"|"21054"
"21510"|"21055"
"21310"|"21056"
"21110"|"21057"
"21570"|"21058"
"21490"|"21059"
"21310"|"21060"
"21510"|"21061"
"21320"|"21062"
"21290"|"21063"
"21500"|"21064"
"21360"|"21065"
"21360"|"21066"
"21110"|"21067"
"21320"|"21068"
"21350"|"21069"
"21220"|"21070"
"21310"|"21071"
"21310"|"21072"
"21390"|"21073"
"21130"|"21074"
"21450"|"21075"
"21270"|"21076"
"21520"|"21077"
"21330"|"21078"
"21310"|"21079"
"21540"|"21080"
"21540"|"21081"
"21320"|"21082"
"21430"|"21083"
"21690"|"21084"
"21440"|"21085"
"21200"|"21086"
"21360"|"21087"
"21700"|"21088"
"21250"|"21089"
"21520"|"21090"
"21360"|"21091"
"21420"|"21092"
"21330"|"21093"
"21610"|"21094"
"21250"|"21095"
"21260"|"21096"
"21350"|"21097"
"21690"|"21098"
"21200"|"21099"
"21350"|"21100"
"21390"|"21101"
"21430"|"21102"
"21470"|"21103"
"21400"|"21104"
"21560"|"21105"
"21110"|"21106"
"21490"|"21107"
"21390"|"21108"
"21570"|"21109"
"21220"|"21110"
"21490"|"21111"
"21250"|"21112"
"21220"|"21113"
"21500"|"21114"
"21400"|"21115"
"21290"|"21116"
"21510"|"21117"
"21580"|"21118"
"21580"|"21119"
"21360"|"21120"
"21540"|"21121"
"21150"|"21122"
"21290"|"21123"
"21430"|"21124"
"21330"|"21125"
"21110"|"21126"
"21120"|"21127"
"21320"|"21128"
"21290"|"21129"
"21110"|"21130"
"21250"|"21131"
"21220"|"21132"
"21220"|"21133"
"21400"|"21134"
"21310"|"21135"
"21440"|"21136"
"21500"|"21137"
"21130"|"21138"
"21210"|"21139"
"21230"|"21140"
"21690"|"21141"
"21440"|"21142"
"21330"|"21143"
"21690"|"21144"
"21140"|"21145"
"21310"|"21146"
"21350"|"21147"
"21170"|"21148"
"21400"|"21149"
"21190"|"21150"
"21150"|"21151"
"21320"|"21152"
"21320"|"21153"
"21400"|"21154"
"21360"|"21155"
"21360"|"21156"
"21290"|"21157"
"21610"|"21158"
"21520"|"21159"
"21450"|"21160"
"21400"|"21161"
"21700"|"21162"
"21260"|"21163"
"21320"|"21164"
"21400"|"21165"
"21300"|"21166"
"21310"|"21167"
"21540"|"21168"
"21220"|"21169"
"21200"|"21170"
"21800"|"21171"
"21820"|"21172"
"21200"|"21173"
"21270"|"21175"
"21320"|"21176"
"21390"|"21177"
"21220"|"21178"
"21490"|"21179"
"21270"|"21180"
"21230"|"21181"
"21220"|"21182"
"21110"|"21183"
"21360"|"21184"
"21200"|"21185"
"21700"|"21186"
"21320"|"21187"
"21250"|"21189"
"21190"|"21190"
"21910"|"21191"
"21160"|"21192"
"21250"|"21193"
"21700"|"21194"
"21340"|"21195"
"21190"|"21196"
"21150"|"21197"
"21460"|"21198"
"21460"|"21199"
"21160"|"21200"
"21400"|"21201"
"21520"|"21202"
"21460"|"21203"
"21500"|"21204"
"21140"|"21205"
"21580"|"21207"
"21120"|"21208"
"21560"|"21209"
"21320"|"21210"
"21120"|"21211"
"21500"|"21212"
"21800"|"21213"
"21360"|"21214"
"21310"|"21215"
"21230"|"21216"
"21220"|"21217"
"21380"|"21218"
"21220"|"21219"
"21580"|"21220"
"21360"|"21221"
"21230"|"21222"
"21121"|"21223"
"21350"|"21224"
"21310"|"21225"
"21150"|"21226"
"21121"|"21227"
"21220"|"21228"
"21430"|"21229"
"21120"|"21230"
"21000"|"21231"
"21390"|"21232"
"21270"|"21233"
"21540"|"21234"
"21510"|"21235"
"21190"|"21236"
"21510"|"21237"
"21540"|"21238"
"21170"|"21239"
"21120"|"21240"
"21420"|"21241"
"21110"|"21242"
"21360"|"21243"
"21320"|"21244"
"21380"|"21245"
"21220"|"21246"
"21460"|"21247"
"21500"|"21248"
"21170"|"21249"
"21290"|"21250"
"21320"|"21251"
"21500"|"21252"
"21510"|"21253"
"21220"|"21254"
"21121"|"21255"
"21270"|"21256"
"21450"|"21257"
"21400"|"21258"
"21500"|"21259"
"21500"|"21260"
"21110"|"21261"
"21290"|"21262"
"21600"|"21263"
"21230"|"21264"
"21220"|"21265"
"21490"|"21266"
"21640"|"21267"
"21130"|"21268"
"21130"|"21269"
"21160"|"21270"
"21150"|"21271"
"21140"|"21272"
"21410"|"21273"
"21230"|"21274"
"21260"|"21275"
"21450"|"21276"
"21610"|"21277"
"21121"|"21278"
"21330"|"21279"
"21390"|"21280"
"21610"|"21281"
"21460"|"21282"
"21580"|"21283"
"21440"|"21284"
"21170"|"21285"
"21120"|"21286"
"21500"|"21287"
"21150"|"21288"
"21700"|"21289"
"21120"|"21290"
"21140"|"21291"
"21110"|"21292"
"21410"|"21293"
"21700"|"21294"
"21220"|"21295"
"21520"|"21296"
"21640"|"21297"
"21350"|"21298"
"21150"|"21299"
"21410"|"21300"
"21250"|"21301"
"21400"|"21302"
"21520"|"21303"
"21580"|"21304"
"21570"|"21305"
"21540"|"21306"
"21150"|"21307"
"21150"|"21308"
"21330"|"21309"
"21540"|"21310"
"21250"|"21311"
"21290"|"21312"
"21290"|"21313"
"21150"|"21314"
"21121"|"21315"
"21270"|"21316"
"21120"|"21317"
"21340"|"21318"
"21110"|"21319"
"21110"|"21320"
"21150"|"21321"
"21250"|"21322"
"21310"|"21323"
"21460"|"21324"
"21230"|"21325"
"21450"|"21326"
"21340"|"21327"
"21210"|"21328"
"21140"|"21329"
"21110"|"21330"
"21130"|"21331"
"21820"|"21332"
"21250"|"21333"
"21230"|"21334"
"21210"|"21335"
"21330"|"21336"
"21760"|"21337"
"21440"|"21338"
"21370"|"21339"
"21250"|"21340"
"21140"|"21341"
"21170"|"21342"
"21330"|"21343"
"21250"|"21344"
"21440"|"21345"
"21290"|"21346"
"21200"|"21347"
"21610"|"21348"
"21430"|"21349"
"21520"|"21350"
"21110"|"21351"
"21110"|"21352"
"21110"|"21353"
"21230"|"21354"
"21600"|"21355"
"21170"|"21356"
"21520"|"21357"
"21150"|"21358"
"21290"|"21359"
"21360"|"21360"
"21120"|"21361"
"21320"|"21362"
"21230"|"21363"
"21450"|"21364"
"21140"|"21365"
"21170"|"21366"
"21130"|"21367"
"21700"|"21368"
"21310"|"21369"
"21110"|"21370"
"21130"|"21371"
"21400"|"21372"
"21410"|"21373"
"21230"|"21374"
"21430"|"21375"
"21270"|"21376"
"21350"|"21377"
"21330"|"21378"
"21430"|"21379"
"21390"|"21380"
"21350"|"21381"
"21320"|"21382"
"21120"|"21383"
"21700"|"21384"
"21120"|"21385"
"21150"|"21386"
"21200"|"21387"
"21110"|"21388"
"21500"|"21389"
"21160"|"21390"
"21380"|"21391"
"21320"|"21392"
"21400"|"21393"
"21140"|"21394"
"21350"|"21395"
"21510"|"21396"
"21190"|"21397"
"21270"|"21398"
"21320"|"21399"
"21580"|"21400"
"21190"|"21401"
"21290"|"21402"
"21430"|"21403"
"21150"|"21404"
"21190"|"21405"
"21540"|"21406"
"21220"|"21407"
"21380"|"21408"
"21700"|"21409"
"21510"|"21410"
"21200"|"21411"
"21190"|"21412"
"21140"|"21413"
"21230"|"21414"
"21510"|"21415"
"21310"|"21416"
"21210"|"21417"
"21510"|"21418"
"21330"|"21419"
"21340"|"21420"
"21120"|"21421"
"21210"|"21422"
"21200"|"21423"
"21250"|"21424"
"21500"|"21425"
"21460"|"21426"
"21360"|"21427"
"21190"|"21428"
"21500"|"21429"
"21390"|"21430"
"21140"|"21431"
"21520"|"21432"
"21610"|"21433"
"21210"|"21434"
"21400"|"21435"
"21250"|"21436"
"21270"|"21437"
"21290"|"21438"
"21540"|"21439"
"21170"|"21440"
"21320"|"21441"
"21220"|"21442"
"21400"|"21444"
"21210"|"21445"
"21500"|"21446"
"21230"|"21447"
"21150"|"21448"
"21390"|"21449"
"21190"|"21450"
"21330"|"21451"
"21800"|"21452"
"21330"|"21454"
"21400"|"21455"
"21500"|"21456"
"21390"|"21457"
"21910"|"21458"
"21310"|"21459"
"21400"|"21460"
"21340"|"21461"
"21490"|"21462"
"21390"|"21463"
"21700"|"21464"
"21400"|"21465"
"21450"|"21466"
"21310"|"21467"
"21610"|"21468"
"21490"|"21469"
"21510"|"21470"
"21450"|"21471"
"21260"|"21472"
"21600"|"21473"
"21250"|"21474"
"21250"|"21475"
"21360"|"21476"
"21540"|"21477"
"21370"|"21478"
"21440"|"21479"
"21420"|"21480"
"21160"|"21481"
"21270"|"21482"
"21120"|"21483"
"21500"|"21484"
"21370"|"21485"
"21110"|"21486"
"21110"|"21487"
"21330"|"21488"
"21440"|"21489"
"21450"|"21490"
"21120"|"21491"
"21630"|"21492"
"21130"|"21493"
"21440"|"21494"
"21130"|"21495"
"21270"|"21496"
"21140"|"21497"
"21350"|"21498"
"21400"|"21499"
"21150"|"21500"
"21320"|"21501"
"21250"|"21502"
"21610"|"21503"
"21410"|"21504"
"21390"|"21505"
"21700"|"21506"
"21110"|"21507"
"21370"|"21508"
"21400"|"21510"
"21400"|"21511"
"21190"|"21512"
"21220"|"21513"
"21510"|"21514"
"21800"|"21515"
"21500"|"21516"
"21700"|"21517"
"21500"|"21518"
"21290"|"21519"
"21540"|"21520"
"21560"|"21521"
"21310"|"21522"
"21220"|"21523"
"21570"|"21524"
"21530"|"21525"
"21510"|"21526"
"21340"|"21527"
"21150"|"21528"
"21390"|"21529"
"21500"|"21530"
"21530"|"21531"
"21110"|"21532"
"21320"|"21533"
"21200"|"21534"
"21490"|"21535"
"21260"|"21536"
"21350"|"21537"
"21530"|"21538"
"21540"|"21539"
"21850"|"21540"
"21190"|"21541"
"21700"|"21542"
"21290"|"21543"
"21350"|"21544"
"21400"|"21545"
"21210"|"21546"
"21140"|"21547"
"21530"|"21548"
"21510"|"21549"
"21500"|"21550"
"21690"|"21552"
"21410"|"21553"
"21170"|"21554"
"21490"|"21555"
"21270"|"21556"
"21450"|"21557"
"21200"|"21558"
"21410"|"21559"
"21210"|"21560"
"21440"|"21561"
"21610"|"21562"
"21540"|"21563"
"21700"|"21564"
"21220"|"21565"
"21230"|"21566"
"21230"|"21567"
"21500"|"21568"
"21190"|"21569"
"21320"|"21570"
"21270"|"21571"
"21130"|"21572"
"21440"|"21573"
"21610"|"21574"
"21170"|"21575"
"21350"|"21576"
"21170"|"21577"
"21410"|"21578"
"21580"|"21579"
"21690"|"21580"
"21170"|"21581"
"21590"|"21582"
"21340"|"21583"
"21210"|"21584"
"21910"|"21585"
"21910"|"21586"
"21120"|"21587"
"21360"|"21588"
"21380"|"21589"
"21420"|"21590"
"21380"|"21591"
"21540"|"21592"
"21430"|"21593"
"21500"|"21594"
"21310"|"21595"
"21910"|"21596"
"21220"|"21597"
"21150"|"21598"
"21260"|"21599"
"21320"|"21600"
"21220"|"21601"
"21450"|"21602"
"21140"|"21603"
"21500"|"21604"
"21800"|"21605"
"21550"|"21606"
"21250"|"21607"
"21530"|"21608"
"21110"|"21609"
"21270"|"21610"
"21540"|"21611"
"21140"|"21612"
"21350"|"21613"
"21120"|"21614"
"21430"|"21615"
"21190"|"21616"
"21240"|"21617"
"21270"|"21618"
"21310"|"21619"
"21120"|"21620"
"21110"|"21621"
"21110"|"21622"
"21110"|"21623"
"21270"|"21624"
"21220"|"21625"
"21290"|"21626"
"21150"|"21627"
"21570"|"21628"
"21210"|"21629"
"21320"|"21630"
"21360"|"21631"
"21110"|"21632"
"21350"|"21633"
"21360"|"21634"
"21460"|"21635"
"21340"|"21636"
"21250"|"21637"
"21120"|"21638"
"21130"|"21639"
"21460"|"21640"
"21500"|"21641"
"21460"|"21642"
"21130"|"21643"
"21310"|"21644"
"21170"|"21645"
"21440"|"21646"
"21250"|"21647"
"21540"|"21648"
"21350"|"21649"
"21220"|"21650"
"21121"|"21651"
"21320"|"21652"
"21400"|"21653"
"21400"|"21655"
"21110"|"21656"
"21490"|"21657"
"21340"|"21658"
"21440"|"21659"
"21360"|"21660"
"21370"|"21661"
"21350"|"21662"
"21150"|"21663"
"21330"|"21664"
"21260"|"21665"
"21120"|"21666"
"21260"|"21667"
"21540"|"21669"
"21690"|"21670"
"21330"|"21671"
"21350"|"21672"
"21360"|"21673"
"21520"|"21674"
"21430"|"21675"
"21140"|"21676"
"21360"|"21677"
"21390"|"21678"
"21540"|"21679"
"21270"|"21680"
"21460"|"21681"
"21310"|"21682"
"21230"|"21683"
"21200"|"21684"
"21450"|"21685"
"21500"|"21686"
"21210"|"21687"
"21700"|"21688"
"21140"|"21689"
"21350"|"21690"
"21700"|"21691"
"21120"|"21692"
"21330"|"21693"
"21350"|"21694"
"21450"|"21695"
"21140"|"21696"
"21700"|"21698"
"21130"|"21699"
"21400"|"21700"
"21130"|"21701"
"21120"|"21702"
"21430"|"21703"
"21400"|"21704"
"21690"|"21705"
"21400"|"21706"
"21350"|"21707"
"21250"|"21708"
"21500"|"21709"
"21350"|"21710"
"21400"|"21711"
"21190"|"21712"
"21270"|"21713"
"21700"|"21714"
"21230"|"21715"
"21640"|"21716"
"21290"|"21717"
"22460"|"22001"
"22400"|"22002"
"22100"|"22003"
"22140"|"22004"
"22810"|"22005"
"22140"|"22006"
"22520"|"22007"
"22100"|"22008"
"22320"|"22009"
"22170"|"22011"
"22240"|"22012"
"22390"|"22013"
"22130"|"22014"
"22510"|"22015"
"22870"|"22016"
"22140"|"22018"
"22170"|"22019"
"22250"|"22020"
"22100"|"22021"
"22160"|"22023"
"22160"|"22024"
"22160"|"22025"
"22100"|"22026"
"22210"|"22027"
"22450"|"22028"
"22480"|"22029"
"22300"|"22030"
"22160"|"22031"
"22350"|"22032"
"22530"|"22033"
"22140"|"22034"
"22630"|"22035"
"22350"|"22036"
"22160"|"22037"
"22170"|"22038"
"22210"|"22039"
"22970"|"22040"
"22140"|"22041"
"22450"|"22042"
"22210"|"22043"
"22400"|"22044"
"22800"|"22045"
"22330"|"22046"
"22320"|"22047"
"22130"|"22048"
"22130"|"22049"
"22100"|"22050"
"22270"|"22051"
"22160"|"22052"
"22250"|"22053"
"22430"|"22054"
"22680"|"22055"
"22630"|"22056"
"22290"|"22057"
"22210"|"22058"
"22800"|"22059"
"22150"|"22060"
"22110"|"22061"
"22230"|"22062"
"22290"|"22063"
"22570"|"22064"
"22290"|"22065"
"22330"|"22066"
"22200"|"22067"
"22460"|"22068"
"22350"|"22069"
"22200"|"22070"
"22350"|"22071"
"22390"|"22072"
"22320"|"22073"
"22320"|"22074"
"22600"|"22075"
"22550"|"22076"
"22400"|"22077"
"22450"|"22078"
"22150"|"22079"
"22150"|"22080"
"22120"|"22081"
"22100"|"22082"
"22230"|"22083"
"22270"|"22084"
"22610"|"22085"
"22500"|"22086"
"22110"|"22087"
"22480"|"22088"
"22450"|"22090"
"22140"|"22091"
"22480"|"22092"
"22400"|"22093"
"22770"|"22094"
"22140"|"22095"
"22130"|"22096"
"22980"|"22097"
"22400"|"22098"
"22800"|"22099"
"22150"|"22100"
"22450"|"22101"
"22330"|"22102"
"22490"|"22103"
"22980"|"22104"
"22130"|"22105"
"22360"|"22106"
"22570"|"22107"
"22290"|"22108"
"22580"|"22109"
"22300"|"22110"
"22610"|"22111"
"22290"|"22112"
"22300"|"22113"
"22250"|"22114"
"22480"|"22115"
"22170"|"22116"
"22410"|"22117"
"22100"|"22118"
"22420"|"22119"
"22290"|"22121"
"22230"|"22122"
"22100"|"22123"
"22570"|"22124"
"22800"|"22126"
"22740"|"22127"
"22340"|"22128"
"22810"|"22129"
"22780"|"22131"
"22160"|"22132"
"22230"|"22133"
"22700"|"22134"
"22540"|"22135"
"22600"|"22136"
"22340"|"22137"
"22160"|"22138"
"22480"|"22139"
"22640"|"22140"
"22450"|"22141"
"22550"|"22143"
"22440"|"22144"
"22270"|"22145"
"22110"|"22146"
"22230"|"22147"
"22230"|"22148"
"22460"|"22149"
"22200"|"22150"
"22400"|"22151"
"22220"|"22152"
"22510"|"22153"
"22400"|"22154"
"22600"|"22155"
"22200"|"22156"
"22340"|"22157"
"22530"|"22158"
"22400"|"22160"
"22200"|"22161"
"22500"|"22162"
"22340"|"22163"
"22540"|"22164"
"22510"|"22165"
"22710"|"22166"
"22570"|"22167"
"22700"|"22168"
"22480"|"22169"
"22800"|"22170"
"22940"|"22171"
"22130"|"22172"
"22400"|"22173"
"22550"|"22174"
"22270"|"22175"
"22960"|"22176"
"22290"|"22177"
"22290"|"22178"
"22240"|"22179"
"22980"|"22180"
"22570"|"22181"
"22170"|"22182"
"22210"|"22183"
"22150"|"22184"
"22640"|"22185"
"22370"|"22186"
"22190"|"22187"
"22170"|"22188"
"22720"|"22189"
"22490"|"22190"
"22330"|"22191"
"22650"|"22192"
"22640"|"22193"
"22310"|"22194"
"22610"|"22195"
"22740"|"22196"
"22690"|"22197"
"22560"|"22198"
"22740"|"22199"
"22130"|"22200"
"22240"|"22201"
"22340"|"22202"
"22150"|"22203"
"22260"|"22204"
"22130"|"22205"
"22170"|"22206"
"22420"|"22207"
"22830"|"22208"
"22650"|"22209"
"22620"|"22210"
"22300"|"22211"
"22260"|"22212"
"22490"|"22213"
"22470"|"22214"
"22440"|"22215"
"22810"|"22216"
"22780"|"22217"
"22820"|"22218"
"22150"|"22219"
"22110"|"22220"
"22220"|"22221"
"22580"|"22222"
"22200"|"22223"
"22300"|"22224"
"22970"|"22225"
"22300"|"22226"
"22780"|"22227"
"22810"|"22228"
"22110"|"22229"
"22160"|"22231"
"22410"|"22232"
"22860"|"22233"
"22170"|"22234"
"22420"|"22235"
"22290"|"22236"
"22130"|"22237"
"22310"|"22238"
"22350"|"22239"
"22250"|"22240"
"22210"|"22241"
"22240"|"22242"
"22160"|"22243"
"22320"|"22244"
"22140"|"22245"
"22120"|"22246"
"22450"|"22247"
"22200"|"22248"
"22390"|"22249"
"22260"|"22250"
"22590"|"22251"
"22450"|"22253"
"22140"|"22254"
"22210"|"22255"
"22260"|"22256"
"22450"|"22257"
"22120"|"22258"
"22100"|"22259"
"22460"|"22260"
"22400"|"22261"
"22800"|"22262"
"22630"|"22263"
"22450"|"22264"
"22300"|"22265"
"22110"|"22266"
"22250"|"22267"
"22550"|"22268"
"22260"|"22269"
"22390"|"22271"
"22200"|"22272"
"22400"|"22273"
"22630"|"22274"
"22600"|"22275"
"22800"|"22276"
"22800"|"22277"
"22000"|"22278"
"22600"|"22279"
"22100"|"22280"
"22150"|"22281"
"22380"|"22282"
"22260"|"22283"
"22480"|"22284"
"22530"|"22285"
"22400"|"22286"
"22800"|"22287"
"22210"|"22288"
"22720"|"22289"
"22570"|"22290"
"22800"|"22291"
"22330"|"22292"
"22290"|"22293"
"22480"|"22294"
"22530"|"22295"
"22510"|"22296"
"22330"|"22297"
"22530"|"22298"
"22100"|"22299"
"22460"|"22300"
"22750"|"22302"
"22330"|"22303"
"22170"|"22304"
"22350"|"22305"
"22630"|"22306"
"22940"|"22307"
"22630"|"22308"
"22230"|"22309"
"22140"|"22310"
"22130"|"22311"
"22350"|"22312"
"22320"|"22313"
"22600"|"22314"
"22980"|"22315"
"22320"|"22316"
"22980"|"22317"
"22980"|"22318"
"22300"|"22319"
"22160"|"22320"
"22480"|"22321"
"22720"|"22322"
"22550"|"22323"
"22700"|"22324"
"22410"|"22325"
"22270"|"22326"
"22100"|"22327"
"22160"|"22328"
"22460"|"22330"
"22480"|"22331"
"22510"|"22332"
"22230"|"22333"
"22570"|"22334"
"22720"|"22335"
"22250"|"22337"
"22200"|"22338"
"22100"|"22339"
"22140"|"22340"
"22640"|"22341"
"22980"|"22342"
"22560"|"22343"
"22340"|"22344"
"22510"|"22345"
"22510"|"22346"
"22220"|"22347"
"22250"|"22348"
"22300"|"22349"
"22310"|"22350"
"22340"|"22351"
"22630"|"22352"
"22730"|"22353"
"22540"|"22354"
"22590"|"22356"
"22650"|"22357"
"22200"|"22358"
"22420"|"22359"
"22950"|"22360"
"22290"|"22361"
"22220"|"22362"
"22660"|"22363"
"22100"|"22364"
"22110"|"22365"
"22310"|"22366"
"22590"|"22367"
"22490"|"22368"
"22250"|"22369"
"22290"|"22370"
"22230"|"22371"
"22440"|"22372"
"22340"|"22373"
"22290"|"22375"
"22600"|"22376"
"22410"|"22377"
"22290"|"22378"
"22660"|"22379"
"22100"|"22380"
"22450"|"22381"
"22450"|"22383"
"22460"|"22384"
"22690"|"22385"
"22800"|"22386"
"22420"|"22387"
"22980"|"22388"
"22120"|"22389"
"22930"|"22390"
"22350"|"22391"
"23150"|"23001"
"23380"|"23002"
"23200"|"23003"
"23000"|"23004"
"23700"|"23005"
"23210"|"23006"
"23480"|"23007"
"23200"|"23008"
"23170"|"23009"
"23210"|"23010"
"23210"|"23011"
"23400"|"23012"
"23700"|"23013"
"23210"|"23014"
"23160"|"23015"
"23120"|"23016"
"23260"|"23017"
"23160"|"23018"
"23260"|"23019"
"23190"|"23020"
"23210"|"23021"
"23270"|"23022"
"23140"|"23023"
"23200"|"23024"
"23220"|"23025"
"23230"|"23026"
"23400"|"23027"
"23200"|"23028"
"23220"|"23029"
"23400"|"23030"
"23600"|"23031"
"23600"|"23032"
"23000"|"23033"
"23700"|"23034"
"23170"|"23035"
"23320"|"23036"
"23700"|"23037"
"23600"|"23038"
"23800"|"23039"
"23230"|"23040"
"23350"|"23041"
"23210"|"23042"
"23480"|"23043"
"23220"|"23044"
"23170"|"23045"
"23110"|"23046"
"23240"|"23047"
"23190"|"23048"
"23220"|"23049"
"23160"|"23050"
"23250"|"23051"
"23000"|"23052"
"23700"|"23053"
"23700"|"23054"
"23700"|"23055"
"23430"|"23056"
"23270"|"23057"
"23130"|"23058"
"23200"|"23059"
"23250"|"23060"
"23130"|"23061"
"23220"|"23062"
"23500"|"23063"
"23270"|"23064"
"23800"|"23065"
"23700"|"23066"
"23100"|"23067"
"23140"|"23068"
"23260"|"23069"
"23160"|"23070"
"23500"|"23071"
"23140"|"23072"
"23700"|"23073"
"23480"|"23074"
"23800"|"23075"
"23110"|"23076"
"23340"|"23077"
"23400"|"23078"
"23500"|"23079"
"23100"|"23080"
"23260"|"23081"
"23320"|"23082"
"23110"|"23083"
"23360"|"23084"
"23480"|"23086"
"23450"|"23087"
"23320"|"23088"
"23350"|"23089"
"23340"|"23090"
"23500"|"23091"
"23380"|"23092"
"23230"|"23093"
"23240"|"23095"
"23000"|"23096"
"23130"|"23097"
"23270"|"23098"
"23250"|"23099"
"23140"|"23100"
"23220"|"23101"
"23270"|"23102"
"23800"|"23103"
"23600"|"23104"
"23150"|"23105"
"23170"|"23106"
"23150"|"23107"
"23600"|"23108"
"23220"|"23109"
"23700"|"23110"
"23240"|"23111"
"23360"|"23112"
"23190"|"23113"
"23170"|"23114"
"23260"|"23115"
"23700"|"23116"
"23800"|"23117"
"23150"|"23118"
"23260"|"23119"
"23600"|"23120"
"23220"|"23121"
"23400"|"23122"
"23700"|"23123"
"23210"|"23124"
"23100"|"23125"
"23400"|"23126"
"23190"|"23127"
"23150"|"23128"
"23260"|"23129"
"23360"|"23130"
"23420"|"23131"
"23320"|"23132"
"23400"|"23133"
"23460"|"23134"
"23220"|"23136"
"23210"|"23137"
"23150"|"23138"
"23220"|"23139"
"23200"|"23140"
"23800"|"23141"
"23200"|"23142"
"23300"|"23143"
"23500"|"23144"
"23170"|"23145"
"23600"|"23146"
"23360"|"23147"
"23350"|"23148"
"23140"|"23149"
"23000"|"23150"
"23130"|"23151"
"23130"|"23152"
"23140"|"23154"
"23250"|"23155"
"23260"|"23156"
"23250"|"23157"
"23500"|"23158"
"23130"|"23159"
"23110"|"23160"
"23140"|"23161"
"23270"|"23162"
"23700"|"23164"
"23460"|"23165"
"23800"|"23166"
"23110"|"23167"
"23250"|"23168"
"23000"|"23169"
"23000"|"23170"
"23700"|"23171"
"23190"|"23172"
"23250"|"23173"
"23600"|"23174"
"23150"|"23175"
"23300"|"23176"
"23300"|"23177"
"23260"|"23178"
"23200"|"23179"
"23200"|"23180"
"23400"|"23181"
"23200"|"23182"
"23480"|"23183"
"23260"|"23184"
"23130"|"23185"
"23000"|"23186"
"23130"|"23187"
"23270"|"23188"
"23400"|"23189"
"23190"|"23190"
"23000"|"23191"
"23290"|"23192"
"23000"|"23193"
"23500"|"23194"
"23000"|"23195"
"23500"|"23196"
"23250"|"23197"
"23500"|"23198"
"23160"|"23199"
"23430"|"23200"
"23150"|"23201"
"23250"|"23202"
"23110"|"23203"
"23130"|"23204"
"23400"|"23205"
"23000"|"23206"
"23300"|"23207"
"23000"|"23208"
"23130"|"23209"
"23200"|"23210"
"23200"|"23211"
"23460"|"23212"
"23600"|"23213"
"23150"|"23214"
"23100"|"23215"
"23460"|"23216"
"23430"|"23217"
"23260"|"23218"
"23300"|"23219"
"23200"|"23220"
"23100"|"23221"
"23480"|"23222"
"23400"|"23223"
"23100"|"23224"
"23260"|"23225"
"23260"|"23226"
"23400"|"23227"
"23200"|"23228"
"23150"|"23229"
"23430"|"23230"
"23290"|"23231"
"23460"|"23232"
"23600"|"23233"
"23110"|"23234"
"23300"|"23235"
"23240"|"23236"
"23400"|"23237"
"23500"|"23238"
"23160"|"23239"
"23600"|"23240"
"23190"|"23241"
"23320"|"23242"
"23140"|"23243"
"23800"|"23244"
"23000"|"23245"
"23480"|"23246"
"23320"|"23247"
"23000"|"23248"
"23460"|"23249"
"23150"|"23250"
"23170"|"23251"
"23350"|"23252"
"23250"|"23253"
"23600"|"23254"
"23230"|"23255"
"23120"|"23257"
"23300"|"23258"
"23170"|"23259"
"23250"|"23260"
"23170"|"23261"
"23140"|"23262"
"23800"|"23263"
"23340"|"23264"
"23260"|"23265"
"23260"|"23266"
"24300"|"24001"
"24460"|"24002"
"24210"|"24004"
"24480"|"24005"
"24220"|"24006"
"24600"|"24007"
"24270"|"24008"
"24160"|"24009"
"24430"|"24010"
"24420"|"24011"
"24590"|"24012"
"24750"|"24013"
"24290"|"24014"
"24260"|"24015"
"24300"|"24016"
"24290"|"24018"
"24210"|"24019"
"24210"|"24020"
"24390"|"24021"
"24150"|"24022"
"24150"|"24023"
"24560"|"24024"
"24210"|"24025"
"24330"|"24026"
"24150"|"24027"
"24440"|"24028"
"24400"|"24029"
"24120"|"24030"
"24140"|"24031"
"24400"|"24032"
"24340"|"24033"
"24140"|"24034"
"24170"|"24035"
"24220"|"24036"
"24100"|"24037"
"24320"|"24038"
"24550"|"24039"
"24220"|"24040"
"24220"|"24041"
"24310"|"24042"
"24540"|"24043"
"24330"|"24044"
"24560"|"24045"
"24390"|"24046"
"24640"|"24047"
"24230"|"24048"
"24590"|"24050"
"24130"|"24051"
"24480"|"24052"
"24750"|"24053"
"24560"|"24054"
"24310"|"24055"
"24300"|"24056"
"24320"|"24057"
"24600"|"24058"
"24400"|"24059"
"24150"|"24060"
"24110"|"24061"
"24320"|"24062"
"24250"|"24063"
"24310"|"24064"
"24380"|"24065"
"24210"|"24066"
"24260"|"24067"
"24480"|"24068"
"24350"|"24069"
"24360"|"24070"
"24360"|"24071"
"24150"|"24073"
"24370"|"24074"
"24550"|"24075"
"24260"|"24076"
"24140"|"24077"
"24530"|"24079"
"24540"|"24080"
"24370"|"24081"
"24200"|"24082"
"24610"|"24083"
"24170"|"24084"
"24120"|"24085"
"24250"|"24086"
"24220"|"24087"
"24150"|"24088"
"24370"|"24089"
"24600"|"24090"
"24250"|"24091"
"24380"|"24092"
"24320"|"24093"
"24380"|"24094"
"24800"|"24095"
"24530"|"24096"
"24320"|"24097"
"24750"|"24098"
"24340"|"24099"
"24360"|"24100"
"24470"|"24101"
"24650"|"24102"
"24640"|"24103"
"24190"|"24104"
"24320"|"24105"
"24290"|"24106"
"24530"|"24107"
"24350"|"24108"
"24320"|"24109"
"24320"|"24110"
"24300"|"24111"
"24390"|"24113"
"24600"|"24114"
"24460"|"24115"
"24120"|"24116"
"24120"|"24117"
"24410"|"24118"
"24320"|"24119"
"24390"|"24120"
"24640"|"24121"
"24170"|"24122"
"24140"|"24123"
"24160"|"24124"
"24560"|"24126"
"24120"|"24127"
"24600"|"24128"
"24530"|"24129"
"24570"|"24130"
"24300"|"24131"
"24560"|"24132"
"24450"|"24133"
"24800"|"24134"
"24750"|"24135"
"24390"|"24136"
"24420"|"24137"
"24660"|"24138"
"24430"|"24139"
"24520"|"24140"
"24320"|"24141"
"24220"|"24142"
"24150"|"24143"
"24350"|"24144"
"24100"|"24145"
"24380"|"24146"
"24640"|"24147"
"24240"|"24148"
"24250"|"24150"
"24170"|"24151"
"24250"|"24152"
"24120"|"24153"
"24350"|"24154"
"24140"|"24155"
"24330"|"24156"
"24190"|"24157"
"24270"|"24158"
"24410"|"24159"
"24380"|"24160"
"24400"|"24161"
"24420"|"24162"
"24360"|"24163"
"24160"|"24164"
"24700"|"24165"
"24330"|"24166"
"24500"|"24167"
"24560"|"24168"
"24460"|"24170"
"24800"|"24171"
"24620"|"24172"
"24290"|"24174"
"24290"|"24175"
"24560"|"24176"
"24560"|"24177"
"24410"|"24178"
"24120"|"24179"
"24450"|"24180"
"24240"|"24181"
"24130"|"24182"
"24580"|"24183"
"24250"|"24184"
"24500"|"24186"
"24210"|"24188"
"33220"|"24189"
"24380"|"24190"
"24130"|"24191"
"24210"|"24192"
"24240"|"24193"
"24680"|"24194"
"24540"|"24195"
"24160"|"24196"
"24130"|"24197"
"24310"|"24198"
"24320"|"24199"
"24350"|"24200"
"24390"|"24202"
"24340"|"24203"
"24120"|"24204"
"24110"|"24205"
"24170"|"24206"
"24250"|"24207"
"24380"|"24208"
"24300"|"24209"
"24390"|"24210"
"24400"|"24211"
"24560"|"24212"
"24140"|"24213"
"24300"|"24214"
"24590"|"24215"
"24410"|"24216"
"24260"|"24217"
"24630"|"24218"
"24440"|"24219"
"24380"|"24220"
"24340"|"24221"
"24130"|"24222"
"24150"|"24223"
"24520"|"24224"
"24680"|"24225"
"24230"|"24226"
"24270"|"24227"
"24150"|"24228"
"24570"|"24229"
"24170"|"24230"
"24540"|"24231"
"24550"|"24232"
"24130"|"24233"
"24400"|"24234"
"24340"|"24235"
"24110"|"24236"
"24100"|"24237"
"24800"|"24238"
"24460"|"24239"
"24510"|"24240"
"24210"|"24241"
"24520"|"24242"
"24350"|"24243"
"24540"|"24244"
"24550"|"24245"
"24130"|"24246"
"24320"|"24247"
"24300"|"24248"
"24620"|"24249"
"24110"|"24251"
"24200"|"24252"
"24340"|"24253"
"24220"|"24254"
"24620"|"24255"
"24430"|"24256"
"24540"|"24257"
"24750"|"24258"
"24140"|"24259"
"24150"|"24260"
"24260"|"24261"
"24420"|"24262"
"24550"|"24263"
"24700"|"24264"
"24350"|"24266"
"24240"|"24267"
"24220"|"24268"
"24450"|"24269"
"24330"|"24270"
"24470"|"24271"
"24610"|"24272"
"24480"|"24273"
"24240"|"24274"
"24240"|"24276"
"24130"|"24277"
"24560"|"24278"
"24560"|"24279"
"24540"|"24280"
"24440"|"24281"
"24560"|"24282"
"24340"|"24283"
"24210"|"24284"
"24140"|"24285"
"24350"|"24286"
"24560"|"24287"
"24230"|"24288"
"24230"|"24289"
"24440"|"24290"
"24290"|"24291"
"24610"|"24292"
"24170"|"24293"
"24700"|"24294"
"24110"|"24295"
"24520"|"24296"
"24700"|"24297"
"24220"|"24298"
"24400"|"24299"
"24250"|"24300"
"24590"|"24301"
"24390"|"24302"
"24320"|"24303"
"24800"|"24304"
"24800"|"24305"
"24230"|"24306"
"24440"|"24307"
"24460"|"24308"
"24190"|"24309"
"24440"|"24310"
"24300"|"24311"
"24660"|"24312"
"24170"|"24313"
"24370"|"24314"
"24410"|"24316"
"24590"|"24317"
"24510"|"24318"
"24310"|"24319"
"24270"|"24320"
"24120"|"24321"
"24000"|"24322"
"24600"|"24323"
"24210"|"24324"
"24370"|"24325"
"24620"|"24326"
"24510"|"24327"
"24360"|"24328"
"24700"|"24329"
"24580"|"24330"
"24240"|"24331"
"24410"|"24333"
"24150"|"24334"
"33220"|"24335"
"24370"|"24336"
"24550"|"24337"
"24150"|"24338"
"24160"|"24339"
"24130"|"24340"
"24200"|"24341"
"24410"|"24343"
"24340"|"24344"
"24140"|"24345"
"24530"|"24346"
"24440"|"24347"
"24500"|"24348"
"24240"|"24349"
"24430"|"24350"
"24240"|"24351"
"24600"|"24352"
"24340"|"24353"
"24490"|"24354"
"24250"|"24355"
"24580"|"24356"
"24240"|"24357"
"24500"|"24359"
"24170"|"24360"
"24520"|"24361"
"24510"|"24362"
"24170"|"24363"
"24290"|"24364"
"24380"|"24365"
"24200"|"24366"
"24190"|"24367"
"24410"|"24368"
"24330"|"24369"
"24230"|"24370"
"24110"|"24371"
"24110"|"24372"
"24500"|"24373"
"24560"|"24374"
"24250"|"24375"
"24410"|"24376"
"24260"|"24377"
"24540"|"24378"
"24440"|"24379"
"24700"|"24380"
"24360"|"24381"
"24150"|"24382"
"24500"|"24383"
"24540"|"24384"
"24560"|"24385"
"24550"|"24386"
"24260"|"24388"
"24260"|"24389"
"24330"|"24390"
"24310"|"24391"
"24590"|"24392"
"24440"|"24393"
"24340"|"24394"
"24250"|"24395"
"24220"|"24396"
"24270"|"24397"
"24360"|"24398"
"24400"|"24399"
"24640"|"24401"
"24500"|"24402"
"24340"|"24403"
"24260"|"24404"
"24510"|"24405"
"24170"|"24406"
"24510"|"24407"
"24460"|"24408"
"24400"|"24409"
"24300"|"24410"
"24300"|"24411"
"24590"|"24412"
"24130"|"24413"
"24140"|"24414"
"24700"|"24415"
"24170"|"24416"
"24160"|"24417"
"24190"|"24418"
"24520"|"24419"
"24400"|"24420"
"24330"|"24421"
"24140"|"24422"
"24500"|"24423"
"24190"|"24424"
"24800"|"24425"
"24140"|"24426"
"24140"|"24427"
"24800"|"24428"
"24160"|"24429"
"24310"|"24430"
"24140"|"24431"
"24370"|"24432"
"24500"|"24433"
"24320"|"24434"
"24510"|"24435"
"24400"|"24436"
"24100"|"24437"
"24170"|"24438"
"24330"|"24439"
"24560"|"24441"
"24110"|"24442"
"24290"|"24443"
"24400"|"24444"
"24510"|"24445"
"24540"|"24446"
"24330"|"24447"
"24160"|"24448"
"24700"|"24449"
"24250"|"24450"
"24300"|"24451"
"24320"|"24452"
"24800"|"24453"
"24610"|"24454"
"24600"|"24455"
"24140"|"24456"
"24400"|"24457"
"24300"|"24458"
"24380"|"24459"
"24600"|"24460"
"24610"|"24461"
"24400"|"24462"
"24160"|"24463"
"24270"|"24464"
"24400"|"24465"
"24230"|"24466"
"24380"|"24468"
"24370"|"24470"
"24200"|"24471"
"24520"|"24472"
"24210"|"24473"
"24530"|"24474"
"24640"|"24475"
"24160"|"24476"
"24600"|"24477"
"24170"|"24478"
"24470"|"24479"
"24380"|"24480"
"24800"|"24481"
"24320"|"24482"
"24560"|"24483"
"24330"|"24484"
"24800"|"24485"
"24450"|"24486"
"24130"|"24487"
"24170"|"24488"
"24450"|"24489"
"24410"|"24490"
"24210"|"24491"
"24560"|"24492"
"24160"|"24493"
"24700"|"24494"
"24540"|"24495"
"24800"|"24496"
"24440"|"24497"
"24470"|"24498"
"24520"|"24499"
"24700"|"24500"
"24230"|"24501"
"24190"|"24502"
"24340"|"24503"
"24600"|"24504"
"24800"|"24505"
"24160"|"24507"
"24350"|"24508"
"24190"|"24509"
"24220"|"24510"
"24410"|"24511"
"24200"|"24512"
"24420"|"24513"
"24230"|"24514"
"24160"|"24515"
"24590"|"24516"
"24170"|"24517"
"24380"|"24518"
"24270"|"24519"
"24200"|"24520"
"24420"|"24521"
"24800"|"24522"
"24240"|"24523"
"24260"|"24524"
"24300"|"24525"
"24270"|"24526"
"24420"|"24527"
"24300"|"24528"
"24600"|"24529"
"24310"|"24530"
"24290"|"24531"
"24500"|"24532"
"24410"|"24533"
"24240"|"24534"
"24370"|"24535"
"24500"|"24536"
"24600"|"24537"
"24170"|"24538"
"24420"|"24540"
"24360"|"24541"
"24540"|"24542"
"24400"|"24543"
"24620"|"24544"
"24390"|"24545"
"24390"|"24546"
"24120"|"24547"
"24300"|"24548"
"24240"|"24549"
"24210"|"24550"
"24800"|"24551"
"24290"|"24552"
"24350"|"24553"
"24320"|"24554"
"24390"|"24555"
"24750"|"24557"
"24510"|"24558"
"24620"|"24559"
"24480"|"24560"
"24310"|"24561"
"24190"|"24562"
"24290"|"24563"
"24600"|"24564"
"24360"|"24565"
"24150"|"24566"
"24800"|"24567"
"24230"|"24568"
"24320"|"24569"
"24520"|"24570"
"24380"|"24571"
"24540"|"24572"
"24320"|"24573"
"24370"|"24574"
"24250"|"24575"
"24380"|"24576"
"24220"|"24577"
"24340"|"24579"
"24120"|"24580"
"24140"|"24581"
"24530"|"24582"
"24610"|"24584"
"24550"|"24585"
"24600"|"24586"
"24200"|"24587"
"25320"|"25001"
"25440"|"25002"
"25340"|"25003"
"25310"|"25004"
"25250"|"25005"
"25360"|"25006"
"25530"|"25007"
"25750"|"25008"
"25360"|"25009"
"25490"|"25011"
"25300"|"25012"
"25550"|"25013"
"25220"|"25014"
"25330"|"25015"
"25330"|"25016"
"25330"|"25017"
"25340"|"25018"
"25250"|"25019"
"25400"|"25020"
"25610"|"25021"
"25750"|"25022"
"25300"|"25024"
"25520"|"25025"
"25270"|"25026"
"25720"|"25027"
"25580"|"25028"
"25520"|"25029"
"25170"|"25030"
"25400"|"25031"
"25110"|"25032"
"25150"|"25033"
"25870"|"25034"
"25870"|"25035"
"25720"|"25036"
"25680"|"25038"
"25690"|"25039"
"25490"|"25040"
"25560"|"25041"
"25210"|"25042"
"25420"|"25043"
"25440"|"25044"
"25640"|"25045"
"25380"|"25046"
"25110"|"25047"
"25550"|"25048"
"25470"|"25049"
"25500"|"25050"
"25380"|"25051"
"25530"|"25052"
"25430"|"25053"
"25420"|"25054"
"25410"|"25055"
"25000"|"25056"
"25200"|"25057"
"25720"|"25058"
"25250"|"25059"
"25520"|"25060"
"25190"|"25061"
"25210"|"25062"
"25310"|"25063"
"25640"|"25065"
"25250"|"25066"
"25250"|"25067"
"25330"|"25070"
"25230"|"25071"
"25680"|"25072"
"25870"|"25073"
"25210"|"25074"
"25560"|"25075"
"25620"|"25076"
"25210"|"25077"
"25360"|"25078"
"25560"|"25079"
"25150"|"25082"
"25250"|"25083"
"25320"|"25084"
"25560"|"25085"
"25640"|"25086"
"25340"|"25087"
"25640"|"25088"
"25530"|"25089"
"25440"|"25090"
"25120"|"25091"
"25640"|"25092"
"25250"|"25093"
"25110"|"25094"
"25380"|"25095"
"25240"|"25096"
"25600"|"25097"
"25440"|"25098"
"25520"|"25099"
"25560"|"25100"
"25170"|"25101"
"25470"|"25102"
"25320"|"25103"
"25440"|"25104"
"25320"|"25105"
"25290"|"25106"
"25640"|"25107"
"25120"|"25108"
"25440"|"25109"
"25300"|"25110"
"25220"|"25111"
"25220"|"25112"
"25380"|"25113"
"25190"|"25114"
"25170"|"25115"
"25360"|"25116"
"25640"|"25117"
"25170"|"25119"
"25330"|"25120"
"25240"|"25121"
"25270"|"25122"
"25620"|"25123"
"25470"|"25124"
"25380"|"25125"
"25440"|"25126"
"25140"|"25127"
"25580"|"25128"
"25290"|"25129"
"25840"|"25130"
"25240"|"25131"
"25640"|"25132"
"25870"|"25133"
"25440"|"25134"
"25170"|"25136"
"25640"|"25137"
"25190"|"25138"
"25650"|"25139"
"25340"|"25140"
"25530"|"25141"
"25240"|"25142"
"25440"|"25143"
"25430"|"25145"
"25320"|"25147"
"25500"|"25148"
"25440"|"25149"
"25170"|"25150"
"25530"|"25151"
"25620"|"25152"
"25870"|"25153"
"25440"|"25154"
"25330"|"25155"
"25340"|"25156"
"25300"|"25157"
"25260"|"25159"
"25500"|"25160"
"25390"|"25161"
"25410"|"25162"
"25640"|"25163"
"25410"|"25164"
"25360"|"25166"
"25420"|"25170"
"25440"|"25171"
"25170"|"25172"
"25380"|"25173"
"25470"|"25174"
"25530"|"25175"
"25560"|"25176"
"25340"|"25177"
"25340"|"25178"
"25240"|"25179"
"25270"|"25180"
"25680"|"25181"
"25680"|"25182"
"25110"|"25183"
"25680"|"25184"
"25440"|"25185"
"25870"|"25186"
"25150"|"25187"
"25600"|"25188"
"25110"|"25189"
"25490"|"25190"
"25420"|"25191"
"25190"|"25192"
"25450"|"25193"
"25310"|"25194"
"25410"|"25195"
"25230"|"25196"
"25960"|"25197"
"25750"|"25198"
"25330"|"25199"
"25870"|"25200"
"25300"|"25201"
"25560"|"25202"
"25510"|"25203"
"25300"|"25204"
"25550"|"25207"
"25580"|"25208"
"25440"|"25209"
"25550"|"25210"
"25580"|"25211"
"25480"|"25212"
"25140"|"25213"
"25150"|"25214"
"25640"|"25215"
"25150"|"25216"
"25170"|"25217"
"25530"|"25218"
"25800"|"25219"
"25290"|"25220"
"25110"|"25221"
"25580"|"25222"
"25330"|"25223"
"25260"|"25224"
"25170"|"25225"
"25250"|"25226"
"25800"|"25227"
"25460"|"25228"
"25520"|"25229"
"25400"|"25230"
"25530"|"25231"
"25250"|"25232"
"25580"|"25233"
"25470"|"25234"
"25410"|"25235"
"25330"|"25236"
"25490"|"25237"
"25470"|"25238"
"25190"|"25239"
"25500"|"25240"
"25330"|"25241"
"25640"|"25242"
"25390"|"25243"
"25190"|"25244"
"25660"|"25245"
"25340"|"25246"
"25340"|"25247"
"25210"|"25248"
"25110"|"25249"
"25620"|"25250"
"25110"|"25251"
"25370"|"25252"
"25440"|"25253"
"25300"|"25254"
"25140"|"25255"
"25140"|"25256"
"25170"|"25257"
"25770"|"25258"
"25560"|"25259"
"25190"|"25261"
"25390"|"25262"
"25240"|"25263"
"25250"|"25264"
"25870"|"25265"
"25250"|"25266"
"25660"|"25267"
"25510"|"25268"
"25640"|"25269"
"25270"|"25270"
"25650"|"25271"
"25360"|"25273"
"25310"|"25274"
"25190"|"25275"
"25340"|"25276"
"25680"|"25277"
"25360"|"25278"
"25680"|"25279"
"25470"|"25280"
"25150"|"25281"
"25520"|"25282"
"25440"|"25283"
"25200"|"25284"
"25570"|"25285"
"25210"|"25286"
"25320"|"25287"
"25390"|"25288"
"25510"|"25289"
"25380"|"25290"
"25300"|"25293"
"25160"|"25295"
"25790"|"25296"
"25620"|"25297"
"25110"|"25298"
"25110"|"25299"
"25580"|"25300"
"25390"|"25301"
"25580"|"25302"
"25650"|"25303"
"25310"|"25304"
"25620"|"25305"
"25340"|"25306"
"25370"|"25307"
"25370"|"25308"
"25300"|"25309"
"25680"|"25310"
"25250"|"25311"
"25110"|"25312"
"25110"|"25313"
"25470"|"25314"
"25250"|"25315"
"25550"|"25316"
"25170"|"25317"
"25370"|"25318"
"25270"|"25319"
"25160"|"25320"
"25130"|"25321"
"25550"|"25322"
"25820"|"25323"
"25360"|"25324"
"25530"|"25325"
"25170"|"25326"
"25250"|"25327"
"25720"|"25328"
"25210"|"25329"
"25440"|"25330"
"25580"|"25331"
"25170"|"25332"
"25510"|"25333"
"25270"|"25334"
"25190"|"25335"
"25440"|"25336"
"25330"|"25338"
"25930"|"25339"
"25440"|"25340"
"25110"|"25341"
"25690"|"25342"
"25690"|"25343"
"25380"|"25344"
"25260"|"25345"
"25330"|"25346"
"25650"|"25347"
"25370"|"25348"
"25390"|"25349"
"25260"|"25350"
"25210"|"25351"
"25110"|"25354"
"25360"|"25355"
"25120"|"25356"
"25650"|"25357"
"25330"|"25359"
"25620"|"25360"
"25160"|"25361"
"25160"|"25362"
"25620"|"25364"
"25250"|"25365"
"25120"|"25366"
"25350"|"25367"
"25640"|"25368"
"25250"|"25369"
"25700"|"25370"
"25170"|"25371"
"25250"|"25372"
"25210"|"25373"
"25410"|"25374"
"25660"|"25375"
"25870"|"25376"
"25680"|"25377"
"25310"|"25378"
"25440"|"25379"
"25370"|"25380"
"25480"|"25381"
"25870"|"25382"
"25170"|"25383"
"25680"|"25384"
"25680"|"25385"
"25190"|"25386"
"25190"|"25387"
"25200"|"25388"
"25210"|"25389"
"25650"|"25390"
"25210"|"25391"
"25120"|"25392"
"25190"|"25393"
"25260"|"25394"
"25660"|"25395"
"25320"|"25397"
"25650"|"25398"
"25440"|"25399"
"25111"|"25400"
"25110"|"25401"
"25190"|"25402"
"25500"|"25403"
"25270"|"25404"
"25160"|"25405"
"25660"|"25406"
"25680"|"25408"
"25660"|"25410"
"25500"|"25411"
"25240"|"25413"
"25170"|"25414"
"25920"|"25415"
"25440"|"25416"
"25360"|"25417"
"25360"|"25418"
"25680"|"25419"
"25330"|"25420"
"25210"|"25421"
"25150"|"25422"
"25580"|"25424"
"25500"|"25425"
"25190"|"25426"
"25170"|"25427"
"25600"|"25428"
"25220"|"25429"
"25640"|"25430"
"25250"|"25431"
"25390"|"25432"
"25120"|"25433"
"25290"|"25434"
"25530"|"25435"
"25430"|"25436"
"25360"|"25437"
"25320"|"25438"
"25640"|"25439"
"25520"|"25440"
"25530"|"25441"
"25160"|"25442"
"25440"|"25443"
"25870"|"25444"
"25440"|"25445"
"25360"|"25446"
"25690"|"25447"
"25170"|"25448"
"25190"|"25449"
"25440"|"25450"
"25240"|"25451"
"25310"|"25452"
"25510"|"25453"
"25480"|"25454"
"25170"|"25455"
"25210"|"25456"
"25390"|"25457"
"25470"|"25458"
"25160"|"25459"
"25440"|"25460"
"25340"|"25461"
"25300"|"25462"
"25150"|"25463"
"25240"|"25464"
"25110"|"25465"
"25410"|"25466"
"25115"|"25467"
"25640"|"25468"
"25550"|"25469"
"25250"|"25470"
"25380"|"25471"
"25680"|"25472"
"25720"|"25473"
"25640"|"25474"
"25440"|"25475"
"25430"|"25476"
"25320"|"25477"
"25430"|"25478"
"25250"|"25479"
"25580"|"25480"
"25550"|"25481"
"25170"|"25482"
"25240"|"25483"
"25150"|"25485"
"25160"|"25486"
"25520"|"25487"
"25440"|"25488"
"25330"|"25489"
"25640"|"25490"
"25640"|"25491"
"25110"|"25492"
"25560"|"25493"
"25370"|"25494"
"25220"|"25495"
"25340"|"25496"
"25310"|"25497"
"25680"|"25498"
"25680"|"25499"
"25440"|"25500"
"25240"|"25501"
"25410"|"25502"
"25190"|"25503"
"25380"|"25504"
"25680"|"25505"
"25640"|"25506"
"25440"|"25507"
"25640"|"25508"
"25410"|"25509"
"25170"|"25510"
"25290"|"25511"
"25210"|"25512"
"25270"|"25513"
"25370"|"25514"
"25300"|"25515"
"25340"|"25516"
"25520"|"25517"
"25640"|"25518"
"25190"|"25519"
"25360"|"25520"
"25550"|"25521"
"25210"|"25522"
"25113"|"25523"
"25260"|"25524"
"25160"|"25525"
"25630"|"25526"
"25410"|"25527"
"25440"|"25528"
"25430"|"25529"
"25430"|"25530"
"25340"|"25531"
"25660"|"25532"
"25330"|"25533"
"25240"|"25534"
"25580"|"25535"
"25170"|"25536"
"25290"|"25537"
"25110"|"25538"
"25230"|"25539"
"25750"|"25540"
"25270"|"25541"
"25770"|"25542"
"25430"|"25544"
"25330"|"25545"
"25110"|"25546"
"25600"|"25547"
"25190"|"25548"
"25520"|"25549"
"25510"|"25550"
"25190"|"25551"
"25250"|"25552"
"25250"|"25553"
"25380"|"25554"
"25400"|"25555"
"25680"|"25556"
"25870"|"25557"
"25620"|"25558"
"25470"|"25559"
"25220"|"25560"
"25320"|"25561"
"25310"|"25562"
"25870"|"25563"
"25320"|"25564"
"25370"|"25565"
"25640"|"25566"
"25680"|"25567"
"25620"|"25569"
"25680"|"25570"
"25470"|"25571"
"25680"|"25572"
"25470"|"25573"
"25340"|"25574"
"25220"|"25575"
"25220"|"25576"
"25800"|"25578"
"25640"|"25579"
"25700"|"25580"
"25870"|"25582"
"25190"|"25583"
"25190"|"25584"
"25580"|"25585"
"25230"|"25586"
"25360"|"25587"
"25380"|"25588"
"25380"|"25589"
"25360"|"25590"
"25190"|"25591"
"25160"|"25592"
"25770"|"25593"
"25410"|"25594"
"25430"|"25595"
"25530"|"25596"
"25430"|"25597"
"25870"|"25598"
"25640"|"25599"
"25390"|"25600"
"25530"|"25601"
"25110"|"25602"
"25110"|"25604"
"25580"|"25605"
"25430"|"25607"
"25750"|"25608"
"25300"|"25609"
"25580"|"25610"
"25660"|"25611"
"25870"|"25612"
"25340"|"25613"
"25600"|"25614"
"25310"|"25615"
"25410"|"25616"
"25190"|"25617"
"25150"|"25618"
"25240"|"25619"
"25650"|"25620"
"25270"|"25621"
"25170"|"25622"
"25530"|"25623"
"25640"|"25624"
"25510"|"25625"
"25110"|"25626"
"25270"|"25627"
"25620"|"25628"
"25110"|"25629"
"25580"|"25630"
"25320"|"25631"
"25420"|"25632"
"25840"|"25633"
"25300"|"25634"
"25430"|"25635"
"26150"|"26001"
"26140"|"26002"
"26770"|"26003"
"26300"|"26004"
"26780"|"26005"
"26400"|"26006"
"26800"|"26007"
"26200"|"26008"
"26140"|"26009"
"26140"|"26010"
"26400"|"26011"
"26470"|"26012"
"26110"|"26013"
"26260"|"26014"
"26340"|"26015"
"26110"|"26016"
"26340"|"26017"
"26570"|"26018"
"26340"|"26019"
"26400"|"26020"
"26400"|"26021"
"26560"|"26022"
"26300"|"26023"
"26120"|"26024"
"26310"|"26025"
"26570"|"26026"
"26150"|"26027"
"26260"|"26028"
"26310"|"26030"
"26160"|"26031"
"26120"|"26032"
"26790"|"26033"
"26730"|"26034"
"26400"|"26035"
"26310"|"26036"
"26760"|"26037"
"26600"|"26038"
"26300"|"26039"
"26310"|"26040"
"26240"|"26041"
"26800"|"26042"
"26170"|"26043"
"26160"|"26045"
"26110"|"26046"
"26470"|"26047"
"26170"|"26048"
"26300"|"26049"
"26110"|"26050"
"26460"|"26051"
"26160"|"26052"
"26790"|"26054"
"26410"|"26055"
"26460"|"26056"
"26300"|"26057"
"26500"|"26058"
"26190"|"26059"
"26460"|"26060"
"26260"|"26061"
"26340"|"26062"
"26170"|"26063"
"26120"|"26064"
"26400"|"26065"
"26190"|"26066"
"26470"|"26067"
"26350"|"26068"
"26150"|"26069"
"26230"|"26070"
"26600"|"26071"
"26600"|"26072"
"26230"|"26073"
"26420"|"26074"
"26470"|"26075"
"26310"|"26076"
"26260"|"26077"
"26450"|"26078"
"26300"|"26079"
"26340"|"26080"
"26120"|"26081"
"26110"|"26082"
"26330"|"26083"
"26300"|"26084"
"26780"|"26085"
"26410"|"26086"
"26750"|"26087"
"26300"|"26088"
"26110"|"26089"
"26340"|"26090"
"26510"|"26091"
"26260"|"26092"
"26130"|"26093"
"26240"|"26094"
"26450"|"26095"
"26260"|"26096"
"26270"|"26097"
"26400"|"26098"
"26230"|"26099"
"26120"|"26100"
"26220"|"26101"
"26740"|"26102"
"26110"|"26103"
"26510"|"26104"
"26510"|"26105"
"26740"|"26106"
"26350"|"26107"
"26400"|"26108"
"26600"|"26110"
"26460"|"26111"
"26110"|"26112"
"26150"|"26113"
"26220"|"26114"
"26400"|"26115"
"26290"|"26116"
"26190"|"26117"
"26210"|"26118"
"26600"|"26119"
"26780"|"26121"
"26340"|"26122"
"26470"|"26123"
"26800"|"26124"
"26400"|"26125"
"26560"|"26126"
"26170"|"26127"
"26400"|"26128"
"26730"|"26129"
"26110"|"26130"
"26160"|"26131"
"26240"|"26133"
"26160"|"26134"
"26570"|"26135"
"26310"|"26136"
"26400"|"26137"
"26700"|"26138"
"26750"|"26139"
"26750"|"26140"
"26400"|"26141"
"26410"|"26142"
"26530"|"26143"
"26400"|"26144"
"26290"|"26145"
"26230"|"26146"
"26470"|"26147"
"26390"|"26148"
"26730"|"26149"
"26560"|"26150"
"26310"|"26152"
"26560"|"26153"
"26560"|"26154"
"26210"|"26155"
"26600"|"26156"
"26740"|"26157"
"26150"|"26159"
"26240"|"26160"
"26510"|"26161"
"26210"|"26162"
"26190"|"26163"
"26310"|"26164"
"26250"|"26165"
"26270"|"26166"
"26310"|"26167"
"26620"|"26168"
"26780"|"26169"
"26120"|"26170"
"26160"|"26171"
"26210"|"26172"
"26300"|"26173"
"26260"|"26174"
"26150"|"26175"
"26740"|"26176"
"26260"|"26177"
"26410"|"26178"
"26600"|"26179"
"26170"|"26180"
"26560"|"26181"
"26110"|"26182"
"26400"|"26183"
"26350"|"26184"
"26270"|"26185"
"26310"|"26186"
"26150"|"26187"
"26170"|"26188"
"26170"|"26189"
"26110"|"26190"
"26740"|"26191"
"26770"|"26192"
"26570"|"26193"
"26350"|"26194"
"26400"|"26195"
"26760"|"26196"
"26120"|"26197"
"26200"|"26198"
"26510"|"26199"
"26560"|"26200"
"26170"|"26201"
"26220"|"26202"
"26230"|"26203"
"26310"|"26204"
"26150"|"26205"
"26120"|"26206"
"26750"|"26207"
"26800"|"26208"
"26510"|"26209"
"26350"|"26210"
"26130"|"26211"
"26120"|"26212"
"26210"|"26213"
"26460"|"26214"
"26470"|"26215"
"26240"|"26216"
"26190"|"26217"
"26540"|"26218"
"26240"|"26219"
"26110"|"26220"
"26400"|"26221"
"26220"|"26222"
"26190"|"26223"
"26120"|"26224"
"26750"|"26225"
"26770"|"26226"
"26510"|"26227"
"26340"|"26228"
"26170"|"26229"
"26380"|"26231"
"26120"|"26232"
"26110"|"26233"
"26400"|"26234"
"26700"|"26235"
"26170"|"26236"
"26110"|"26238"
"26170"|"26239"
"26400"|"26240"
"26460"|"26241"
"26170"|"26242"
"26160"|"26243"
"26110"|"26244"
"26470"|"26245"
"26150"|"26246"
"26240"|"26247"
"26150"|"26248"
"26160"|"26249"
"26600"|"26250"
"26160"|"26251"
"26800"|"26252"
"26310"|"26253"
"26340"|"26254"
"26310"|"26255"
"26170"|"26256"
"26160"|"26257"
"26450"|"26258"
"26330"|"26259"
"26230"|"26261"
"26310"|"26262"
"26570"|"26263"
"26510"|"26264"
"26340"|"26266"
"26170"|"26267"
"26160"|"26268"
"26110"|"26269"
"26190"|"26270"
"26600"|"26271"
"26160"|"26272"
"26300"|"26273"
"26340"|"26274"
"26790"|"26275"
"26770"|"26276"
"26400"|"26277"
"26170"|"26278"
"26170"|"26279"
"26100"|"26281"
"26150"|"26282"
"26470"|"26283"
"26230"|"26284"
"26770"|"26285"
"26510"|"26286"
"26450"|"26287"
"26510"|"26288"
"26340"|"26289"
"26420"|"26290"
"26150"|"26291"
"26170"|"26292"
"26330"|"26293"
"26260"|"26294"
"26240"|"26295"
"26340"|"26296"
"26350"|"26297"
"26350"|"26298"
"26150"|"26299"
"26310"|"26300"
"26260"|"26301"
"26190"|"26302"
"26170"|"26303"
"26110"|"26304"
"26160"|"26305"
"26110"|"26306"
"26190"|"26307"
"26150"|"26308"
"26420"|"26309"
"26350"|"26310"
"26190"|"26311"
"26740"|"26312"
"26320"|"26313"
"26330"|"26314"
"26420"|"26315"
"26190"|"26316"
"26110"|"26317"
"26510"|"26318"
"26750"|"26319"
"26190"|"26320"
"26340"|"26321"
"26770"|"26322"
"26750"|"26323"
"26130"|"26324"
"26140"|"26325"
"26130"|"26326"
"26410"|"26327"
"26340"|"26328"
"26110"|"26329"
"26210"|"26330"
"26190"|"26331"
"26240"|"26332"
"26240"|"26333"
"26160"|"26334"
"26770"|"26335"
"26400"|"26336"
"26270"|"26337"
"26740"|"26338"
"26740"|"26339"
"26560"|"26340"
"26600"|"26341"
"26130"|"26342"
"26160"|"26343"
"26400"|"26344"
"26790"|"26345"
"26400"|"26346"
"26600"|"26347"
"26770"|"26348"
"26390"|"26349"
"26220"|"26350"
"26460"|"26351"
"26160"|"26352"
"26740"|"26353"
"26410"|"26354"
"26750"|"26355"
"26460"|"26356"
"26790"|"26357"
"26120"|"26358"
"26150"|"26359"
"26230"|"26360"
"26310"|"26361"
"26000"|"26362"
"26110"|"26363"
"26420"|"26364"
"26400"|"26365"
"26600"|"26366"
"26110"|"26367"
"26340"|"26368"
"26510"|"26369"
"26170"|"26370"
"26340"|"26371"
"26560"|"26372"
"26220"|"26373"
"5700"|"26374"
"26560"|"26375"
"26510"|"26376"
"26110"|"26377"
"26470"|"26378"
"26600"|"26379"
"26600"|"26380"
"26300"|"26381"
"26300"|"26382"
"27800"|"27001"
"27570"|"27002"
"27400"|"27003"
"27120"|"27004"
"27600"|"27005"
"27500"|"27006"
"27410"|"27007"
"27460"|"27008"
"27250"|"27009"
"27140"|"27010"
"27370"|"27011"
"27380"|"27012"
"27380"|"27013"
"27400"|"27014"
"27430"|"27015"
"27700"|"27016"
"27930"|"27017"
"27290"|"27018"
"27820"|"27019"
"27180"|"27020"
"27260"|"27021"
"27940"|"27022"
"27180"|"27023"
"27240"|"27024"
"27490"|"27025"
"27420"|"27026"
"27220"|"27027"
"27290"|"27028"
"27930"|"27031"
"27240"|"27032"
"27930"|"27033"
"27440"|"27034"
"27260"|"27035"
"27130"|"27036"
"27170"|"27037"
"27130"|"27038"
"27310"|"27039"
"27170"|"27040"
"27330"|"27041"
"27230"|"27042"
"27160"|"27043"
"27180"|"27044"
"27140"|"27045"
"27230"|"27046"
"27190"|"27047"
"27480"|"27048"
"27410"|"27049"
"27170"|"27050"
"27170"|"27051"
"27800"|"27052"
"27370"|"27053"
"27160"|"27054"
"27110"|"27055"
"27300"|"27056"
"27180"|"27057"
"27700"|"27058"
"27660"|"27059"
"27630"|"27060"
"27800"|"27061"
"27520"|"27062"
"27170"|"27063"
"27210"|"27064"
"27210"|"27065"
"27480"|"27066"
"27660"|"27067"
"27330"|"27068"
"27250"|"27069"
"27150"|"27070"
"27260"|"27071"
"27620"|"27072"
"27220"|"27073"
"27800"|"27074"
"27330"|"27075"
"27120"|"27076"
"27520"|"27077"
"27220"|"27078"
"27300"|"27079"
"27120"|"27081"
"27190"|"27082"
"27290"|"27083"
"27520"|"27084"
"27310"|"27085"
"27330"|"27088"
"27520"|"27089"
"27670"|"27090"
"27310"|"27091"
"27520"|"27092"
"27670"|"27093"
"27480"|"27094"
"27800"|"27095"
"27250"|"27096"
"27700"|"27097"
"27150"|"27098"
"27930"|"27099"
"27210"|"27100"
"27500"|"27101"
"27310"|"27102"
"27310"|"27103"
"27380"|"27104"
"27520"|"27105"
"27230"|"27106"
"27500"|"27107"
"27580"|"27108"
"27170"|"27109"
"27350"|"27110"
"27220"|"27111"
"27160"|"27112"
"27800"|"27113"
"27640"|"27114"
"27570"|"27115"
"27800"|"27116"
"27270"|"27117"
"27930"|"27118"
"27730"|"27119"
"27190"|"27120"
"27630"|"27121"
"27420"|"27122"
"27120"|"27123"
"27490"|"27124"
"27800"|"27125"
"27500"|"27126"
"27400"|"27127"
"27420"|"27128"
"27300"|"27129"
"27270"|"27130"
"27300"|"27131"
"27180"|"27132"
"27310"|"27133"
"27350"|"27134"
"27110"|"27135"
"27120"|"27136"
"27580"|"27137"
"27270"|"27138"
"27250"|"27139"
"27120"|"27140"
"27190"|"27141"
"27600"|"27142"
"27330"|"27143"
"27220"|"27144"
"27240"|"27145"
"27260"|"27146"
"27930"|"27147"
"27270"|"27148"
"27230"|"27149"
"27950"|"27150"
"27380"|"27151"
"27420"|"27152"
"27150"|"27153"
"27220"|"27154"
"27820"|"27155"
"27250"|"27156"
"27160"|"27157"
"27930"|"27158"
"27160"|"27159"
"27630"|"27160"
"27180"|"27161"
"27190"|"27162"
"27500"|"27163"
"27170"|"27164"
"27190"|"27165"
"27160"|"27166"
"27290"|"27167"
"27430"|"27168"
"27210"|"27169"
"27260"|"27170"
"27120"|"27171"
"27240"|"27172"
"27300"|"27173"
"27500"|"27174"
"27700"|"27175"
"27150"|"27176"
"27220"|"27177"
"27300"|"27179"
"27940"|"27180"
"27320"|"27181"
"27130"|"27182"
"27750"|"27183"
"27400"|"27184"
"27110"|"27185"
"27110"|"27187"
"27340"|"27188"
"27190"|"27189"
"27120"|"27190"
"27490"|"27191"
"27110"|"27192"
"27530"|"27193"
"27700"|"27194"
"27160"|"27195"
"27340"|"27196"
"27630"|"27197"
"27240"|"27198"
"27720"|"27199"
"27930"|"27200"
"27110"|"27201"
"27430"|"27202"
"27120"|"27203"
"27150"|"27204"
"27380"|"27205"
"27320"|"27206"
"27230"|"27207"
"27230"|"27208"
"27290"|"27209"
"27170"|"27210"
"27490"|"27211"
"27110"|"27212"
"27630"|"27213"
"27440"|"27214"
"27110"|"27215"
"27930"|"27216"
"27190"|"27217"
"27260"|"27218"
"27110"|"27219"
"27730"|"27220"
"27330"|"27221"
"27560"|"27222"
"27310"|"27223"
"27110"|"27224"
"27240"|"27225"
"27150"|"27226"
"27350"|"27227"
"27350"|"27228"
"27000"|"27229"
"27530"|"27230"
"27120"|"27231"
"27150"|"27232"
"27210"|"27233"
"27930"|"27234"
"27190"|"27235"
"27230"|"27237"
"27190"|"27238"
"27270"|"27239"
"27760"|"27240"
"27110"|"27241"
"27190"|"27242"
"27210"|"27243"
"27310"|"27244"
"27480"|"27245"
"27380"|"27246"
"27380"|"27247"
"27230"|"27248"
"27600"|"27249"
"27490"|"27250"
"27470"|"27251"
"27230"|"27252"
"27550"|"27253"
"27120"|"27254"
"27510"|"27255"
"27220"|"27256"
"27510"|"27257"
"27210"|"27258"
"27220"|"27259"
"27210"|"27260"
"27370"|"27261"
"27630"|"27262"
"27500"|"27263"
"27630"|"27264"
"27160"|"27265"
"27800"|"27266"
"27290"|"27267"
"27190"|"27268"
"27260"|"27269"
"27700"|"27270"
"27220"|"27271"
"27120"|"27273"
"27440"|"27274"
"27600"|"27275"
"27150"|"27276"
"27220"|"27277"
"27780"|"27278"
"27620"|"27279"
"27930"|"27280"
"27190"|"27281"
"27930"|"27282"
"27330"|"27283"
"27140"|"27284"
"27620"|"27285"
"27560"|"27286"
"27190"|"27287"
"27290"|"27288"
"27390"|"27289"
"27170"|"27290"
"27580"|"27291"
"27410"|"27292"
"27240"|"27293"
"27380"|"27294"
"27270"|"27295"
"27410"|"27296"
"27240"|"27297"
"27110"|"27298"
"27930"|"27299"
"27170"|"27300"
"27220"|"27301"
"27370"|"27302"
"27160"|"27303"
"27720"|"27304"
"27160"|"27305"
"27930"|"27306"
"27700"|"27307"
"27510"|"27308"
"27220"|"27309"
"27150"|"27310"
"27800"|"27311"
"27120"|"27312"
"27370"|"27313"
"27700"|"27315"
"27350"|"27316"
"27350"|"27317"
"27800"|"27318"
"27350"|"27319"
"27370"|"27320"
"27400"|"27321"
"27400"|"27322"
"27330"|"27323"
"27150"|"27324"
"27800"|"27325"
"27120"|"27326"
"27110"|"27327"
"27700"|"27329"
"27430"|"27330"
"27630"|"27331"
"27400"|"27332"
"27860"|"27333"
"27230"|"27334"
"27400"|"27335"
"27950"|"27336"
"27700"|"27337"
"27910"|"27338"
"27400"|"27339"
"27310"|"27340"
"27570"|"27341"
"27400"|"27342"
"27120"|"27343"
"27370"|"27344"
"27410"|"27345"
"27440"|"27346"
"27930"|"27347"
"27460"|"27348"
"27290"|"27349"
"27770"|"27350"
"27400"|"27351"
"27930"|"27353"
"27110"|"27354"
"27540"|"27355"
"27410"|"27356"
"27120"|"27358"
"27250"|"27359"
"27220"|"27360"
"27210"|"27361"
"27410"|"27362"
"27350"|"27363"
"27470"|"27364"
"27690"|"27365"
"27910"|"27366"
"27560"|"27367"
"27220"|"27368"
"27480"|"27369"
"27440"|"27370"
"27800"|"27371"
"27150"|"27372"
"27480"|"27373"
"27190"|"27374"
"27400"|"27375"
"27650"|"27376"
"27480"|"27377"
"27320"|"27378"
"27150"|"27379"
"27800"|"27380"
"27300"|"27381"
"27370"|"27382"
"27130"|"27383"
"27210"|"27384"
"27500"|"27385"
"27460"|"27386"
"27240"|"27387"
"27680"|"27388"
"27110"|"27389"
"27320"|"27390"
"27810"|"27391"
"27150"|"27392"
"27210"|"27393"
"27340"|"27394"
"27390"|"27395"
"27850"|"27396"
"27120"|"27397"
"27300"|"27398"
"27950"|"27399"
"27640"|"27400"
"27930"|"27401"
"27190"|"27402"
"27400"|"27403"
"27390"|"27404"
"27150"|"27405"
"27650"|"27406"
"27440"|"27407"
"27510"|"27408"
"27930"|"27410"
"27320"|"27411"
"27400"|"27412"
"27290"|"27413"
"27390"|"27414"
"27260"|"27415"
"27240"|"27416"
"27150"|"27417"
"27800"|"27418"
"27220"|"27419"
"27420"|"27420"
"27220"|"27421"
"27430"|"27422"
"27650"|"27423"
"27190"|"27424"
"27550"|"27425"
"27830"|"27426"
"27250"|"27427"
"27110"|"27428"
"27730"|"27429"
"27150"|"27430"
"27330"|"27431"
"27890"|"27432"
"27800"|"27433"
"27560"|"27434"
"27560"|"27435"
"27190"|"27436"
"27150"|"27437"
"27320"|"27438"
"27930"|"27439"
"27940"|"27440"
"27800"|"27441"
"27390"|"27442"
"27410"|"27444"
"27720"|"27445"
"27190"|"27446"
"27190"|"27447"
"27120"|"27448"
"27510"|"27449"
"27180"|"27451"
"27170"|"27452"
"27910"|"27453"
"27910"|"27454"
"27230"|"27455"
"27400"|"27456"
"27130"|"27457"
"27590"|"27458"
"27230"|"27459"
"27300"|"27460"
"27230"|"27462"
"27300"|"27463"
"27180"|"27464"
"27120"|"27465"
"27170"|"27466"
"27500"|"27467"
"27290"|"27468"
"27340"|"27469"
"27360"|"27470"
"27430"|"27471"
"27190"|"27472"
"27940"|"27473"
"27740"|"27474"
"27560"|"27475"
"27500"|"27476"
"27510"|"27477"
"27220"|"27478"
"27150"|"27480"
"27130"|"27481"
"27370"|"27482"
"27400"|"27483"
"27220"|"27484"
"27680"|"27485"
"27110"|"27486"
"27380"|"27487"
"27910"|"27488"
"27930"|"27489"
"27420"|"27490"
"27240"|"27491"
"27170"|"27492"
"27610"|"27493"
"27700"|"27495"
"27790"|"27496"
"27350"|"27497"
"27110"|"27498"
"27270"|"27499"
"27350"|"27500"
"27120"|"27501"
"27250"|"27502"
"27240"|"27503"
"27930"|"27504"
"27390"|"27505"
"27370"|"27506"
"27220"|"27507"
"27250"|"27508"
"27120"|"27510"
"27110"|"27511"
"27230"|"27512"
"27410"|"27513"
"27270"|"27514"
"27410"|"27515"
"27300"|"27516"
"27600"|"27517"
"27680"|"27518"
"27600"|"27519"
"27450"|"27520"
"27820"|"27521"
"27450"|"27522"
"27300"|"27523"
"27110"|"27524"
"27950"|"27525"
"27500"|"27526"
"27800"|"27527"
"27100"|"27528"
"27370"|"27529"
"27390"|"27530"
"27520"|"27531"
"27160"|"27532"
"27140"|"27533"
"27370"|"27534"
"27190"|"27535"
"27800"|"27536"
"27430"|"27537"
"27450"|"27538"
"27920"|"27539"
"27620"|"27540"
"27560"|"27541"
"27450"|"27542"
"27710"|"27543"
"27220"|"27544"
"27370"|"27545"
"27930"|"27546"
"27230"|"27547"
"27320"|"27548"
"27500"|"27549"
"27450"|"27550"
"27560"|"27551"
"27270"|"27552"
"27600"|"27553"
"27950"|"27554"
"27220"|"27555"
"27390"|"27556"
"27300"|"27557"
"27520"|"27558"
"27930"|"27560"
"27210"|"27561"
"27950"|"27562"
"27500"|"27563"
"27230"|"27564"
"27160"|"27565"
"27410"|"27566"
"27150"|"27567"
"27190"|"27568"
"27300"|"27569"
"27930"|"27570"
"27450"|"27571"
"27370"|"27572"
"27160"|"27573"
"27370"|"27574"
"27110"|"27576"
"27680"|"27577"
"27160"|"27578"
"27370"|"27579"
"27310"|"27580"
"27680"|"27581"
"27670"|"27582"
"27800"|"27584"
"27520"|"27586"
"27290"|"27587"
"27950"|"27588"
"27920"|"27589"
"27390"|"27590"
"27260"|"27591"
"27800"|"27592"
"27370"|"27593"
"27450"|"27594"
"27370"|"27595"
"27330"|"27596"
"27210"|"27597"
"27430"|"27598"
"27600"|"27599"
"27270"|"27600"
"27680"|"27601"
"27180"|"27602"
"27560"|"27603"
"27210"|"27604"
"27260"|"27605"
"27500"|"27606"
"27680"|"27607"
"27300"|"27608"
"27800"|"27609"
"27130"|"27610"
"27930"|"27611"
"27950"|"27612"
"27230"|"27613"
"27150"|"27614"
"27930"|"27615"
"27370"|"27616"
"27150"|"27617"
"27190"|"27618"
"27500"|"27620"
"27220"|"27621"
"27470"|"27622"
"27400"|"27623"
"27400"|"27624"
"27420"|"27625"
"27520"|"27626"
"27230"|"27627"
"27330"|"27628"
"27230"|"27629"
"27800"|"27630"
"27290"|"27631"
"27150"|"27632"
"27420"|"27633"
"27240"|"27634"
"27700"|"27635"
"27370"|"27636"
"27520"|"27637"
"27370"|"27638"
"27370"|"27639"
"27170"|"27640"
"27110"|"27641"
"27170"|"27642"
"27570"|"27643"
"27510"|"27644"
"27500"|"27645"
"27210"|"27646"
"27700"|"27647"
"27340"|"27648"
"27440"|"27649"
"27180"|"27650"
"27100"|"27651"
"27930"|"27652"
"27510"|"27653"
"27370"|"27654"
"27500"|"27655"
"27500"|"27656"
"27290"|"27657"
"27110"|"27658"
"27930"|"27659"
"27270"|"27660"
"27310"|"27661"
"27500"|"27662"
"27110"|"27663"
"27480"|"27664"
"27680"|"27665"
"27400"|"27666"
"27300"|"27667"
"27120"|"27668"
"27350"|"27669"
"27380"|"27670"
"27210"|"27671"
"27910"|"27672"
"27430"|"27673"
"27120"|"27674"
"27940"|"27676"
"27110"|"27677"
"27180"|"27678"
"27130"|"27679"
"27390"|"27680"
"27200"|"27681"
"27870"|"27682"
"27700"|"27683"
"27930"|"27684"
"27330"|"27685"
"27680"|"27686"
"27600"|"27687"
"27240"|"27688"
"27120"|"27689"
"27420"|"27690"
"27940"|"27691"
"27110"|"27692"
"27240"|"27693"
"27950"|"27694"
"27110"|"27695"
"27640"|"27696"
"27400"|"27697"
"27110"|"27698"
"27520"|"27699"
"27370"|"27700"
"27100"|"27701"
"28410"|"28001"
"28310"|"28002"
"28500"|"28003"
"28150"|"28004"
"28800"|"28005"
"28300"|"28006"
"28260"|"28007"
"28170"|"28008"
"28700"|"28009"
"28480"|"28010"
"28290"|"28012"
"28700"|"28013"
"28500"|"28014"
"28700"|"28015"
"28330"|"28016"
"28220"|"28017"
"28330"|"28018"
"28140"|"28019"
"28150"|"28020"
"28120"|"28021"
"28300"|"28022"
"28320"|"28023"
"28630"|"28024"
"28310"|"28025"
"28310"|"28026"
"28330"|"28027"
"28140"|"28028"
"28140"|"28029"
"28270"|"28030"
"28480"|"28031"
"28150"|"28032"
"28240"|"28033"
"28300"|"28034"
"28630"|"28035"
"28260"|"28036"
"28270"|"28037"
"28330"|"28038"
"28700"|"28039"
"28190"|"28040"
"28120"|"28041"
"28220"|"28044"
"28500"|"28045"
"28340"|"28046"
"28150"|"28047"
"28360"|"28048"
"28150"|"28049"
"28260"|"28050"
"28800"|"28051"
"28130"|"28052"
"28170"|"28053"
"28210"|"28054"
"28210"|"28055"
"28410"|"28056"
"28800"|"28057"
"28210"|"28058"
"28270"|"28059"
"28300"|"28060"
"28160"|"28061"
"28410"|"28062"
"28400"|"28063"
"28410"|"28064"
"28800"|"28065"
"28160"|"28066"
"28120"|"28067"
"28300"|"28068"
"28410"|"28069"
"28300"|"28070"
"28240"|"28071"
"28400"|"28072"
"28700"|"28073"
"28700"|"28074"
"28200"|"28075"
"28500"|"28076"
"28340"|"28077"
"28330"|"28078"
"28290"|"28079"
"28330"|"28080"
"28120"|"28081"
"28500"|"28082"
"28220"|"28083"
"28130"|"28084"
"28000"|"28085"
"28480"|"28086"
"28270"|"28087"
"28200"|"28088"
"28170"|"28089"
"28270"|"28090"
"28120"|"28091"
"28700"|"28092"
"28290"|"28093"
"28210"|"28094"
"28120"|"28095"
"28260"|"28096"
"28500"|"28098"
"28190"|"28099"
"28300"|"28100"
"28200"|"28101"
"28300"|"28102"
"28220"|"28103"
"28300"|"28104"
"28480"|"28105"
"28200"|"28106"
"28630"|"28107"
"28140"|"28108"
"28240"|"28109"
"28630"|"28110"
"28330"|"28111"
"28400"|"28112"
"28210"|"28113"
"28140"|"28114"
"28290"|"28115"
"28190"|"28116"
"28500"|"28117"
"28210"|"28118"
"28480"|"28119"
"28270"|"28120"
"28140"|"28121"
"28360"|"28122"
"28160"|"28123"
"28350"|"28124"
"28800"|"28126"
"28160"|"28127"
"28190"|"28128"
"28700"|"28129"
"28250"|"28130"
"28200"|"28132"
"28220"|"28133"
"28100"|"28134"
"28230"|"28135"
"28500"|"28136"
"28320"|"28137"
"28120"|"28139"
"28230"|"28140"
"28120"|"28141"
"28120"|"28142"
"28270"|"28143"
"28330"|"28144"
"28150"|"28145"
"28210"|"28146"
"28170"|"28147"
"28190"|"28148"
"28340"|"28149"
"28220"|"28150"
"28270"|"28151"
"28800"|"28153"
"28190"|"28154"
"28170"|"28155"
"28240"|"28156"
"28140"|"28157"
"28630"|"28158"
"28250"|"28159"
"28700"|"28160"
"28160"|"28161"
"28360"|"28162"
"28300"|"28163"
"28310"|"28164"
"28480"|"28165"
"28240"|"28166"
"28190"|"28167"
"28320"|"28168"
"28700"|"28169"
"28500"|"28170"
"28500"|"28171"
"28320"|"28172"
"28300"|"28173"
"28400"|"28175"
"28800"|"28176"
"28630"|"28177"
"28500"|"28178"
"28140"|"28179"
"28260"|"28180"
"28160"|"28182"
"28310"|"28183"
"28310"|"28184"
"28410"|"28185"
"28260"|"28187"
"28700"|"28188"
"28310"|"28189"
"28140"|"28190"
"28130"|"28191"
"28480"|"28192"
"28410"|"28193"
"28700"|"28194"
"28130"|"28195"
"28120"|"28196"
"28310"|"28197"
"28200"|"28198"
"28310"|"28199"
"28250"|"28200"
"28300"|"28201"
"28340"|"28202"
"28190"|"28203"
"28220"|"28204"
"28200"|"28205"
"28270"|"28206"
"28700"|"28207"
"28700"|"28208"
"28300"|"28209"
"28310"|"28210"
"28200"|"28211"
"28140"|"28212"
"28210"|"28213"
"28240"|"28214"
"28150"|"28215"
"28500"|"28216"
"28250"|"28217"
"28110"|"28218"
"28480"|"28219"
"28600"|"28220"
"28140"|"28221"
"28360"|"28222"
"28500"|"28223"
"28200"|"28224"
"28120"|"28225"
"28170"|"28226"
"28130"|"28227"
"28300"|"28229"
"28700"|"28230"
"28270"|"28231"
"28240"|"28232"
"28200"|"28233"
"28120"|"28234"
"28410"|"28235"
"28400"|"28236"
"28400"|"28237"
"28500"|"28239"
"28240"|"28240"
"28220"|"28241"
"28120"|"28242"
"28310"|"28243"
"28120"|"28245"
"28360"|"28246"
"28260"|"28247"
"28250"|"28248"
"28130"|"28249"
"28160"|"28250"
"28500"|"28251"
"28480"|"28252"
"28630"|"28253"
"28190"|"28254"
"28700"|"28255"
"28200"|"28256"
"28700"|"28257"
"28150"|"28258"
"28800"|"28259"
"28800"|"28260"
"28120"|"28261"
"28220"|"28262"
"28270"|"28263"
"28240"|"28264"
"28240"|"28265"
"28500"|"28267"
"28700"|"28268"
"28630"|"28269"
"28800"|"28270"
"28340"|"28271"
"28160"|"28272"
"28160"|"28273"
"28150"|"28274"
"28210"|"28275"
"28310"|"28276"
"28800"|"28277"
"28630"|"28278"
"28210"|"28279"
"28400"|"28280"
"28120"|"28281"
"28120"|"28282"
"28140"|"28283"
"28310"|"28284"
"28700"|"28285"
"28120"|"28286"
"28140"|"28287"
"28700"|"28288"
"28210"|"28289"
"28190"|"28290"
"28150"|"28291"
"28500"|"28292"
"28260"|"28293"
"28700"|"28294"
"28200"|"28295"
"28140"|"28296"
"28150"|"28297"
"28130"|"28298"
"28210"|"28299"
"28310"|"28300"
"28300"|"28301"
"28190"|"28302"
"28140"|"28303"
"28150"|"28304"
"28800"|"28305"
"28800"|"28306"
"28270"|"28308"
"28360"|"28309"
"28250"|"28310"
"28310"|"28311"
"28170"|"28312"
"28150"|"28313"
"28340"|"28314"
"28270"|"28315"
"28340"|"28316"
"28700"|"28317"
"28220"|"28318"
"28310"|"28319"
"28150"|"28320"
"28260"|"28321"
"28270"|"28322"
"28170"|"28323"
"28190"|"28324"
"28300"|"28325"
"28120"|"28326"
"28330"|"28327"
"28200"|"28329"
"28200"|"28330"
"28480"|"28331"
"28500"|"28332"
"28240"|"28333"
"28200"|"28334"
"28240"|"28335"
"28120"|"28336"
"28190"|"28337"
"28190"|"28339"
"28220"|"28340"
"28170"|"28341"
"28400"|"28342"
"28210"|"28343"
"28700"|"28344"
"28270"|"28346"
"28410"|"28347"
"28350"|"28348"
"28210"|"28349"
"28190"|"28350"
"28170"|"28351"
"28130"|"28352"
"28800"|"28353"
"28240"|"28354"
"28260"|"28355"
"28290"|"28356"
"28130"|"28357"
"28300"|"28358"
"28380"|"28359"
"28170"|"28360"
"28700"|"28361"
"28240"|"28362"
"28700"|"28363"
"28800"|"28364"
"28120"|"28365"
"28700"|"28366"
"28310"|"28367"
"28250"|"28368"
"28500"|"28369"
"28800"|"28370"
"28260"|"28371"
"28210"|"28372"
"28250"|"28373"
"28170"|"28374"
"28410"|"28375"
"28330"|"28376"
"28260"|"28377"
"28400"|"28378"
"28130"|"28379"
"28630"|"28380"
"28140"|"28382"
"28360"|"28383"
"28240"|"28385"
"28170"|"28386"
"28480"|"28387"
"28630"|"28388"
"28200"|"28389"
"28140"|"28390"
"28310"|"28391"
"28310"|"28392"
"28170"|"28393"
"28500"|"28394"
"28400"|"28395"
"28800"|"28396"
"28700"|"28397"
"28160"|"28398"
"28140"|"28400"
"28240"|"28401"
"28190"|"28402"
"28630"|"28403"
"28500"|"28404"
"28500"|"28405"
"28150"|"28406"
"28480"|"28407"
"28700"|"28408"
"28120"|"28409"
"28200"|"28410"
"28150"|"28411"
"28150"|"28412"
"28190"|"28414"
"28210"|"28415"
"28150"|"28416"
"28130"|"28417"
"28800"|"28418"
"28360"|"28419"
"28700"|"28421"
"28150"|"28422"
"28130"|"28423"
"28160"|"28424"
"28320"|"28425"
"28150"|"28426"
"29560"|"29001"
"29300"|"29002"
"29770"|"29003"
"29380"|"29004"
"29300"|"29005"
"29950"|"29006"
"29690"|"29007"
"29790"|"29008"
"29400"|"29010"
"29820"|"29011"
"29640"|"29012"
"29690"|"29013"
"29650"|"29014"
"29860"|"29015"
"29190"|"29016"
"29810"|"29017"
"29690"|"29018"
"29200"|"29019"
"29510"|"29020"
"29890"|"29021"
"29570"|"29022"
"29660"|"29023"
"29270"|"29024"
"29150"|"29025"
"29150"|"29026"
"29520"|"29027"
"29770"|"29028"
"29270"|"29029"
"29233"|"29030"
"29360"|"29031"
"29950"|"29032"
"29190"|"29033"
"29410"|"29034"
"29870"|"29035"
"29530"|"29036"
"29120"|"29037"
"29450"|"29038"
"29900"|"29039"
"29217"|"29040"
"29370"|"29041"
"29160"|"29042"
"29460"|"29043"
"29150"|"29044"
"29460"|"29045"
"29100"|"29046"
"29860"|"29047"
"29510"|"29048"
"29370"|"29049"
"29500"|"29051"
"29770"|"29052"
"29590"|"29053"
"29690"|"29054"
"29260"|"29055"
"29800"|"29056"
"29940"|"29057"
"29170"|"29058"
"29610"|"29059"
"29950"|"29060"
"29850"|"29061"
"29190"|"29062"
"29770"|"29063"
"29890"|"29064"
"29710"|"29065"
"29180"|"29066"
"29650"|"29067"
"29410"|"29068"
"29820"|"29069"
"29710"|"29070"
"29300"|"29071"
"29730"|"29072"
"29620"|"29073"
"29400"|"29074"
"29490"|"29075"
"29290"|"29076"
"29880"|"29077"
"29460"|"29078"
"29670"|"29079"
"29460"|"29080"
"29690"|"29081"
"29253"|"29082"
"29990"|"29083"
"29259"|"29084"
"29980"|"29085"
"29460"|"29086"
"29100"|"29087"
"29270"|"29089"
"29100"|"29090"
"29890"|"29091"
"29260"|"29093"
"29260"|"29094"
"29860"|"29095"
"29400"|"29097"
"29810"|"29098"
"29830"|"29099"
"29260"|"29100"
"29870"|"29101"
"29530"|"29102"
"29800"|"29103"
"29560"|"29104"
"29400"|"29105"
"29510"|"29106"
"29510"|"29107"
"29710"|"29108"
"29840"|"29109"
"29510"|"29110"
"29430"|"29111"
"29840"|"29112"
"29620"|"29113"
"29640"|"29114"
"29190"|"29115"
"29400"|"29116"
"29870"|"29117"
"29290"|"29119"
"29160"|"29120"
"29520"|"29122"
"29190"|"29123"
"29260"|"29124"
"29390"|"29125"
"29260"|"29126"
"29410"|"29127"
"29400"|"29128"
"29690"|"29129"
"29280"|"29130"
"29400"|"29131"
"29670"|"29132"
"29241"|"29133"
"29180"|"29134"
"29750"|"29135"
"29310"|"29136"
"29460"|"29137"
"29590"|"29139"
"29470"|"29140"
"29530"|"29141"
"29190"|"29142"
"29790"|"29143"
"29800"|"29144"
"29790"|"29145"
"29140"|"29146"
"29300"|"29147"
"29420"|"29148"
"29290"|"29149"
"29350"|"29150"
"29600"|"29151"
"29270"|"29152"
"29920"|"29153"
"29242"|"29155"
"29800"|"29156"
"29760"|"29158"
"29710"|"29159"
"29860"|"29160"
"29170"|"29161"
"29190"|"29162"
"29410"|"29163"
"29740"|"29165"
"29550"|"29166"
"29710"|"29167"
"29770"|"29168"
"29180"|"29169"
"29700"|"29170"
"29120"|"29171"
"29550"|"29172"
"29710"|"29173"
"29720"|"29174"
"29530"|"29175"
"29550"|"29176"
"29810"|"29177"
"29830"|"29178"
"29260"|"29179"
"29800"|"29180"
"29800"|"29181"
"29620"|"29182"
"29650"|"29183"
"29420"|"29184"
"29430"|"29185"
"29252"|"29186"
"29440"|"29187"
"29630"|"29188"
"29470"|"29189"
"29217"|"29190"
"29640"|"29191"
"29250"|"29192"
"29400"|"29193"
"29880"|"29195"
"29830"|"29196"
"29780"|"29197"
"29260"|"29198"
"29610"|"29199"
"29810"|"29201"
"29410"|"29202"
"29890"|"29203"
"29400"|"29204"
"29270"|"29205"
"29430"|"29206"
"29600"|"29207"
"29830"|"29208"
"29860"|"29209"
"29420"|"29210"
"29690"|"29211"
"29280"|"29212"
"29440"|"29213"
"29720"|"29214"
"29710"|"29215"
"29700"|"29216"
"29930"|"29217"
"29790"|"29218"
"29650"|"29219"
"29120"|"29220"
"29840"|"29221"
"29150"|"29222"
"29100"|"29224"
"29710"|"29225"
"29100"|"29226"
"29246"|"29227"
"29770"|"29228"
"29180"|"29229"
"29310"|"29230"
"29000"|"29232"
"29300"|"29233"
"29300"|"29234"
"29480"|"29235"
"29340"|"29236"
"29800"|"29237"
"29570"|"29238"
"29680"|"29239"
"29590"|"29240"
"29140"|"29241"
"29150"|"29243"
"29440"|"29244"
"29800"|"29245"
"29460"|"29246"
"29170"|"29247"
"29260"|"29248"
"29520"|"29249"
"29270"|"29250"
"29630"|"29251"
"29120"|"29252"
"29600"|"29254"
"29260"|"29255"
"29550"|"29256"
"29830"|"29257"
"29250"|"29259"
"29290"|"29260"
"29190"|"29261"
"29400"|"29262"
"29590"|"29263"
"29400"|"29264"
"29600"|"29265"
"29410"|"29266"
"29520"|"29267"
"29800"|"29268"
"29380"|"29269"
"29800"|"29270"
"29440"|"29271"
"29140"|"29272"
"29250"|"29273"
"29390"|"29274"
"29640"|"29275"
"29250"|"29276"
"29450"|"29277"
"29540"|"29278"
"29670"|"29279"
"29560"|"29280"
"29140"|"29281"
"29217"|"29282"
"29730"|"29284"
"29440"|"29285"
"29800"|"29286"
"29430"|"29287"
"29260"|"29288"
"29560"|"29289"
"29870"|"29290"
"29970"|"29291"
"29720"|"29292"
"29910"|"29293"
"29450"|"29294"
"29800"|"29295"
"29120"|"29296"
"29300"|"29297"
"29720"|"29298"
"29290"|"29299"
"29380"|"29300"
"29440"|"29301"
"29590"|"29302"
"30700"|"30001"
"30350"|"30002"
"30220"|"30003"
"30670"|"30004"
"30760"|"30005"
"30470"|"30006"
"30100"|"30007"
"30500"|"30008"
"30770"|"30009"
"30140"|"30010"
"30133"|"30011"
"30390"|"30012"
"30210"|"30013"
"30700"|"30014"
"30120"|"30015"
"30120"|"30016"
"30770"|"30017"
"30250"|"30018"
"30250"|"30019"
"30620"|"30020"
"30190"|"30021"
"30450"|"30022"
"30250"|"30023"
"30120"|"30024"
"30770"|"30025"
"30120"|"30026"
"30140"|"30027"
"30200"|"30028"
"30430"|"30029"
"30700"|"30030"
"30330"|"30031"
"30300"|"30032"
"30640"|"30033"
"30127"|"30034"
"30580"|"30035"
"30620"|"30036"
"30160"|"30037"
"30120"|"30038"
"30320"|"30039"
"30770"|"30040"
"30700"|"30041"
"30140"|"30042"
"30114"|"30043"
"30450"|"30044"
"30160"|"30045"
"30190"|"30046"
"30230"|"30047"
"30580"|"30048"
"30190"|"30049"
"30260"|"30050"
"30110"|"30051"
"30120"|"30052"
"30190"|"30053"
"30260"|"30054"
"30580"|"30055"
"30580"|"30056"
"30210"|"30057"
"30170"|"30058"
"30740"|"30059"
"30132"|"30060"
"30190"|"30061"
"30420"|"30062"
"30770"|"30064"
"30350"|"30065"
"30260"|"30066"
"30700"|"30067"
"30350"|"30068"
"30260"|"30069"
"30130"|"30070"
"30350"|"30071"
"30190"|"30072"
"30210"|"30073"
"30750"|"30074"
"30820"|"30075"
"30330"|"30076"
"30480"|"30077"
"30450"|"30079"
"30530"|"30080"
"30200"|"30081"
"30870"|"30082"
"30920"|"30083"
"30200"|"30084"
"30210"|"30085"
"30190"|"30086"
"30460"|"30087"
"30250"|"30088"
"30300"|"30089"
"30450"|"30090"
"30111"|"30091"
"30330"|"30092"
"30170"|"30093"
"30140"|"30094"
"30260"|"30095"
"30630"|"30096"
"30500"|"30097"
"30260"|"30098"
"30170"|"30099"
"30360"|"30100"
"30360"|"30101"
"30190"|"30102"
"30390"|"30103"
"30350"|"30104"
"30750"|"30105"
"30170"|"30106"
"30390"|"30107"
"30124"|"30108"
"30360"|"30109"
"30700"|"30110"
"30700"|"30111"
"30730"|"30112"
"30580"|"30113"
"30250"|"30114"
"30580"|"30115"
"30210"|"30116"
"30300"|"30117"
"30170"|"30119"
"30160"|"30120"
"30260"|"30121"
"30730"|"30122"
"30660"|"30123"
"30760"|"30124"
"30128"|"30125"
"30190"|"30126"
"30330"|"30127"
"30510"|"30128"
"30140"|"30129"
"30450"|"30130"
"30630"|"30131"
"30110"|"30132"
"30240"|"30133"
"30760"|"30134"
"30300"|"30135"
"30250"|"30136"
"30110"|"30137"
"30980"|"30138"
"30750"|"30139"
"30460"|"30140"
"30290"|"30141"
"30110"|"30142"
"30760"|"30143"
"30250"|"30144"
"30210"|"30145"
"30350"|"30146"
"30350"|"30147"
"30260"|"30148"
"30126"|"30149"
"30610"|"30150"
"30580"|"30151"
"30960"|"30152"
"30450"|"30153"
"30120"|"30154"
"30129"|"30155"
"30320"|"30156"
"30120"|"30157"
"30360"|"30158"
"30960"|"30159"
"30350"|"30160"
"30350"|"30161"
"30140"|"30162"
"30350"|"30163"
"30430"|"30164"
"30340"|"30165"
"30840"|"30166"
"30410"|"30167"
"30140"|"30168"
"30540"|"30169"
"30120"|"30170"
"30410"|"30171"
"30170"|"30172"
"30340"|"30173"
"30700"|"30174"
"30630"|"30175"
"30120"|"30176"
"30360"|"30177"
"30150"|"30178"
"30490"|"30179"
"30190"|"30180"
"30260"|"30181"
"30730"|"30182"
"30350"|"30183"
"30190"|"30184"
"30121"|"30185"
"30114"|"30186"
"30580"|"30187"
"30360"|"30188"
"30000"|"30189"
"30570"|"30190"
"30200"|"30191"
"30260"|"30192"
"30730"|"30193"
"30160"|"30194"
"30124"|"30195"
"30330"|"30196"
"30340"|"30197"
"30122"|"30198"
"30120"|"30199"
"30170"|"30200"
"30450"|"30201"
"30130"|"30202"
"30530"|"30203"
"30500"|"30204"
"30330"|"30205"
"30320"|"30206"
"30210"|"30207"
"30610"|"30208"
"30131"|"30209"
"30260"|"30210"
"30129"|"30211"
"30210"|"30212"
"30750"|"30213"
"30720"|"30214"
"30430"|"30215"
"30160"|"30216"
"30650"|"30217"
"30430"|"30218"
"30120"|"30219"
"30440"|"30220"
"30150"|"30221"
"30200"|"30222"
"30340"|"30223"
"30190"|"30224"
"30200"|"30225"
"30130"|"30226"
"30500"|"30227"
"30190"|"30228"
"30570"|"30229"
"30630"|"30230"
"30940"|"30231"
"30330"|"30232"
"30730"|"30233"
"30350"|"30234"
"30210"|"30235"
"30460"|"30236"
"30500"|"30237"
"30440"|"30238"
"30110"|"30239"
"30360"|"30240"
"30190"|"30241"
"30760"|"30242"
"30380"|"30243"
"30260"|"30244"
"30870"|"30245"
"30460"|"30246"
"30500"|"30247"
"30190"|"30248"
"30980"|"30249"
"30360"|"30250"
"30200"|"30251"
"30140"|"30252"
"30960"|"30253"
"30150"|"30254"
"30190"|"30255"
"30200"|"30256"
"30320"|"30257"
"30800"|"30258"
"30560"|"30259"
"30210"|"30260"
"30360"|"30261"
"30700"|"30262"
"30170"|"30263"
"30360"|"30264"
"30610"|"30265"
"30430"|"30266"
"30350"|"30267"
"30960"|"30268"
"30270"|"30269"
"30140"|"30270"
"30500"|"30271"
"30440"|"30272"
"30760"|"30273"
"30340"|"30274"
"30580"|"30275"
"30220"|"30276"
"30200"|"30277"
"30126"|"30278"
"30330"|"30279"
"30440"|"30280"
"30730"|"30281"
"30330"|"30282"
"30440"|"30283"
"30520"|"30284"
"30360"|"30285"
"30700"|"30286"
"30200"|"30287"
"30200"|"30288"
"30610"|"30289"
"30130"|"30290"
"30480"|"30291"
"30330"|"30292"
"30430"|"30293"
"30340"|"30294"
"30700"|"30295"
"30440"|"30296"
"30750"|"30297"
"30140"|"30298"
"30700"|"30299"
"30260"|"30300"
"30700"|"30301"
"30290"|"30302"
"30500"|"30303"
"30760"|"30304"
"30340"|"30305"
"30250"|"30306"
"30110"|"30307"
"30700"|"30308"
"30260"|"30309"
"30125"|"30310"
"30610"|"30311"
"30150"|"30312"
"30190"|"30313"
"30350"|"30314"
"30650"|"30315"
"30450"|"30316"
"30210"|"30317"
"30340"|"30318"
"30700"|"30319"
"30580"|"30320"
"30250"|"30321"
"30460"|"30322"
"30110"|"30323"
"30250"|"30324"
"30440"|"30325"
"30126"|"30326"
"30430"|"30327"
"30390"|"30328"
"30140"|"30329"
"30140"|"30330"
"30330"|"30331"
"30750"|"30332"
"30620"|"30333"
"30700"|"30334"
"30460"|"30335"
"30300"|"30336"
"30700"|"30337"
"30580"|"30338"
"30570"|"30339"
"30210"|"30340"
"30600"|"30341"
"30200"|"30342"
"30630"|"30343"
"30310"|"30344"
"30530"|"30345"
"30210"|"30346"
"30600"|"30347"
"30360"|"30348"
"30260"|"30349"
"30120"|"30350"
"30400"|"30351"
"30250"|"30352"
"30770"|"30353"
"30350"|"30354"
"30330"|"30355"
"30230"|"30356"
"31230"|"31001"
"31550"|"31002"
"31280"|"31003"
"31450"|"31004"
"31420"|"31005"
"31460"|"31006"
"31230"|"31007"
"31230"|"31008"
"31510"|"31009"
"31110"|"31010"
"31160"|"31011"
"31160"|"31012"
"31210"|"31013"
"31160"|"31014"
"31440"|"31015"
"31440"|"31017"
"31360"|"31018"
"31110"|"31019"
"31160"|"31020"
"31800"|"31021"
"31140"|"31022"
"31420"|"31023"
"31190"|"31024"
"31320"|"31025"
"31460"|"31026"
"31190"|"31027"
"31420"|"31028"
"31570"|"31029"
"31260"|"31030"
"31210"|"31031"
"31840"|"31032"
"31190"|"31033"
"31360"|"31034"
"31320"|"31035"
"31650"|"31036"
"31290"|"31037"
"31380"|"31038"
"31420"|"31039"
"31440"|"31040"
"31510"|"31041"
"31110"|"31042"
"31580"|"31043"
"31130"|"31044"
"31510"|"31045"
"31440"|"31046"
"31310"|"31047"
"31450"|"31048"
"31380"|"31049"
"31360"|"31050"
"31370"|"31051"
"31870"|"31052"
"31850"|"31053"
"31290"|"31054"
"31460"|"31055"
"31700"|"31056"
"31450"|"31057"
"31450"|"31058"
"31260"|"31059"
"31540"|"31060"
"31530"|"31061"
"31480"|"31062"
"31420"|"31063"
"31110"|"31064"
"31370"|"31065"
"31660"|"31066"
"31440"|"31067"
"31110"|"31068"
"31700"|"31069"
"31350"|"31070"
"31390"|"31071"
"31230"|"31072"
"31340"|"31073"
"31590"|"31074"
"31470"|"31075"
"31210"|"31076"
"31340"|"31077"
"31580"|"31078"
"31620"|"31079"
"31350"|"31080"
"31110"|"31081"
"31570"|"31082"
"31420"|"31083"
"31360"|"31084"
"31440"|"31085"
"31420"|"31086"
"31470"|"31087"
"31490"|"31088"
"31530"|"31089"
"31480"|"31090"
"31150"|"31091"
"31440"|"31092"
"31330"|"31093"
"31660"|"31094"
"31160"|"31095"
"31480"|"31096"
"31460"|"31097"
"31480"|"31098"
"31560"|"31099"
"31560"|"31100"
"31470"|"31101"
"31460"|"31102"
"31310"|"31103"
"31410"|"31104"
"31460"|"31105"
"31460"|"31106"
"31390"|"31107"
"31350"|"31108"
"31420"|"31109"
"31260"|"31110"
"31310"|"31111"
"31260"|"31112"
"31320"|"31113"
"31160"|"31114"
"31230"|"31115"
"31780"|"31116"
"31180"|"31117"
"31620"|"31118"
"31430"|"31119"
"31530"|"31120"
"31350"|"31121"
"31430"|"31122"
"31110"|"31123"
"31360"|"31124"
"31110"|"31125"
"31480"|"31126"
"31110"|"31127"
"31190"|"31128"
"31110"|"31129"
"31580"|"31130"
"31160"|"31131"
"31440"|"31132"
"31110"|"31133"
"31420"|"31134"
"31220"|"31135"
"31620"|"31136"
"31290"|"31137"
"31350"|"31138"
"31440"|"31139"
"31160"|"31140"
"31350"|"31141"
"31110"|"31142"
"31510"|"31143"
"31440"|"31144"
"31550"|"31145"
"31110"|"31146"
"31210"|"31147"
"31810"|"31148"
"31770"|"31149"
"31700"|"31150"
"31450"|"31151"
"31230"|"31152"
"31220"|"31153"
"31160"|"31155"
"31480"|"31156"
"31270"|"31157"
"31210"|"31158"
"31210"|"31159"
"31700"|"31160"
"31450"|"31161"
"31450"|"31162"
"31280"|"31163"
"31480"|"31164"
"31600"|"31165"
"31470"|"31166"
"31160"|"31167"
"31420"|"31168"
"31750"|"31169"
"31350"|"31170"
"31450"|"31171"
"31420"|"31172"
"31190"|"31173"
"31160"|"31174"
"31800"|"31175"
"31440"|"31176"
"31440"|"31177"
"31230"|"31178"
"31460"|"31179"
"31540"|"31180"
"31410"|"31181"
"31150"|"31182"
"31260"|"31183"
"31130"|"31184"
"31290"|"31185"
"31140"|"31186"
"31470"|"31187"
"31470"|"31188"
"31370"|"31189"
"31440"|"31190"
"31160"|"31191"
"31450"|"31192"
"31430"|"31193"
"31460"|"31194"
"31260"|"31195"
"31420"|"31196"
"31210"|"31197"
"31360"|"31198"
"31440"|"31199"
"31510"|"31200"
"31230"|"31201"
"31620"|"31202"
"31270"|"31203"
"31430"|"31204"
"31150"|"31205"
"31550"|"31206"
"31510"|"31207"
"31160"|"31208"
"31480"|"31209"
"31290"|"31210"
"31620"|"31211"
"31380"|"31212"
"31110"|"31213"
"31590"|"31215"
"31380"|"31216"
"31510"|"31217"
"31350"|"31218"
"31310"|"31219"
"31560"|"31220"
"31110"|"31221"
"31110"|"31222"
"31230"|"31223"
"31210"|"31224"
"31310"|"31225"
"31310"|"31226"
"31120"|"31227"
"31380"|"31228"
"31430"|"31229"
"31150"|"31230"
"31190"|"31231"
"31330"|"31232"
"31190"|"31233"
"31480"|"31234"
"31440"|"31235"
"31160"|"31236"
"31260"|"31237"
"31210"|"31238"
"31230"|"31239"
"31450"|"31240"
"31160"|"31241"
"31110"|"31242"
"31540"|"31243"
"31110"|"31244"
"31160"|"31245"
"31800"|"31246"
"31800"|"31247"
"31860"|"31248"
"31450"|"31249"
"31370"|"31250"
"31230"|"31251"
"31620"|"31252"
"31600"|"31253"
"31670"|"31254"
"31510"|"31255"
"31190"|"31256"
"31390"|"31258"
"31120"|"31259"
"31360"|"31260"
"31390"|"31261"
"31290"|"31262"
"31870"|"31263"
"31190"|"31264"
"31480"|"31265"
"31370"|"31266"
"31310"|"31267"
"31800"|"31268"
"31600"|"31269"
"31800"|"31270"
"31570"|"31271"
"31310"|"31272"
"31180"|"31273"
"31800"|"31274"
"31480"|"31275"
"31580"|"31276"
"31530"|"31277"
"31800"|"31278"
"31310"|"31279"
"31310"|"31280"
"31330"|"31281"
"31140"|"31282"
"31370"|"31283"
"31650"|"31284"
"31590"|"31285"
"31220"|"31286"
"31410"|"31287"
"31340"|"31288"
"31580"|"31289"
"31440"|"31290"
"31490"|"31291"
"31220"|"31292"
"31150"|"31293"
"31160"|"31294"
"31350"|"31295"
"31360"|"31296"
"31530"|"31297"
"31440"|"31298"
"31600"|"31299"
"31800"|"31300"
"31230"|"31301"
"31800"|"31302"
"31410"|"31303"
"31460"|"31304"
"31580"|"31305"
"31510"|"31306"
"31350"|"31307"
"31510"|"31308"
"31430"|"31309"
"31290"|"31310"
"31340"|"31311"
"31310"|"31312"
"31510"|"31313"
"31360"|"31314"
"31260"|"31315"
"31440"|"31316"
"31430"|"31317"
"31220"|"31318"
"31550"|"31319"
"31390"|"31320"
"31260"|"31321"
"31230"|"31322"
"31210"|"31323"
"31220"|"31324"
"31460"|"31325"
"31310"|"31326"
"31220"|"31327"
"31290"|"31328"
"31540"|"31329"
"31190"|"31330"
"31460"|"31331"
"31190"|"31332"
"31230"|"31333"
"31410"|"31334"
"31110"|"31335"
"31260"|"31336"
"31440"|"31337"
"31530"|"31338"
"31530"|"31339"
"31320"|"31340"
"31330"|"31341"
"31160"|"31342"
"31230"|"31343"
"31800"|"31344"
"31190"|"31345"
"31340"|"31346"
"31230"|"31347"
"31160"|"31348"
"31220"|"31349"
"31350"|"31350"
"31700"|"31351"
"31850"|"31352"
"31370"|"31353"
"31560"|"31354"
"31280"|"31355"
"31530"|"31356"
"31160"|"31357"
"31380"|"31358"
"31370"|"31359"
"31110"|"31360"
"31410"|"31361"
"31220"|"31362"
"31230"|"31363"
"31140"|"31364"
"31310"|"31365"
"31450"|"31366"
"31220"|"31367"
"31290"|"31368"
"31510"|"31369"
"31430"|"31370"
"31540"|"31371"
"31260"|"31372"
"31230"|"31373"
"31450"|"31374"
"31310"|"31375"
"31260"|"31376"
"31290"|"31377"
"31350"|"31378"
"31410"|"31379"
"31560"|"31380"
"31450"|"31381"
"31370"|"31382"
"31380"|"31383"
"31450"|"31384"
"31350"|"31385"
"31420"|"31386"
"31430"|"31387"
"31380"|"31388"
"31850"|"31389"
"31210"|"31390"
"31260"|"31391"
"31460"|"31392"
"31540"|"31393"
"31110"|"31394"
"31600"|"31395"
"31560"|"31396"
"31350"|"31397"
"31350"|"31398"
"31410"|"31399"
"31540"|"31400"
"31450"|"31401"
"31450"|"31402"
"31330"|"31403"
"31110"|"31404"
"31510"|"31405"
"31220"|"31406"
"31380"|"31407"
"31510"|"31408"
"31320"|"31409"
"31140"|"31410"
"31320"|"31411"
"31350"|"31412"
"31480"|"31413"
"31420"|"31414"
"31420"|"31415"
"31390"|"31416"
"31820"|"31417"
"31130"|"31418"
"31370"|"31419"
"31120"|"31420"
"31860"|"31421"
"31220"|"31422"
"31370"|"31423"
"31830"|"31424"
"31220"|"31425"
"31210"|"31426"
"31800"|"31427"
"31430"|"31428"
"31450"|"31429"
"31210"|"31430"
"31160"|"31431"
"31110"|"31432"
"31120"|"31433"
"31110"|"31434"
"31370"|"31435"
"31430"|"31436"
"31450"|"31437"
"31530"|"31438"
"31570"|"31439"
"31360"|"31440"
"31460"|"31441"
"31190"|"31442"
"31230"|"31443"
"31480"|"31444"
"31130"|"31445"
"31520"|"31446"
"31160"|"31447"
"31320"|"31448"
"31800"|"31449"
"31290"|"31450"
"31250"|"31451"
"31800"|"31452"
"31290"|"31453"
"31370"|"31454"
"31310"|"31455"
"31230"|"31456"
"31360"|"31457"
"31120"|"31458"
"31380"|"31459"
"31120"|"31460"
"31160"|"31461"
"31180"|"31462"
"31540"|"31463"
"31370"|"31464"
"31110"|"31465"
"31470"|"31466"
"31140"|"31467"
"31420"|"31468"
"31430"|"31469"
"31110"|"31470"
"31440"|"31471"
"31510"|"31472"
"31330"|"31473"
"31310"|"31474"
"31600"|"31475"
"31430"|"31476"
"31420"|"31477"
"31540"|"31478"
"31350"|"31479"
"31570"|"31480"
"31470"|"31481"
"31230"|"31482"
"31800"|"31483"
"31180"|"31484"
"31290"|"31485"
"31410"|"31486"
"31800"|"31487"
"31240"|"31488"
"31380"|"31489"
"31790"|"31490"
"31540"|"31491"
"31220"|"31492"
"31350"|"31493"
"31230"|"31494"
"31560"|"31495"
"31530"|"31496"
"31140"|"31497"
"31350"|"31498"
"31470"|"31499"
"31110"|"31500"
"31590"|"31501"
"31800"|"31502"
"31360"|"31503"
"31360"|"31504"
"31220"|"31505"
"31650"|"31506"
"31530"|"31507"
"31110"|"31508"
"31510"|"31509"
"31350"|"31510"
"31590"|"31511"
"31570"|"31512"
"31580"|"31513"
"31290"|"31514"
"31620"|"31515"
"31790"|"31516"
"31410"|"31517"
"31470"|"31518"
"31290"|"31519"
"31370"|"31520"
"31260"|"31521"
"31230"|"31522"
"31260"|"31523"
"31110"|"31524"
"31390"|"31525"
"31880"|"31526"
"31460"|"31527"
"31350"|"31528"
"31420"|"31529"
"31220"|"31530"
"31350"|"31531"
"31350"|"31532"
"31600"|"31533"
"31460"|"31534"
"31510"|"31535"
"31800"|"31536"
"31800"|"31537"
"31370"|"31538"
"31580"|"31539"
"31460"|"31540"
"31840"|"31541"
"31510"|"31542"
"31430"|"31543"
"31160"|"31544"
"31360"|"31545"
"31560"|"31546"
"31600"|"31547"
"31440"|"31548"
"31110"|"31549"
"31160"|"31550"
"31570"|"31551"
"31420"|"31552"
"31530"|"31553"
"31260"|"31554"
"31000"|"31555"
"31210"|"31556"
"31170"|"31557"
"31460"|"31558"
"31110"|"31559"
"31290"|"31560"
"31240"|"31561"
"31260"|"31562"
"31340"|"31563"
"31510"|"31564"
"31800"|"31565"
"31290"|"31566"
"31570"|"31567"
"31450"|"31568"
"31250"|"31569"
"31540"|"31570"
"31460"|"31571"
"31810"|"31572"
"31590"|"31573"
"31810"|"31574"
"31320"|"31575"
"31290"|"31576"
"31480"|"31577"
"31320"|"31578"
"31380"|"31579"
"31860"|"31580"
"31620"|"31581"
"31290"|"31582"
"31340"|"31583"
"31340"|"31584"
"31800"|"31585"
"31580"|"31586"
"31620"|"31587"
"31270"|"31588"
"31290"|"31589"
"31440"|"31590"
"31260"|"31591"
"31330"|"31592"
"31230"|"31593"
"32290"|"32001"
"32270"|"32002"
"32360"|"32003"
"32720"|"32004"
"32110"|"32005"
"32430"|"32007"
"32230"|"32008"
"32230"|"32009"
"32140"|"32010"
"32270"|"32012"
"32000"|"32013"
"32120"|"32014"
"32300"|"32015"
"32600"|"32016"
"32400"|"32017"
"32450"|"32018"
"32550"|"32019"
"32170"|"32020"
"32120"|"32021"
"32290"|"32022"
"32380"|"32023"
"32410"|"32024"
"32800"|"32025"
"32120"|"32026"
"32720"|"32027"
"32170"|"32028"
"32350"|"32029"
"32300"|"32030"
"32190"|"32031"
"32320"|"32032"
"32320"|"32033"
"32170"|"32034"
"32410"|"32035"
"32160"|"32036"
"32100"|"32037"
"32600"|"32038"
"32730"|"32039"
"32450"|"32040"
"32140"|"32041"
"32300"|"32042"
"32190"|"32043"
"32100"|"32044"
"32300"|"32045"
"32400"|"32046"
"32480"|"32047"
"32420"|"32048"
"32110"|"32049"
"32730"|"32050"
"32130"|"32051"
"32310"|"32052"
"32140"|"32053"
"32350"|"32054"
"32380"|"32055"
"32270"|"32056"
"32100"|"32057"
"32230"|"32058"
"32410"|"32059"
"32550"|"32060"
"32450"|"32061"
"32370"|"32062"
"32290"|"32063"
"32800"|"32064"
"32350"|"32065"
"32500"|"32066"
"32140"|"32067"
"32380"|"32068"
"32220"|"32069"
"32400"|"32070"
"32190"|"32071"
"32190"|"32072"
"32800"|"32073"
"32400"|"32074"
"32100"|"32075"
"32450"|"32076"
"32320"|"32077"
"32500"|"32078"
"32440"|"32079"
"32100"|"32080"
"32290"|"32081"
"32700"|"32082"
"32410"|"32083"
"32380"|"32084"
"32340"|"32085"
"32170"|"32086"
"32240"|"32087"
"32190"|"32088"
"32360"|"32089"
"32490"|"32090"
"32810"|"32091"
"32200"|"32092"
"32400"|"32093"
"32110"|"32094"
"32100"|"32095"
"32150"|"32096"
"32190"|"32097"
"32130"|"32098"
"32230"|"32099"
"32800"|"32100"
"32500"|"32101"
"32410"|"32102"
"32140"|"32103"
"32300"|"32104"
"32600"|"32105"
"32430"|"32106"
"32100"|"32107"
"32400"|"32108"
"32160"|"32109"
"32330"|"32110"
"32230"|"32111"
"32270"|"32112"
"32110"|"32113"
"32300"|"32114"
"32190"|"32115"
"32170"|"32116"
"32810"|"32117"
"32260"|"32118"
"32800"|"32119"
"32430"|"32120"
"32600"|"32121"
"32140"|"32122"
"32200"|"32123"
"32220"|"32124"
"32370"|"32125"
"32170"|"32126"
"32240"|"32127"
"32300"|"32128"
"32380"|"32129"
"32450"|"32130"
"32340"|"32131"
"32500"|"32132"
"32250"|"32133"
"32490"|"32134"
"32400"|"32135"
"32160"|"32136"
"32220"|"32138"
"32380"|"32139"
"32220"|"32140"
"32420"|"32141"
"32390"|"32142"
"32480"|"32143"
"32230"|"32144"
"32720"|"32145"
"32340"|"32146"
"32200"|"32147"
"32200"|"32148"
"32330"|"32149"
"32500"|"32150"
"32400"|"32151"
"32730"|"32152"
"32550"|"32153"
"32120"|"32154"
"32460"|"32155"
"32300"|"32156"
"32270"|"32157"
"32380"|"32158"
"32300"|"32159"
"32600"|"32160"
"32400"|"32161"
"32360"|"32162"
"32160"|"32163"
"32230"|"32164"
"32200"|"32165"
"32190"|"32166"
"32170"|"32167"
"32250"|"32168"
"32260"|"32169"
"32400"|"32170"
"32130"|"32171"
"32300"|"32172"
"32120"|"32173"
"32230"|"32174"
"32230"|"32175"
"32700"|"32176"
"32300"|"32177"
"32310"|"32178"
"32330"|"32180"
"32170"|"32181"
"32130"|"32182"
"32810"|"32183"
"32500"|"32184"
"32140"|"32185"
"32260"|"32186"
"32300"|"32187"
"32500"|"32188"
"32240"|"32189"
"32190"|"32190"
"32110"|"32191"
"32400"|"32192"
"32150"|"32193"
"32100"|"32194"
"32480"|"32195"
"32410"|"32196"
"32100"|"32197"
"32450"|"32198"
"32160"|"32199"
"32550"|"32200"
"32550"|"32201"
"32110"|"32202"
"32330"|"32203"
"32360"|"32204"
"32230"|"32205"
"32220"|"32206"
"32810"|"32207"
"32700"|"32208"
"32400"|"32209"
"32600"|"32210"
"32240"|"32211"
"32480"|"32212"
"32220"|"32213"
"32110"|"32214"
"32300"|"32215"
"32140"|"32216"
"32230"|"32217"
"32290"|"32218"
"32290"|"32219"
"32110"|"32220"
"32270"|"32221"
"32110"|"32222"
"32380"|"32223"
"32310"|"32224"
"32730"|"32225"
"32170"|"32226"
"32370"|"32227"
"32140"|"32228"
"32120"|"32229"
"32310"|"32230"
"32190"|"32231"
"32120"|"32232"
"32230"|"32233"
"32490"|"32234"
"32290"|"32235"
"32150"|"32236"
"32270"|"32237"
"32170"|"32238"
"32700"|"32239"
"32230"|"32240"
"32700"|"32241"
"32140"|"32242"
"32240"|"32243"
"32400"|"32244"
"32400"|"32245"
"32240"|"32246"
"32200"|"32247"
"32380"|"32248"
"32120"|"32249"
"32420"|"32250"
"32360"|"32251"
"32170"|"32252"
"32340"|"32253"
"32300"|"32254"
"32390"|"32255"
"32300"|"32256"
"32350"|"32257"
"32390"|"32258"
"32420"|"32260"
"32130"|"32261"
"32600"|"32262"
"32300"|"32263"
"32150"|"32264"
"32300"|"32265"
"32260"|"32266"
"32260"|"32267"
"32490"|"32268"
"32120"|"32269"
"32220"|"32270"
"32240"|"32271"
"32140"|"32272"
"32230"|"32273"
"32240"|"32274"
"32170"|"32275"
"32220"|"32276"
"32220"|"32277"
"32300"|"32278"
"32810"|"32279"
"32140"|"32280"
"32170"|"32281"
"32550"|"32282"
"32730"|"32283"
"32220"|"32284"
"32320"|"32285"
"32390"|"32286"
"32420"|"32287"
"32200"|"32288"
"32220"|"32289"
"32250"|"32290"
"32240"|"32291"
"32330"|"32292"
"32300"|"32293"
"32190"|"32294"
"32130"|"32295"
"32110"|"32296"
"32130"|"32297"
"32270"|"32298"
"32800"|"32299"
"32260"|"32300"
"32350"|"32301"
"32260"|"32302"
"32230"|"32303"
"32140"|"32304"
"32110"|"32305"
"32500"|"32306"
"32550"|"32307"
"32130"|"32308"
"32420"|"32309"
"32460"|"32310"
"32700"|"32311"
"32550"|"32312"
"32380"|"32313"
"32340"|"32314"
"32320"|"32315"
"32360"|"32316"
"32230"|"32317"
"32500"|"32318"
"32160"|"32319"
"32340"|"32320"
"32130"|"32321"
"32130"|"32322"
"32300"|"32323"
"32300"|"32324"
"32290"|"32325"
"32320"|"32326"
"32260"|"32327"
"32480"|"32328"
"32390"|"32329"
"32160"|"32330"
"32810"|"32331"
"32190"|"32332"
"32400"|"32333"
"32600"|"32334"
"32120"|"32335"
"32220"|"32336"
"32390"|"32337"
"32800"|"32338"
"32600"|"32339"
"32800"|"32340"
"32390"|"32341"
"32230"|"32342"
"32320"|"32343"
"32400"|"32344"
"32480"|"32345"
"32190"|"32346"
"32390"|"32347"
"32810"|"32348"
"32430"|"32349"
"32100"|"32350"
"32310"|"32351"
"32190"|"32352"
"32420"|"32353"
"32290"|"32354"
"32170"|"32355"
"32200"|"32356"
"32430"|"32357"
"32340"|"32358"
"32120"|"32359"
"32350"|"32360"
"32300"|"32361"
"32160"|"32362"
"32300"|"32363"
"32700"|"32364"
"32140"|"32365"
"32120"|"32366"
"32320"|"32367"
"32390"|"32368"
"32370"|"32369"
"32380"|"32370"
"32380"|"32371"
"32430"|"32372"
"32170"|"32373"
"32450"|"32374"
"32300"|"32375"
"32120"|"32376"
"32430"|"32377"
"32400"|"32378"
"32200"|"32379"
"32110"|"32380"
"32550"|"32381"
"32190"|"32382"
"32230"|"32383"
"32360"|"32384"
"32380"|"32385"
"32220"|"32386"
"32220"|"32387"
"32200"|"32388"
"32300"|"32389"
"32110"|"32390"
"32480"|"32391"
"32450"|"32392"
"32300"|"32393"
"32300"|"32394"
"32700"|"32395"
"32700"|"32396"
"32300"|"32397"
"32400"|"32398"
"32120"|"32399"
"32100"|"32400"
"32300"|"32401"
"32190"|"32402"
"32290"|"32403"
"32310"|"32404"
"32500"|"32405"
"32270"|"32406"
"32220"|"32407"
"32370"|"32408"
"32140"|"32409"
"32130"|"32410"
"32260"|"32411"
"32450"|"32412"
"32420"|"32413"
"32400"|"32414"
"32170"|"32415"
"32120"|"32416"
"32500"|"32417"
"32220"|"32418"
"32300"|"32419"
"32220"|"32420"
"32130"|"32421"
"32230"|"32422"
"32190"|"32423"
"32400"|"32424"
"32600"|"32425"
"32260"|"32426"
"32230"|"32427"
"32450"|"32428"
"32700"|"32429"
"32140"|"32430"
"32120"|"32431"
"32130"|"32432"
"32420"|"32433"
"32110"|"32434"
"32430"|"32435"
"32120"|"32436"
"32110"|"32437"
"32260"|"32438"
"32400"|"32439"
"32160"|"32440"
"32120"|"32441"
"32700"|"32442"
"32400"|"32443"
"32430"|"32444"
"32160"|"32445"
"32170"|"32446"
"32450"|"32447"
"32430"|"32448"
"32240"|"32449"
"32230"|"32450"
"32420"|"32451"
"32380"|"32452"
"32390"|"32453"
"32450"|"32454"
"32230"|"32455"
"32190"|"32456"
"32500"|"32457"
"32110"|"32458"
"32310"|"32459"
"32720"|"32460"
"32400"|"32461"
"32190"|"32462"
"32400"|"32463"
"32730"|"32464"
"32420"|"32465"
"32300"|"32466"
"32200"|"32467"
"32140"|"32468"
"33230"|"33001"
"33124"|"33002"
"33440"|"33003"
"33810"|"33004"
"33510"|"33005"
"33390"|"33006"
"33640"|"33007"
"33760"|"33008"
"33120"|"33009"
"33460"|"33010"
"33740"|"33011"
"33460"|"33012"
"33370"|"33013"
"33570"|"33014"
"33500"|"33015"
"33240"|"33016"
"33430"|"33017"
"33240"|"33018"
"33980"|"33019"
"33790"|"33020"
"33124"|"33021"
"33480"|"33022"
"33640"|"33023"
"33190"|"33024"
"33760"|"33025"
"33730"|"33026"
"33190"|"33027"
"33750"|"33028"
"33114"|"33029"
"33720"|"33030"
"33190"|"33031"
"33530"|"33032"
"33880"|"33033"
"33230"|"33034"
"33710"|"33035"
"33430"|"33036"
"33640"|"33037"
"33340"|"33038"
"33130"|"33039"
"33410"|"33040"
"33830"|"33042"
"33760"|"33043"
"33760"|"33044"
"33350"|"33045"
"33430"|"33046"
"33390"|"33047"
"33124"|"33048"
"33750"|"33049"
"33210"|"33050"
"33380"|"33051"
"33500"|"33052"
"33430"|"33053"
"33190"|"33054"
"33340"|"33055"
"33290"|"33056"
"33540"|"33057"
"33390"|"33058"
"33670"|"33059"
"33210"|"33060"
"33370"|"33061"
"33910"|"33062"
"33000"|"33063"
"33350"|"33064"
"33270"|"33065"
"33190"|"33066"
"33710"|"33067"
"33113"|"33068"
"33110"|"33069"
"33480"|"33070"
"33420"|"33071"
"33124"|"33072"
"33820"|"33073"
"33124"|"33074"
"33520"|"33075"
"33720"|"33076"
"33650"|"33077"
"33420"|"33078"
"33750"|"33079"
"33140"|"33080"
"33410"|"33081"
"33240"|"33082"
"33750"|"33083"
"33880"|"33084"
"33360"|"33085"
"33420"|"33086"
"33190"|"33087"
"33660"|"33088"
"33390"|"33089"
"33610"|"33090"
"33460"|"33091"
"33760"|"33092"
"33550"|"33093"
"33220"|"33094"
"33840"|"33095"
"33560"|"33096"
"33121"|"33097"
"33410"|"33098"
"33360"|"33099"
"33390"|"33100"
"33390"|"33101"
"33190"|"33102"
"33540"|"33103"
"33480"|"33104"
"33540"|"33105"
"33210"|"33106"
"33210"|"33107"
"33350"|"33108"
"33640"|"33109"
"33490"|"33111"
"33540"|"33112"
"33690"|"33113"
"33620"|"33114"
"33113"|"33115"
"33430"|"33116"
"33790"|"33117"
"33360"|"33118"
"33150"|"33119"
"33720"|"33120"
"33760"|"33121"
"33610"|"33122"
"33620"|"33123"
"33230"|"33124"
"33250"|"33125"
"33920"|"33126"
"33350"|"33127"
"33340"|"33128"
"33540"|"33129"
"33210"|"33130"
"33540"|"33131"
"33710"|"33132"
"33890"|"33133"
"33340"|"33134"
"33760"|"33135"
"33580"|"33136"
"33690"|"33137"
"33230"|"33138"
"33580"|"33139"
"33670"|"33140"
"33750"|"33141"
"33620"|"33142"
"33240"|"33143"
"33430"|"33144"
"33670"|"33145"
"33460"|"33146"
"33420"|"33147"
"33420"|"33148"
"33540"|"33149"
"33580"|"33150"
"33860"|"33151"
"33410"|"33152"
"33350"|"33153"
"33230"|"33154"
"33840"|"33155"
"33760"|"33156"
"33420"|"33157"
"33190"|"33158"
"33820"|"33159"
"33220"|"33160"
"33390"|"33161"
"33320"|"33162"
"33760"|"33163"
"33210"|"33164"
"33370"|"33165"
"33230"|"33166"
"33270"|"33167"
"33350"|"33168"
"33190"|"33169"
"33190"|"33170"
"33190"|"33171"
"33390"|"33172"
"33570"|"33173"
"33126"|"33174"
"33760"|"33175"
"33410"|"33176"
"33340"|"33177"
"33430"|"33178"
"33133"|"33179"
"33430"|"33180"
"33350"|"33181"
"33710"|"33182"
"33240"|"33183"
"33920"|"33184"
"33420"|"33185"
"33890"|"33186"
"33190"|"33187"
"33840"|"33188"
"33540"|"33189"
"33840"|"33190"
"33660"|"33191"
"33170"|"33192"
"33590"|"33193"
"33420"|"33194"
"33690"|"33195"
"33420"|"33196"
"33720"|"33197"
"33230"|"33198"
"33470"|"33199"
"33185"|"33200"
"33550"|"33201"
"33125"|"33202"
"33990"|"33203"
"33190"|"33204"
"33720"|"33205"
"33640"|"33206"
"33450"|"33207"
"33590"|"33208"
"33420"|"33209"
"33890"|"33210"
"33460"|"33211"
"33690"|"33212"
"33650"|"33213"
"33680"|"33214"
"33760"|"33215"
"33124"|"33216"
"33230"|"33218"
"33240"|"33219"
"33460"|"33220"
"33190"|"33221"
"33500"|"33222"
"33790"|"33223"
"33540"|"33224"
"33720"|"33225"
"33550"|"33226"
"33210"|"33227"
"33710"|"33228"
"33138"|"33229"
"33620"|"33230"
"33410"|"33231"
"33840"|"33232"
"33620"|"33233"
"33360"|"33234"
"33690"|"33235"
"33950"|"33236"
"33210"|"33237"
"33850"|"33238"
"33840"|"33239"
"33340"|"33240"
"33550"|"33241"
"33220"|"33242"
"33500"|"33243"
"33430"|"33244"
"33360"|"33245"
"33220"|"33246"
"33790"|"33247"
"33480"|"33248"
"33310"|"33249"
"33190"|"33250"
"33125"|"33251"
"33370"|"33252"
"33410"|"33253"
"33190"|"33254"
"33840"|"33255"
"33290"|"33256"
"33420"|"33257"
"33760"|"33258"
"33240"|"33259"
"33830"|"33260"
"33570"|"33261"
"33460"|"33262"
"33670"|"33263"
"33230"|"33264"
"33620"|"33266"
"33860"|"33267"
"33460"|"33268"
"33220"|"33269"
"33430"|"33270"
"33690"|"33271"
"33620"|"33272"
"33127"|"33273"
"33650"|"33274"
"33760"|"33275"
"33690"|"33276"
"33790"|"33277"
"33540"|"33278"
"33210"|"33279"
"33390"|"33280"
"33700"|"33281"
"33350"|"33282"
"33540"|"33283"
"33380"|"33284"
"33710"|"33285"
"33190"|"33287"
"33410"|"33288"
"33580"|"33289"
"33570"|"33290"
"33190"|"33291"
"33760"|"33292"
"33450"|"33293"
"33190"|"33294"
"33240"|"33295"
"33350"|"33296"
"33480"|"33297"
"33420"|"33298"
"33410"|"33299"
"33990"|"33300"
"33420"|"33301"
"33500"|"33302"
"33750"|"33303"
"33580"|"33304"
"33430"|"33305"
"33190"|"33306"
"33730"|"33307"
"33410"|"33308"
"33340"|"33309"
"33113"|"33310"
"33550"|"33311"
"33290"|"33312"
"33250"|"33314"
"33230"|"33315"
"33790"|"33316"
"33240"|"33317"
"33600"|"33318"
"33890"|"33319"
"33570"|"33320"
"33240"|"33321"
"33290"|"33322"
"33490"|"33323"
"33220"|"33324"
"33390"|"33325"
"33820"|"33326"
"33720"|"33327"
"33500"|"33328"
"33730"|"33329"
"33370"|"33330"
"33190"|"33331"
"33660"|"33332"
"33680"|"33333"
"33640"|"33334"
"33670"|"33335"
"33730"|"33336"
"33210"|"33337"
"33340"|"33338"
"33710"|"33339"
"33710"|"33341"
"33570"|"33342"
"33210"|"33343"
"33350"|"33344"
"33580"|"33345"
"33190"|"33346"
"33660"|"33347"
"33340"|"33348"
"33360"|"33349"
"33420"|"33350"
"33860"|"33351"
"33190"|"33352"
"33580"|"33353"
"33220"|"33354"
"33410"|"33355"
"33126"|"33356"
"33210"|"33357"
"33760"|"33358"
"33580"|"33359"
"33220"|"33360"
"33350"|"33361"
"33910"|"33362"
"33670"|"33363"
"33141"|"33364"
"33126"|"33365"
"33240"|"33366"
"33490"|"33367"
"33220"|"33369"
"33390"|"33370"
"33240"|"33371"
"33790"|"33372"
"33660"|"33373"
"33820"|"33374"
"33420"|"33375"
"33160"|"33376"
"33220"|"33377"
"33220"|"33378"
"33540"|"33379"
"33820"|"33380"
"33880"|"33381"
"33920"|"33382"
"33340"|"33383"
"33330"|"33384"
"33230"|"33385"
"33570"|"33386"
"33910"|"33387"
"33710"|"33388"
"33820"|"33389"
"33350"|"33390"
"33430"|"33391"
"33410"|"33392"
"33910"|"33393"
"33330"|"33394"
"33180"|"33395"
"33330"|"33396"
"33560"|"33397"
"33190"|"33398"
"33540"|"33399"
"33580"|"33400"
"33350"|"33401"
"33220"|"33402"
"33490"|"33403"
"33580"|"33404"
"33390"|"33405"
"33350"|"33406"
"33240"|"33407"
"33670"|"33408"
"33760"|"33409"
"33490"|"33411"
"33340"|"33412"
"33750"|"33413"
"33240"|"33414"
"33240"|"33415"
"33920"|"33416"
"33480"|"33417"
"33190"|"33418"
"33540"|"33419"
"33330"|"33420"
"33420"|"33421"
"33127"|"33422"
"33250"|"33423"
"33112"|"33424"
"33240"|"33425"
"33330"|"33426"
"33540"|"33427"
"33190"|"33428"
"33113"|"33429"
"33670"|"33431"
"33210"|"33432"
"33450"|"33433"
"33440"|"33434"
"33490"|"33435"
"33125"|"33436"
"33350"|"33437"
"33490"|"33438"
"33620"|"33439"
"33490"|"33440"
"33390"|"33441"
"33910"|"33442"
"33540"|"33443"
"33490"|"33444"
"33910"|"33445"
"33540"|"33446"
"33230"|"33447"
"33650"|"33448"
"33160"|"33449"
"33840"|"33450"
"33126"|"33451"
"33720"|"33452"
"33190"|"33453"
"33650"|"33454"
"33820"|"33456"
"33210"|"33457"
"33390"|"33458"
"33330"|"33459"
"33350"|"33460"
"33350"|"33461"
"33220"|"33462"
"33490"|"33463"
"33760"|"33464"
"33210"|"33465"
"33750"|"33466"
"33220"|"33467"
"33350"|"33468"
"33240"|"33470"
"33250"|"33471"
"33660"|"33472"
"33920"|"33473"
"33650"|"33474"
"33710"|"33475"
"33180"|"33476"
"33390"|"33477"
"33660"|"33478"
"33190"|"33479"
"33330"|"33480"
"33580"|"33481"
"33540"|"33482"
"33450"|"33483"
"33113"|"33484"
"33350"|"33485"
"33710"|"33486"
"33440"|"33487"
"33420"|"33488"
"33920"|"33489"
"33590"|"33490"
"33580"|"33491"
"33920"|"33492"
"33340"|"33493"
"33160"|"33494"
"33240"|"33495"
"33370"|"33496"
"33770"|"33498"
"33350"|"33499"
"33710"|"33500"
"33650"|"33501"
"33920"|"33502"
"33680"|"33503"
"33210"|"33504"
"33670"|"33505"
"33540"|"33506"
"33430"|"33507"
"33124"|"33508"
"33910"|"33509"
"33490"|"33510"
"33690"|"33511"
"33690"|"33512"
"33690"|"33513"
"33780"|"33514"
"33760"|"33515"
"33790"|"33516"
"33460"|"33517"
"33550"|"33518"
"33320"|"33519"
"33580"|"33520"
"33590"|"33521"
"33400"|"33522"
"33760"|"33523"
"33240"|"33524"
"33710"|"33525"
"33570"|"33526"
"33470"|"33527"
"33680"|"33528"
"33260"|"33529"
"33710"|"33530"
"33420"|"33531"
"33620"|"33532"
"33210"|"33533"
"33550"|"33534"
"33370"|"33535"
"33125"|"33536"
"33730"|"33537"
"33340"|"33538"
"33870"|"33539"
"33930"|"33540"
"33590"|"33541"
"33240"|"33542"
"33490"|"33543"
"33123"|"33544"
"33180"|"33545"
"33330"|"33546"
"33730"|"33547"
"33141"|"33548"
"33550"|"33549"
"33140"|"33550"
"33710"|"33551"
"33720"|"33552"
"33240"|"33553"
"33370"|"33554"
"33380"|"33555"
"34290"|"34001"
"34230"|"34002"
"34300"|"34003"
"34210"|"34004"
"34190"|"34005"
"34210"|"34006"
"34210"|"34007"
"34600"|"34008"
"34290"|"34009"
"34150"|"34010"
"34150"|"34011"
"34380"|"34012"
"34800"|"34013"
"34820"|"34014"
"34360"|"34015"
"34230"|"34016"
"34530"|"34017"
"34480"|"34018"
"34260"|"34019"
"34210"|"34020"
"34360"|"34021"
"34670"|"34022"
"34540"|"34023"
"34540"|"34024"
"34290"|"34025"
"34210"|"34026"
"34160"|"34027"
"34600"|"34028"
"34230"|"34029"
"34360"|"34030"
"34550"|"34031"
"34500"|"34032"
"34160"|"34033"
"34220"|"34034"
"34150"|"34035"
"34700"|"34036"
"34760"|"34037"
"34260"|"34038"
"34140"|"34039"
"34650"|"34040"
"34800"|"34041"
"34190"|"34042"
"34160"|"34043"
"34480"|"34044"
"34800"|"34045"
"34330"|"34046"
"34230"|"34047"
"34160"|"34048"
"34260"|"34049"
"34130"|"34050"
"34800"|"34051"
"34310"|"34052"
"34600"|"34053"
"34210"|"34054"
"34610"|"34055"
"34120"|"34056"
"34170"|"34057"
"34160"|"34058"
"34210"|"34059"
"34380"|"34060"
"34490"|"34061"
"34600"|"34062"
"34720"|"34063"
"34520"|"34064"
"34460"|"34065"
"34270"|"34066"
"34190"|"34067"
"34120"|"34068"
"34370"|"34069"
"34360"|"34070"
"34260"|"34071"
"34700"|"34072"
"34420"|"34073"
"34460"|"34074"
"34210"|"34075"
"34800"|"34076"
"34830"|"34077"
"34270"|"34078"
"34800"|"34079"
"34390"|"34080"
"34440"|"34081"
"34980"|"34082"
"34240"|"34083"
"34490"|"34084"
"34290"|"34085"
"34220"|"34086"
"34660"|"34087"
"34660"|"34088"
"34370"|"34089"
"34920"|"34090"
"34520"|"34091"
"34310"|"34092"
"34650"|"34093"
"34290"|"34094"
"34690"|"34095"
"34600"|"34096"
"34210"|"34097"
"34210"|"34098"
"34190"|"34099"
"34360"|"34100"
"34510"|"34101"
"34270"|"34102"
"34320"|"34103"
"34320"|"34104"
"34480"|"34105"
"34700"|"34106"
"34330"|"34107"
"34110"|"34108"
"34320"|"34109"
"34160"|"34110"
"34190"|"34111"
"34160"|"34112"
"34770"|"34113"
"34150"|"34114"
"34190"|"34115"
"34790"|"34116"
"34260"|"34117"
"34820"|"34118"
"34600"|"34119"
"34830"|"34120"
"34650"|"34121"
"34725"|"34122"
"34990"|"34123"
"34800"|"34124"
"34150"|"34125"
"34240"|"34126"
"34130"|"34127"
"34190"|"34128"
"34970"|"34129"
"34480"|"34130"
"34270"|"34131"
"34700"|"34132"
"34700"|"34133"
"34880"|"34134"
"34710"|"34135"
"34120"|"34136"
"34800"|"34137"
"34800"|"34138"
"34290"|"34139"
"34490"|"34140"
"34210"|"34141"
"34700"|"34142"
"34140"|"34143"
"34650"|"34144"
"34400"|"34145"
"34400"|"34146"
"34480"|"34147"
"34370"|"34148"
"34320"|"34149"
"34340"|"34150"
"34590"|"34151"
"34380"|"34152"
"34270"|"34153"
"34130"|"34154"
"34370"|"34155"
"34800"|"34156"
"34140"|"34157"
"34210"|"34158"
"34110"|"34159"
"34390"|"34160"
"34310"|"34161"
"34530"|"34162"
"34570"|"34163"
"34160"|"34164"
"34560"|"34165"
"34290"|"34166"
"34310"|"34167"
"34320"|"34168"
"34980"|"34169"
"34310"|"34170"
"34190"|"34171"
"34000"|"34172"
"34150"|"34173"
"34190"|"34174"
"34800"|"34175"
"34130"|"34176"
"34980"|"34177"
"34490"|"34178"
"34570"|"34179"
"34800"|"34180"
"34320"|"34181"
"34120"|"34182"
"34440"|"34183"
"34320"|"34184"
"34380"|"34185"
"34800"|"34186"
"34390"|"34187"
"34700"|"34188"
"34210"|"34189"
"34210"|"34190"
"34490"|"34191"
"34250"|"34192"
"34360"|"34193"
"34230"|"34194"
"34380"|"34195"
"34700"|"34196"
"34800"|"34197"
"34470"|"34198"
"34120"|"34199"
"34600"|"34200"
"34360"|"34201"
"34570"|"34202"
"34850"|"34203"
"34230"|"34204"
"34700"|"34205"
"34310"|"34206"
"34810"|"34207"
"34230"|"34208"
"34420"|"34209"
"34230"|"34210"
"34600"|"34211"
"34700"|"34212"
"34560"|"34213"
"34480"|"34214"
"34230"|"34215"
"34600"|"34216"
"34730"|"34217"
"34360"|"34218"
"34390"|"34219"
"34700"|"34220"
"34150"|"34221"
"34230"|"34222"
"34480"|"34223"
"34480"|"34224"
"34620"|"34225"
"34310"|"34226"
"34160"|"34227"
"34220"|"34228"
"34220"|"34229"
"34520"|"34230"
"34650"|"34231"
"34460"|"34232"
"34650"|"34233"
"34320"|"34234"
"34610"|"34235"
"34380"|"34236"
"34320"|"34237"
"34190"|"34238"
"34725"|"34239"
"34130"|"34240"
"34230"|"34241"
"34160"|"34242"
"34190"|"34243"
"34670"|"34244"
"34360"|"34245"
"34400"|"34246"
"34980"|"34247"
"34270"|"34248"
"34160"|"34249"
"34390"|"34250"
"34700"|"34251"
"34260"|"34252"
"34520"|"34253"
"34725"|"34254"
"34980"|"34255"
"34160"|"34256"
"34610"|"34257"
"34480"|"34258"
"34680"|"34259"
"34610"|"34260"
"34150"|"34261"
"34725"|"34262"
"34160"|"34263"
"34380"|"34264"
"34160"|"34265"
"34270"|"34266"
"34150"|"34267"
"34700"|"34268"
"34360"|"34269"
"34430"|"34270"
"34390"|"34271"
"34400"|"34272"
"34390"|"34273"
"34380"|"34274"
"34270"|"34276"
"34520"|"34277"
"34520"|"34278"
"34490"|"34279"
"34400"|"34280"
"34230"|"34281"
"34570"|"34282"
"34520"|"34283"
"34220"|"34284"
"34230"|"34285"
"34700"|"34286"
"34725"|"34287"
"34400"|"34288"
"34630"|"34289"
"34730"|"34290"
"34390"|"34291"
"34800"|"34292"
"34330"|"34293"
"34400"|"34294"
"34570"|"34295"
"34160"|"34296"
"34270"|"34297"
"34410"|"34298"
"34410"|"34299"
"34290"|"34300"
"34200"|"34301"
"34210"|"34302"
"34520"|"34303"
"34700"|"34304"
"34330"|"34305"
"34700"|"34306"
"34160"|"34307"
"34600"|"34308"
"34820"|"34309"
"34490"|"34310"
"34120"|"34311"
"34260"|"34312"
"34230"|"34313"
"34270"|"34314"
"34230"|"34315"
"34700"|"34316"
"34520"|"34317"
"34270"|"34318"
"34320"|"34319"
"34570"|"34320"
"34130"|"34321"
"34270"|"34322"
"34800"|"34323"
"34350"|"34324"
"34290"|"34325"
"34220"|"34326"
"34740"|"34327"
"34230"|"34328"
"34350"|"34329"
"34400"|"34330"
"34220"|"34331"
"34450"|"34332"
"34110"|"34333"
"34390"|"34334"
"34600"|"34335"
"34420"|"34336"
"34750"|"34337"
"34800"|"34338"
"34360"|"34339"
"34400"|"34340"
"34560"|"34341"
"34380"|"34342"
"34380"|"34343"
"34280"|"34344"
"35690"|"35001"
"35150"|"35002"
"35250"|"35003"
"35560"|"35004"
"35130"|"35005"
"35370"|"35006"
"35250"|"35007"
"35130"|"35008"
"35120"|"35009"
"35120"|"35010"
"35460"|"35011"
"35470"|"35012"
"35600"|"35013"
"35680"|"35014"
"35500"|"35015"
"35580"|"35016"
"35190"|"35017"
"35420"|"35018"
"35560"|"35019"
"35133"|"35021"
"35190"|"35022"
"35137"|"35023"
"35830"|"35024"
"35133"|"35025"
"35750"|"35026"
"35360"|"35027"
"35150"|"35028"
"35270"|"35029"
"35320"|"35030"
"35340"|"35031"
"35230"|"35032"
"35890"|"35033"
"35120"|"35034"
"35330"|"35035"
"35310"|"35037"
"35370"|"35038"
"35530"|"35039"
"35160"|"35040"
"35150"|"35041"
"35370"|"35042"
"35120"|"35044"
"35550"|"35045"
"35330"|"35046"
"35170"|"35047"
"35330"|"35048"
"35260"|"35049"
"35190"|"35050"
"35510"|"35051"
"35500"|"35052"
"35680"|"35053"
"35150"|"35054"
"35135"|"35055"
"35190"|"35056"
"35330"|"35057"
"35630"|"35058"
"35520"|"35059"
"35360"|"35060"
"35500"|"35061"
"35133"|"35062"
"35140"|"35063"
"35660"|"35064"
"35590"|"35065"
"35131"|"35066"
"35250"|"35067"
"35220"|"35068"
"35410"|"35069"
"35430"|"35070"
"35133"|"35071"
"35210"|"35072"
"35490"|"35075"
"35310"|"35076"
"35640"|"35077"
"35120"|"35078"
"35250"|"35079"
"35310"|"35080"
"35590"|"35081"
"35134"|"35082"
"35460"|"35083"
"35330"|"35084"
"35270"|"35085"
"35210"|"35086"
"35500"|"35087"
"35150"|"35088"
"35320"|"35089"
"35320"|"35090"
"35290"|"35091"
"35270"|"35092"
"35800"|"35093"
"35440"|"35094"
"35120"|"35095"
"35113"|"35096"
"35680"|"35097"
"35390"|"35098"
"35410"|"35099"
"35210"|"35100"
"35450"|"35101"
"35130"|"35102"
"35640"|"35103"
"35120"|"35104"
"35500"|"35105"
"35620"|"35106"
"35340"|"35107"
"35150"|"35108"
"35370"|"35109"
"35440"|"35110"
"35420"|"35111"
"35133"|"35112"
"35560"|"35113"
"35640"|"35114"
"35300"|"35115"
"35111"|"35116"
"35290"|"35117"
"35490"|"35118"
"35370"|"35119"
"35850"|"35120"
"35140"|"35121"
"35350"|"35122"
"35580"|"35123"
"35390"|"35124"
"35130"|"35125"
"35580"|"35126"
"35580"|"35127"
"35440"|"35128"
"35480"|"35129"
"35630"|"35130"
"35590"|"35131"
"35120"|"35132"
"35750"|"35133"
"35630"|"35134"
"35850"|"35135"
"35150"|"35136"
"35133"|"35137"
"35133"|"35138"
"35890"|"35139"
"35320"|"35140"
"35450"|"35141"
"35133"|"35142"
"35360"|"35143"
"35850"|"35144"
"35660"|"35145"
"35630"|"35146"
"35720"|"35147"
"35270"|"35148"
"35580"|"35149"
"35133"|"35150"
"35550"|"35151"
"35340"|"35152"
"35111"|"35153"
"35450"|"35154"
"35550"|"35155"
"35190"|"35156"
"35133"|"35157"
"35360"|"35158"
"35270"|"35159"
"35330"|"35160"
"35680"|"35161"
"35420"|"35162"
"35133"|"35163"
"35560"|"35164"
"35240"|"35165"
"35220"|"35166"
"35640"|"35167"
"35330"|"35168"
"35380"|"35169"
"35450"|"35170"
"35360"|"35171"
"35270"|"35172"
"35520"|"35173"
"35420"|"35174"
"35330"|"35175"
"35480"|"35176"
"35520"|"35177"
"35140"|"35178"
"35540"|"35179"
"35190"|"35180"
"35870"|"35181"
"35370"|"35183"
"35360"|"35184"
"35210"|"35185"
"35120"|"35186"
"35160"|"35187"
"35160"|"35188"
"35760"|"35189"
"35420"|"35190"
"35460"|"35191"
"35210"|"35192"
"35520"|"35193"
"35500"|"35194"
"35440"|"35195"
"35310"|"35196"
"35250"|"35197"
"35680"|"35198"
"35130"|"35199"
"35130"|"35200"
"35290"|"35201"
"35470"|"35202"
"35137"|"35203"
"35410"|"35204"
"35560"|"35205"
"35230"|"35206"
"35530"|"35207"
"35230"|"35208"
"35410"|"35209"
"35740"|"35210"
"35380"|"35211"
"35320"|"35212"
"35210"|"35214"
"35133"|"35215"
"35850"|"35216"
"35370"|"35217"
"35320"|"35218"
"35550"|"35219"
"35150"|"35220"
"35470"|"35221"
"35610"|"35222"
"35380"|"35223"
"35540"|"35224"
"35720"|"35225"
"35720"|"35226"
"35137"|"35227"
"35730"|"35228"
"35500"|"35229"
"35420"|"35230"
"35320"|"35231"
"35210"|"35232"
"35190"|"35233"
"35290"|"35234"
"35130"|"35235"
"35600"|"35236"
"35660"|"35237"
"35000"|"35238"
"35240"|"35239"
"35650"|"35240"
"35780"|"35241"
"35560"|"35242"
"35133"|"35243"
"35490"|"35244"
"35850"|"35245"
"35120"|"35246"
"35610"|"35247"
"35610"|"35248"
"35390"|"35249"
"35230"|"35250"
"35250"|"35251"
"35500"|"35252"
"35140"|"35253"
"35410"|"35254"
"35114"|"35255"
"35800"|"35256"
"35460"|"35257"
"35630"|"35258"
"35120"|"35259"
"35210"|"35260"
"35140"|"35261"
"35134"|"35262"
"35350"|"35263"
"35220"|"35264"
"35190"|"35265"
"35230"|"35266"
"35460"|"35267"
"35550"|"35268"
"35140"|"35269"
"35610"|"35270"
"35420"|"35271"
"35370"|"35272"
"35133"|"35273"
"35250"|"35274"
"35590"|"35275"
"35630"|"35276"
"35750"|"35277"
"35760"|"35278"
"35430"|"35279"
"35140"|"35280"
"35136"|"35281"
"35140"|"35282"
"35220"|"35283"
"35430"|"35284"
"35550"|"35285"
"35270"|"35286"
"35800"|"35287"
"35400"|"35288"
"35480"|"35289"
"35750"|"35290"
"35120"|"35291"
"35460"|"35292"
"35140"|"35293"
"35600"|"35294"
"35750"|"35295"
"35250"|"35296"
"35290"|"35297"
"35350"|"35299"
"35500"|"35300"
"35360"|"35301"
"35290"|"35302"
"35460"|"35303"
"35140"|"35304"
"35380"|"35305"
"35430"|"35306"
"35190"|"35307"
"35720"|"35308"
"35560"|"35309"
"35133"|"35310"
"35330"|"35311"
"35580"|"35312"
"35430"|"35314"
"35250"|"35315"
"35390"|"35316"
"35630"|"35317"
"35190"|"35318"
"35310"|"35319"
"35360"|"35320"
"35320"|"35321"
"35320"|"35322"
"35460"|"35323"
"35133"|"35324"
"35130"|"35325"
"35490"|"35326"
"35530"|"35327"
"35550"|"35328"
"35610"|"35329"
"35500"|"35330"
"35160"|"35331"
"35620"|"35332"
"35240"|"35333"
"35235"|"35334"
"35134"|"35335"
"35460"|"35336"
"35190"|"35337"
"35370"|"35338"
"35610"|"35339"
"35380"|"35340"
"35460"|"35341"
"35270"|"35342"
"35320"|"35343"
"35720"|"35344"
"35190"|"35345"
"35190"|"35346"
"35450"|"35347"
"35140"|"35348"
"35680"|"35350"
"35160"|"35351"
"35770"|"35352"
"35132"|"35353"
"35610"|"35354"
"35490"|"35355"
"35630"|"35356"
"35420"|"35357"
"35430"|"35358"
"35130"|"35359"
"35500"|"35360"
"35960"|"35361"
"35540"|"35362"
"35131"|"35363"
"36140"|"36001"
"36150"|"36002"
"36120"|"36003"
"36210"|"36004"
"36120"|"36005"
"36200"|"36006"
"36500"|"36007"
"36700"|"36008"
"36330"|"36009"
"36290"|"36010"
"36210"|"36011"
"36270"|"36012"
"36110"|"36013"
"36270"|"36014"
"36310"|"36015"
"36370"|"36016"
"36400"|"36017"
"36300"|"36018"
"36120"|"36019"
"36310"|"36020"
"36100"|"36021"
"36200"|"36022"
"36110"|"36023"
"36110"|"36024"
"36400"|"36025"
"36110"|"36026"
"36100"|"36027"
"36140"|"36028"
"36150"|"36029"
"36230"|"36030"
"36500"|"36031"
"36200"|"36032"
"36200"|"36033"
"36210"|"36034"
"36310"|"36035"
"36370"|"36036"
"36100"|"36037"
"36160"|"36038"
"36500"|"36040"
"36150"|"36041"
"36800"|"36042"
"36400"|"36043"
"36000"|"36044"
"36700"|"36045"
"36400"|"36046"
"36170"|"36047"
"36200"|"36048"
"36170"|"36049"
"36500"|"36050"
"36800"|"36051"
"36100"|"36052"
"36300"|"36053"
"36700"|"36054"
"36700"|"36055"
"36340"|"36056"
"36130"|"36057"
"36300"|"36058"
"36100"|"36059"
"36140"|"36060"
"36140"|"36061"
"36190"|"36062"
"36130"|"36063"
"36130"|"36064"
"36260"|"36065"
"36300"|"36066"
"36310"|"36067"
"36210"|"36068"
"36240"|"36069"
"36270"|"36070"
"36120"|"36071"
"36360"|"36072"
"36160"|"36073"
"36700"|"36074"
"36150"|"36075"
"36220"|"36076"
"36600"|"36077"
"36230"|"36078"
"36110"|"36079"
"36180"|"36080"
"36190"|"36081"
"36240"|"36082"
"36150"|"36083"
"36230"|"36084"
"36150"|"36085"
"36180"|"36086"
"36300"|"36087"
"36100"|"36088"
"36120"|"36089"
"36240"|"36090"
"36400"|"36091"
"36600"|"36092"
"36110"|"36093"
"36370"|"36094"
"36160"|"36095"
"36220"|"36096"
"36150"|"36097"
"36100"|"36098"
"36140"|"36099"
"36400"|"36100"
"36350"|"36101"
"36150"|"36102"
"36360"|"36103"
"36220"|"36104"
"36220"|"36105"
"36800"|"36106"
"36600"|"36107"
"36230"|"36108"
"36400"|"36109"
"36340"|"36110"
"36340"|"36111"
"36120"|"36112"
"36220"|"36113"
"36370"|"36114"
"36210"|"36115"
"36150"|"36116"
"36200"|"36117"
"36500"|"36118"
"36220"|"36119"
"36230"|"36120"
"36100"|"36121"
"36150"|"36122"
"36290"|"36123"
"36800"|"36124"
"36260"|"36125"
"36140"|"36126"
"36400"|"36127"
"36130"|"36128"
"36230"|"36129"
"36400"|"36130"
"36200"|"36131"
"36160"|"36132"
"36340"|"36133"
"36170"|"36134"
"36110"|"36135"
"36700"|"36136"
"36220"|"36137"
"36400"|"36138"
"36500"|"36139"
"36100"|"36140"
"36230"|"36141"
"36250"|"36142"
"36400"|"36143"
"36800"|"36144"
"36290"|"36145"
"36190"|"36146"
"36210"|"36147"
"36800"|"36148"
"36500"|"36149"
"36170"|"36150"
"36210"|"36151"
"36260"|"36152"
"36290"|"36153"
"36200"|"36154"
"36180"|"36155"
"36160"|"36156"
"36350"|"36157"
"36200"|"36158"
"36330"|"36159"
"36190"|"36160"
"36800"|"36161"
"36210"|"36162"
"36160"|"36163"
"36160"|"36164"
"36300"|"36165"
"36240"|"36166"
"36220"|"36167"
"36370"|"36168"
"36120"|"36169"
"36150"|"36170"
"36260"|"36171"
"36800"|"36172"
"36300"|"36173"
"36170"|"36174"
"36110"|"36175"
"36300"|"36176"
"36170"|"36177"
"36300"|"36178"
"36100"|"36179"
"36120"|"36180"
"36100"|"36181"
"36170"|"36182"
"36210"|"36183"
"36400"|"36184"
"36210"|"36185"
"36400"|"36186"
"36170"|"36187"
"36700"|"36188"
"36230"|"36189"
"36100"|"36190"
"36150"|"36191"
"36800"|"36192"
"36500"|"36193"
"36500"|"36194"
"36100"|"36195"
"36170"|"36196"
"36370"|"36197"
"36500"|"36198"
"36260"|"36199"
"36200"|"36200"
"36110"|"36201"
"36250"|"36202"
"36700"|"36203"
"36290"|"36204"
"36260"|"36205"
"36110"|"36206"
"36190"|"36207"
"36160"|"36208"
"36100"|"36209"
"36230"|"36210"
"36120"|"36211"
"36290"|"36212"
"36220"|"36213"
"36160"|"36214"
"36100"|"36215"
"36180"|"36216"
"36210"|"36217"
"36500"|"36218"
"36200"|"36219"
"36800"|"36220"
"36400"|"36221"
"36100"|"36222"
"36310"|"36223"
"36220"|"36224"
"36700"|"36225"
"36230"|"36226"
"36160"|"36227"
"36600"|"36228"
"36210"|"36229"
"36150"|"36230"
"36330"|"36231"
"36500"|"36232"
"36600"|"36233"
"36400"|"36234"
"36600"|"36235"
"36400"|"36236"
"36600"|"36237"
"36160"|"36238"
"36170"|"36239"
"36160"|"36240"
"36320"|"36241"
"36110"|"36242"
"36500"|"36243"
"36600"|"36244"
"36250"|"36245"
"36290"|"36246"
"36110"|"36247"
"36100"|"36248"
"37160"|"37001"
"37340"|"37002"
"37400"|"37003"
"37500"|"37004"
"37800"|"37005"
"37260"|"37006"
"37120"|"37007"
"37270"|"37008"
"37110"|"37009"
"37110"|"37010"
"37420"|"37011"
"37220"|"37012"
"37340"|"37013"
"37190"|"37014"
"37270"|"37015"
"37310"|"37016"
"37510"|"37018"
"37350"|"37019"
"37600"|"37020"
"37360"|"37021"
"37420"|"37022"
"37460"|"37023"
"37140"|"37024"
"37510"|"37025"
"37600"|"37026"
"37150"|"37027"
"37290"|"37028"
"37240"|"37029"
"37110"|"37030"
"37140"|"37031"
"37240"|"37032"
"37290"|"37033"
"37120"|"37034"
"37120"|"37035"
"37330"|"37036"
"37330"|"37037"
"37130"|"37038"
"37600"|"37039"
"37220"|"37040"
"37370"|"37041"
"37500"|"37042"
"37530"|"37043"
"37350"|"37044"
"37160"|"37045"
"37460"|"37046"
"37390"|"37047"
"37290"|"37048"
"37310"|"37049"
"37170"|"37050"
"37120"|"37051"
"37210"|"37052"
"37600"|"37053"
"37390"|"37054"
"37330"|"37055"
"37130"|"37056"
"37240"|"37057"
"37140"|"37058"
"37390"|"37059"
"37530"|"37060"
"37290"|"37061"
"37330"|"37062"
"37110"|"37063"
"37350"|"37064"
"37120"|"37065"
"37310"|"37066"
"37190"|"37067"
"37370"|"37068"
"37460"|"37069"
"37150"|"37070"
"37220"|"37071"
"37500"|"37072"
"37150"|"37073"
"37140"|"37074"
"37310"|"37075"
"37500"|"37076"
"37130"|"37077"
"37240"|"37078"
"37150"|"37079"
"37160"|"37080"
"37340"|"37081"
"37340"|"37082"
"37320"|"37083"
"37330"|"37084"
"37310"|"37085"
"37330"|"37086"
"37120"|"37087"
"37500"|"37088"
"37500"|"37089"
"37220"|"37090"
"37150"|"37091"
"37380"|"37092"
"37220"|"37093"
"37240"|"37094"
"37110"|"37095"
"37150"|"37096"
"37310"|"37097"
"37800"|"37098"
"37190"|"37099"
"37150"|"37100"
"37370"|"37101"
"37130"|"37102"
"37240"|"37103"
"37320"|"37104"
"37120"|"37105"
"37110"|"37106"
"37350"|"37107"
"37600"|"37108"
"37230"|"37109"
"37150"|"37110"
"37460"|"37111"
"37340"|"37112"
"37350"|"37113"
"37350"|"37114"
"37160"|"37115"
"37110"|"37116"
"37340"|"37117"
"37420"|"37118"
"37220"|"37119"
"37140"|"37120"
"37120"|"37121"
"37300"|"37122"
"37130"|"37123"
"37270"|"37124"
"37120"|"37125"
"37500"|"37126"
"37460"|"37127"
"37130"|"37128"
"37500"|"37129"
"37240"|"37130"
"37530"|"37131"
"37600"|"37132"
"37460"|"37133"
"37320"|"37134"
"37370"|"37135"
"37240"|"37136"
"37330"|"37137"
"37400"|"37138"
"37230"|"37139"
"37120"|"37140"
"37150"|"37141"
"37800"|"37142"
"37240"|"37143"
"37500"|"37144"
"37160"|"37145"
"37330"|"37146"
"37800"|"37147"
"37120"|"37148"
"37370"|"37149"
"37130"|"37150"
"37390"|"37151"
"37390"|"37152"
"37380"|"37153"
"37250"|"37154"
"37110"|"37155"
"37270"|"37156"
"37460"|"37157"
"37530"|"37158"
"37260"|"37159"
"37110"|"37160"
"37530"|"37161"
"37600"|"37162"
"37530"|"37163"
"37190"|"37165"
"37380"|"37166"
"37360"|"37167"
"37160"|"37168"
"37110"|"37169"
"37370"|"37170"
"37210"|"37171"
"37390"|"37172"
"37460"|"37173"
"37800"|"37174"
"37380"|"37175"
"37800"|"37176"
"37460"|"37177"
"37220"|"37178"
"37210"|"37179"
"37220"|"37180"
"37350"|"37181"
"37230"|"37182"
"37600"|"37183"
"37350"|"37184"
"37530"|"37185"
"37260"|"37186"
"37800"|"37187"
"37800"|"37188"
"37290"|"37189"
"37800"|"37190"
"37120"|"37191"
"37310"|"37192"
"37140"|"37193"
"37380"|"37194"
"37520"|"37195"
"37120"|"37196"
"37420"|"37197"
"37340"|"37198"
"37220"|"37199"
"37190"|"37200"
"37500"|"37201"
"37500"|"37202"
"37210"|"37203"
"37360"|"37204"
"37190"|"37205"
"37360"|"37206"
"37370"|"37207"
"37550"|"37208"
"37310"|"37209"
"37500"|"37210"
"37320"|"37211"
"37800"|"37212"
"37370"|"37213"
"37540"|"37214"
"37800"|"37216"
"37230"|"37217"
"37600"|"37218"
"37510"|"37219"
"37500"|"37220"
"37600"|"37221"
"37600"|"37222"
"37330"|"37223"
"37380"|"37224"
"37270"|"37225"
"37800"|"37226"
"37130"|"37227"
"37140"|"37228"
"37110"|"37229"
"37530"|"37230"
"37370"|"37231"
"37130"|"37232"
"37700"|"37233"
"37310"|"37234"
"37530"|"37236"
"37390"|"37237"
"37600"|"37238"
"37110"|"37240"
"37340"|"37241"
"37420"|"37242"
"37510"|"37243"
"37220"|"37244"
"37360"|"37245"
"37600"|"37246"
"37800"|"37247"
"37500"|"37248"
"37360"|"37249"
"37250"|"37250"
"37330"|"37251"
"37530"|"37252"
"37310"|"37253"
"37310"|"37254"
"37220"|"37255"
"37220"|"37256"
"37260"|"37257"
"37500"|"37258"
"37290"|"37259"
"37120"|"37260"
"37000"|"37261"
"37220"|"37262"
"37320"|"37263"
"37190"|"37264"
"37600"|"37265"
"37250"|"37266"
"37270"|"37267"
"37120"|"37268"
"37600"|"37269"
"37210"|"37270"
"37190"|"37271"
"37510"|"37272"
"37700"|"37273"
"37370"|"37274"
"37460"|"37275"
"37110"|"37276"
"37460"|"37277"
"37260"|"37278"
"37330"|"37279"
"37240"|"37280"
"37210"|"37281"
"37290"|"37282"
"38490"|"38001"
"38190"|"38002"
"38150"|"38003"
"38470"|"38004"
"38114"|"38005"
"38580"|"38006"
"38970"|"38008"
"38150"|"38009"
"38460"|"38010"
"38280"|"38011"
"38490"|"38012"
"38140"|"38013"
"38510"|"38014"
"38440"|"38015"
"38260"|"38016"
"38150"|"38017"
"38680"|"38018"
"38550"|"38019"
"38142"|"38020"
"38880"|"38021"
"38630"|"38022"
"38650"|"38023"
"38300"|"38024"
"38260"|"38025"
"38390"|"38026"
"38530"|"38027"
"38490"|"38028"
"38110"|"38029"
"38140"|"38030"
"38970"|"38031"
"38270"|"38032"
"38470"|"38033"
"38270"|"38034"
"38440"|"38035"
"38160"|"38036"
"38270"|"38037"
"38690"|"38038"
"38190"|"38039"
"38142"|"38040"
"38160"|"38041"
"38690"|"38042"
"38850"|"38043"
"38690"|"38044"
"38330"|"38045"
"38690"|"38046"
"38730"|"38047"
"38090"|"38048"
"38260"|"38049"
"38510"|"38050"
"38150"|"38051"
"38520"|"38052"
"38300"|"38053"
"38390"|"38054"
"38510"|"38055"
"38870"|"38056"
"38320"|"38057"
"38590"|"38058"
"38320"|"38059"
"38590"|"38060"
"38500"|"38061"
"38530"|"38062"
"38690"|"38063"
"38110"|"38064"
"38690"|"38065"
"38122"|"38066"
"38460"|"38067"
"38800"|"38068"
"38260"|"38069"
"38190"|"38070"
"38560"|"38071"
"38150"|"38072"
"38740"|"38073"
"38470"|"38074"
"38530"|"38075"
"38110"|"38076"
"38150"|"38077"
"38580"|"38078"
"38490"|"38080"
"38790"|"38081"
"38850"|"38082"
"38390"|"38083"
"38140"|"38084"
"38230"|"38085"
"38470"|"38086"
"38670"|"38087"
"38730"|"38089"
"38650"|"38090"
"38300"|"38091"
"38680"|"38092"
"38980"|"38093"
"38440"|"38094"
"38160"|"38095"
"38230"|"38097"
"38730"|"38098"
"38160"|"38099"
"38570"|"38100"
"38550"|"38101"
"38300"|"38102"
"38930"|"38103"
"38490"|"38104"
"38850"|"38105"
"38220"|"38106"
"38121"|"38107"
"38680"|"38108"
"38460"|"38109"
"38200"|"38110"
"38640"|"38111"
"38142"|"38112"
"38930"|"38113"
"38550"|"38114"
"38650"|"38115"
"38350"|"38116"
"38470"|"38117"
"38690"|"38118"
"38190"|"38120"
"38260"|"38121"
"38630"|"38124"
"38710"|"38125"
"38700"|"38126"
"38710"|"38127"
"38970"|"38128"
"38250"|"38129"
"38260"|"38130"
"38138"|"38131"
"38970"|"38132"
"38500"|"38133"
"38122"|"38134"
"38510"|"38135"
"38300"|"38136"
"38210"|"38137"
"38460"|"38138"
"38510"|"38139"
"38920"|"38140"
"38300"|"38141"
"38790"|"38144"
"38160"|"38145"
"38460"|"38146"
"38730"|"38147"
"38110"|"38148"
"38300"|"38149"
"38420"|"38150"
"38130"|"38151"
"38300"|"38152"
"38360"|"38153"
"38740"|"38154"
"38380"|"38155"
"38300"|"38156"
"38780"|"38157"
"38320"|"38158"
"38690"|"38159"
"38780"|"38160"
"38260"|"38161"
"38110"|"38162"
"38580"|"38163"
"38490"|"38165"
"38530"|"38166"
"38690"|"38167"
"38600"|"38169"
"38120"|"38170"
"38590"|"38171"
"38080"|"38172"
"38142"|"38173"
"38260"|"38174"
"38190"|"38175"
"38290"|"38176"
"38520"|"38177"
"38610"|"38179"
"38260"|"38180"
"38570"|"38181"
"38690"|"38182"
"38490"|"38183"
"38540"|"38184"
"38000"|"38185"
"38650"|"38186"
"38450"|"38187"
"38320"|"38188"
"38540"|"38189"
"38118"|"38190"
"38750"|"38191"
"38570"|"38192"
"38080"|"38193"
"38140"|"38194"
"38160"|"38195"
"38280"|"38197"
"38270"|"38198"
"38200"|"38199"
"38560"|"38200"
"38220"|"38203"
"38930"|"38204"
"38250"|"38205"
"38190"|"38206"
"38350"|"38207"
"38710"|"38208"
"38270"|"38209"
"38460"|"38210"
"38440"|"38211"
"38220"|"38212"
"38690"|"38213"
"38660"|"38214"
"38200"|"38215"
"38470"|"38216"
"38350"|"38217"
"38260"|"38218"
"38270"|"38219"
"38980"|"38221"
"38620"|"38222"
"38300"|"38223"
"38350"|"38224"
"38112"|"38225"
"38710"|"38226"
"38620"|"38228"
"38240"|"38229"
"38300"|"38230"
"38440"|"38231"
"38440"|"38232"
"38450"|"38235"
"38380"|"38236"
"38142"|"38237"
"38440"|"38238"
"38430"|"38239"
"38270"|"38240"
"38970"|"38241"
"38650"|"38242"
"38930"|"38243"
"38122"|"38244"
"38160"|"38245"
"38110"|"38246"
"38390"|"38247"
"38210"|"38248"
"38330"|"38249"
"38890"|"38250"
"38220"|"38252"
"38860"|"38253"
"38770"|"38254"
"38940"|"38255"
"38620"|"38256"
"38690"|"38257"
"38120"|"38258"
"38122"|"38259"
"38460"|"38260"
"38510"|"38261"
"38570"|"38262"
"38210"|"38263"
"38350"|"38264"
"38770"|"38265"
"38770"|"38266"
"38260"|"38267"
"38580"|"38268"
"38350"|"38269"
"38140"|"38270"
"38420"|"38271"
"38160"|"38272"
"38350"|"38273"
"38260"|"38274"
"38470"|"38275"
"38300"|"38276"
"38450"|"38277"
"38470"|"38278"
"38220"|"38279"
"38144"|"38280"
"38360"|"38281"
"38460"|"38282"
"38350"|"38283"
"38260"|"38284"
"38520"|"38285"
"38520"|"38286"
"38690"|"38287"
"38780"|"38288"
"38114"|"38289"
"38270"|"38290"
"38260"|"38291"
"38850"|"38292"
"38730"|"38293"
"38460"|"38294"
"38390"|"38295"
"38490"|"38296"
"38510"|"38297"
"38550"|"38298"
"38970"|"38299"
"38260"|"38300"
"38930"|"38301"
"38740"|"38302"
"38570"|"38303"
"38119"|"38304"
"38730"|"38305"
"38580"|"38306"
"38270"|"38307"
"38590"|"38308"
"38320"|"38309"
"38210"|"38310"
"38260"|"38311"
"38340"|"38312"
"38350"|"38313"
"38530"|"38314"
"38480"|"38315"
"38230"|"38316"
"38800"|"38317"
"38780"|"38318"
"38680"|"38319"
"38390"|"38320"
"38710"|"38321"
"38680"|"38322"
"38480"|"38323"
"38270"|"38324"
"38120"|"38325"
"38350"|"38326"
"38950"|"38328"
"38970"|"38329"
"38470"|"38330"
"38140"|"38331"
"38140"|"38332"
"38680"|"38333"
"38420"|"38334"
"38270"|"38335"
"38121"|"38336"
"38140"|"38337"
"38210"|"38338"
"38090"|"38339"
"38370"|"38340"
"38110"|"38341"
"38650"|"38342"
"38480"|"38343"
"38150"|"38344"
"38470"|"38345"
"38440"|"38346"
"38940"|"38347"
"38300"|"38348"
"38550"|"38349"
"38190"|"38350"
"38300"|"38351"
"38080"|"38352"
"38370"|"38353"
"38480"|"38354"
"38650"|"38355"
"38680"|"38356"
"38490"|"38357"
"38440"|"38358"
"38160"|"38359"
"38160"|"38360"
"38350"|"38361"
"38960"|"38362"
"38270"|"38363"
"38220"|"38364"
"38118"|"38365"
"38710"|"38366"
"38660"|"38367"
"38140"|"38368"
"38110"|"38369"
"38840"|"38370"
"38620"|"38372"
"38500"|"38373"
"38890"|"38374"
"38520"|"38375"
"38380"|"38376"
"38110"|"38377"
"38370"|"38378"
"38940"|"38379"
"38690"|"38380"
"38110"|"38381"
"38120"|"38382"
"38960"|"38383"
"38590"|"38384"
"38620"|"38386"
"38590"|"38387"
"38450"|"38388"
"38790"|"38389"
"38470"|"38390"
"38650"|"38391"
"38460"|"38392"
"38260"|"38393"
"38840"|"38394"
"38660"|"38395"
"38350"|"38396"
"38330"|"38397"
"38480"|"38398"
"38440"|"38399"
"38430"|"38400"
"38110"|"38401"
"38220"|"38402"
"38710"|"38403"
"38420"|"38404"
"38134"|"38405"
"38122"|"38406"
"38134"|"38407"
"38540"|"38408"
"38680"|"38409"
"38840"|"38410"
"38380"|"38412"
"38350"|"38413"
"38970"|"38414"
"38080"|"38415"
"38160"|"38416"
"38660"|"38417"
"38660"|"38418"
"38930"|"38419"
"38480"|"38420"
"38400"|"38421"
"38410"|"38422"
"38950"|"38423"
"38930"|"38424"
"38550"|"38425"
"38530"|"38426"
"38590"|"38427"
"38350"|"38428"
"38650"|"38429"
"38190"|"38430"
"38330"|"38431"
"38500"|"38432"
"38250"|"38433"
"38490"|"38434"
"38660"|"38435"
"38760"|"38436"
"38140"|"38437"
"38650"|"38438"
"38830"|"38439"
"38870"|"38440"
"38380"|"38442"
"38160"|"38443"
"38350"|"38444"
"38220"|"38445"
"73670"|"38446"
"38370"|"38448"
"38070"|"38449"
"38210"|"38450"
"38460"|"38451"
"38150"|"38452"
"38160"|"38453"
"38160"|"38454"
"38300"|"38455"
"38710"|"38456"
"38870"|"38457"
"38510"|"38458"
"38200"|"38459"
"38620"|"38460"
"38119"|"38462"
"38160"|"38463"
"38110"|"38464"
"38510"|"38465"
"38660"|"38466"
"38890"|"38467"
"38150"|"38468"
"38970"|"38469"
"38350"|"38470"
"38700"|"38471"
"38700"|"38472"
"38260"|"38473"
"38360"|"38474"
"38290"|"38475"
"38440"|"38476"
"38220"|"38478"
"38260"|"38479"
"38780"|"38480"
"38300"|"38481"
"38510"|"38483"
"38200"|"38484"
"38170"|"38485"
"38180"|"38486"
"38200"|"38487"
"38460"|"38488"
"38350"|"38489"
"38590"|"38490"
"38650"|"38492"
"38460"|"38494"
"38840"|"38495"
"38150"|"38496"
"38350"|"38497"
"38300"|"38498"
"38350"|"38499"
"38470"|"38500"
"38570"|"38501"
"38660"|"38503"
"38570"|"38504"
"38260"|"38505"
"38230"|"38507"
"38690"|"38508"
"38110"|"38509"
"38660"|"38511"
"38300"|"38512"
"38650"|"38513"
"38710"|"38514"
"38460"|"38515"
"38700"|"38516"
"38210"|"38517"
"38740"|"38518"
"38540"|"38519"
"38730"|"38520"
"38350"|"38521"
"38740"|"38522"
"38470"|"38523"
"38760"|"38524"
"38890"|"38525"
"38470"|"38526"
"38114"|"38527"
"38410"|"38528"
"38410"|"38529"
"38090"|"38530"
"38620"|"38531"
"38460"|"38532"
"38610"|"38533"
"38520"|"38534"
"38460"|"38535"
"38150"|"38536"
"38290"|"38537"
"38420"|"38538"
"38390"|"38539"
"38113"|"38540"
"38630"|"38541"
"38460"|"38542"
"38510"|"38543"
"38200"|"38544"
"38450"|"38545"
"38890"|"38546"
"38190"|"38547"
"38250"|"38548"
"38520"|"38549"
"38114"|"38550"
"38520"|"38551"
"38119"|"38552"
"38090"|"38553"
"38460"|"38554"
"38440"|"38555"
"38150"|"38556"
"38280"|"38557"
"38200"|"38558"
"38470"|"38559"
"38730"|"38560"
"38980"|"38561"
"38220"|"38562"
"38500"|"38563"
"38620"|"38564"
"38340"|"38565"
"38210"|"38566"
"38410"|"38567"
"39500"|"39001"
"39600"|"39002"
"39800"|"39003"
"39110"|"39004"
"39110"|"39006"
"39270"|"39007"
"39700"|"39008"
"39110"|"39009"
"39320"|"39010"
"39120"|"39011"
"39600"|"39013"
"39290"|"39014"
"39300"|"39015"
"39240"|"39016"
"39140"|"39017"
"39240"|"39018"
"39600"|"39019"
"39250"|"39020"
"39270"|"39021"
"39120"|"39022"
"39160"|"39023"
"39700"|"39024"
"39190"|"39025"
"39380"|"39026"
"39270"|"39027"
"39800"|"39028"
"39410"|"39029"
"39100"|"39030"
"39700"|"39031"
"39200"|"39032"
"39120"|"39034"
"39160"|"39035"
"39320"|"39036"
"39380"|"39037"
"39130"|"39038"
"39700"|"39039"
"39800"|"39040"
"39210"|"39041"
"39100"|"39042"
"39190"|"39043"
"39270"|"39045"
"39310"|"39046"
"39400"|"39047"
"39380"|"39048"
"39800"|"39049"
"39800"|"39050"
"39290"|"39051"
"39150"|"39052"
"39250"|"39053"
"39800"|"39054"
"39250"|"39055"
"39140"|"39056"
"39210"|"39057"
"39130"|"39058"
"39220"|"39059"
"39230"|"39060"
"39130"|"39061"
"39240"|"39062"
"39130"|"39063"
"39190"|"39064"
"39800"|"39065"
"39570"|"39066"
"39370"|"39068"
"39320"|"39069"
"39300"|"39070"
"39110"|"39072"
"39800"|"39073"
"39290"|"39074"
"39230"|"39075"
"39700"|"39076"
"39120"|"39077"
"39100"|"39078"
"39570"|"39079"
"39320"|"39080"
"39800"|"39081"
"39250"|"39083"
"39110"|"39084"
"39250"|"39085"
"39240"|"39086"
"39570"|"39088"
"39240"|"39089"
"39120"|"39090"
"39150"|"39091"
"39270"|"39092"
"39380"|"39093"
"39800"|"39094"
"39600"|"39095"
"39290"|"39096"
"39300"|"39097"
"39500"|"39099"
"39230"|"39100"
"39100"|"39101"
"1590"|"39102"
"39110"|"39103"
"39140"|"39104"
"39300"|"39105"
"39260"|"39106"
"39130"|"39107"
"39250"|"39108"
"39130"|"39109"
"39230"|"39110"
"39240"|"39111"
"39230"|"39112"
"39360"|"39113"
"39210"|"39114"
"39150"|"39115"
"39600"|"39116"
"39380"|"39117"
"39130"|"39118"
"39230"|"39119"
"39300"|"39120"
"39700"|"39121"
"39130"|"39122"
"39240"|"39123"
"39230"|"39124"
"39150"|"39126"
"39800"|"39127"
"39120"|"39128"
"39150"|"39129"
"39150"|"39130"
"39150"|"39131"
"39230"|"39132"
"39110"|"39133"
"39270"|"39134"
"39160"|"39135"
"39230"|"39136"
"39240"|"39137"
"39120"|"39138"
"39120"|"39139"
"39230"|"39140"
"39290"|"39141"
"39190"|"39142"
"39130"|"39143"
"39570"|"39145"
"39570"|"39146"
"39110"|"39147"
"39240"|"39148"
"39380"|"39149"
"39100"|"39150"
"39370"|"39151"
"39300"|"39153"
"39130"|"39154"
"39110"|"39155"
"39130"|"39156"
"39200"|"39157"
"39240"|"39158"
"39800"|"39159"
"39140"|"39160"
"39250"|"39161"
"39570"|"39162"
"39240"|"39163"
"39570"|"39164"
"39300"|"39165"
"39240"|"39166"
"39140"|"39167"
"39570"|"39168"
"39570"|"39169"
"39570"|"39170"
"39570"|"39171"
"39700"|"39172"
"39190"|"39173"
"39200"|"39174"
"39260"|"39175"
"39600"|"39176"
"39570"|"39177"
"39300"|"39178"
"39260"|"39179"
"39270"|"39180"
"39100"|"39182"
"39300"|"39183"
"39260"|"39184"
"39190"|"39185"
"39170"|"39186"
"39250"|"39187"
"39290"|"39188"
"39500"|"39189"
"39700"|"39190"
"39230"|"39191"
"39130"|"39192"
"39120"|"39193"
"39140"|"39194"
"39320"|"39195"
"39230"|"39196"
"39190"|"39197"
"39100"|"39198"
"39210"|"39199"
"39270"|"39200"
"39130"|"39201"
"39110"|"39202"
"39250"|"39203"
"39240"|"39204"
"39700"|"39205"
"39600"|"39206"
"39270"|"39207"
"39150"|"39208"
"39160"|"39209"
"39300"|"39210"
"39120"|"39211"
"39250"|"39213"
"39250"|"39214"
"39270"|"39215"
"39130"|"39216"
"39570"|"39217"
"39700"|"39218"
"39700"|"39219"
"39700"|"39220"
"39250"|"39221"
"39800"|"39222"
"39600"|"39223"
"39240"|"39224"
"39800"|"39225"
"39320"|"39226"
"39520"|"39227"
"39460"|"39228"
"39140"|"39229"
"39130"|"39230"
"39150"|"39232"
"39100"|"39233"
"39230"|"39234"
"39700"|"39235"
"39230"|"39236"
"39250"|"39237"
"39290"|"39238"
"39130"|"39239"
"39130"|"39240"
"39570"|"39241"
"39230"|"39243"
"39210"|"39244"
"39120"|"39245"
"39350"|"39246"
"39240"|"39247"
"39110"|"39248"
"39380"|"39249"
"39570"|"39250"
"39570"|"39251"
"39100"|"39252"
"39320"|"39253"
"39250"|"39254"
"39190"|"39255"
"39150"|"39258"
"39600"|"39259"
"39210"|"39260"
"39320"|"39261"
"39290"|"39262"
"39800"|"39263"
"39190"|"39264"
"39130"|"39265"
"39120"|"39266"
"39110"|"39267"
"39110"|"39268"
"39360"|"39269"
"39100"|"39270"
"39150"|"39271"
"39210"|"39272"
"39320"|"39273"
"39310"|"39274"
"39310"|"39275"
"39300"|"39277"
"39130"|"39278"
"39140"|"39279"
"39360"|"39280"
"39300"|"39281"
"39250"|"39282"
"1590"|"39283"
"39700"|"39284"
"39700"|"39285"
"39170"|"39286"
"39240"|"39287"
"39210"|"39288"
"39260"|"39289"
"39240"|"39290"
"39110"|"39291"
"39300"|"39292"
"39170"|"39293"
"39400"|"39294"
"39320"|"39295"
"39230"|"39296"
"39400"|"39297"
"39250"|"39298"
"39120"|"39299"
"39000"|"39300"
"39300"|"39301"
"39350"|"39302"
"39320"|"39303"
"39210"|"39304"
"39380"|"39305"
"39570"|"39306"
"39260"|"39307"
"39700"|"39308"
"39190"|"39309"
"39230"|"39310"
"39240"|"39312"
"39130"|"39313"
"39270"|"39314"
"39110"|"39315"
"39210"|"39317"
"39260"|"39318"
"39600"|"39319"
"39190"|"39320"
"39210"|"39321"
"39130"|"39322"
"39290"|"39323"
"39270"|"39324"
"39600"|"39325"
"39130"|"39326"
"39570"|"39327"
"39260"|"39328"
"39250"|"39329"
"39800"|"39330"
"39250"|"39331"
"39570"|"39332"
"39260"|"39333"
"39570"|"39334"
"39290"|"39335"
"39800"|"39336"
"39600"|"39337"
"39500"|"39338"
"39360"|"39339"
"39250"|"39340"
"39310"|"39341"
"39230"|"39342"
"39320"|"39343"
"39300"|"39344"
"39100"|"39345"
"39160"|"39346"
"39320"|"39347"
"39570"|"39348"
"39210"|"39349"
"39380"|"39350"
"39260"|"39351"
"39700"|"39352"
"39320"|"39353"
"39800"|"39354"
"39600"|"39355"
"39300"|"39356"
"39110"|"39359"
"39290"|"39360"
"39290"|"39361"
"39570"|"39362"
"39320"|"39363"
"39300"|"39364"
"39380"|"39365"
"39300"|"39366"
"39400"|"39367"
"39400"|"39368"
"39330"|"39370"
"39400"|"39371"
"39250"|"39372"
"39310"|"39373"
"39270"|"39375"
"39300"|"39376"
"39290"|"39377"
"39160"|"39378"
"39140"|"39379"
"39270"|"39380"
"39300"|"39381"
"39160"|"39382"
"39120"|"39385"
"39800"|"39386"
"39380"|"39387"
"39210"|"39388"
"39300"|"39389"
"39570"|"39390"
"39250"|"39391"
"39290"|"39392"
"39250"|"39393"
"39270"|"39394"
"39190"|"39395"
"39700"|"39396"
"39270"|"39397"
"39350"|"39398"
"39380"|"39399"
"39700"|"39400"
"39800"|"39401"
"39350"|"39402"
"39330"|"39403"
"39570"|"39404"
"39100"|"39405"
"39300"|"39406"
"39230"|"39407"
"39130"|"39408"
"39290"|"39409"
"39570"|"39411"
"39120"|"39412"
"39370"|"39413"
"39350"|"39414"
"39120"|"39415"
"39150"|"39417"
"39800"|"39418"
"39300"|"39419"
"39270"|"39420"
"39210"|"39421"
"39210"|"39422"
"39270"|"39423"
"39150"|"39424"
"39600"|"39425"
"39800"|"39426"
"39250"|"39427"
"39250"|"39428"
"39120"|"39429"
"39700"|"39430"
"39570"|"39431"
"39290"|"39432"
"39800"|"39434"
"39130"|"39435"
"39110"|"39436"
"39300"|"39437"
"39170"|"39438"
"39600"|"39439"
"39170"|"39440"
"39220"|"39441"
"39150"|"39442"
"39270"|"39443"
"39110"|"39444"
"39570"|"39445"
"39600"|"39446"
"39570"|"39447"
"39120"|"39448"
"39290"|"39449"
"39700"|"39451"
"39700"|"39452"
"39170"|"39453"
"39230"|"39454"
"39270"|"39455"
"39140"|"39456"
"39140"|"39457"
"39570"|"39458"
"39200"|"39460"
"39250"|"39461"
"39700"|"39462"
"39360"|"39463"
"39350"|"39464"
"39700"|"39465"
"39190"|"39466"
"39190"|"39467"
"39270"|"39468"
"39350"|"39469"
"39220"|"39470"
"39140"|"39471"
"39230"|"39472"
"39130"|"39473"
"39190"|"39474"
"39160"|"39475"
"39410"|"39476"
"39120"|"39477"
"39200"|"39478"
"39600"|"39479"
"39570"|"39480"
"39300"|"39481"
"39210"|"39482"
"39240"|"39483"
"39160"|"39484"
"39320"|"39485"
"39230"|"39486"
"39150"|"39487"
"39570"|"39488"
"39230"|"39489"
"39120"|"39490"
"39170"|"39491"
"39570"|"39492"
"39130"|"39493"
"39150"|"39494"
"39110"|"39495"
"39110"|"39497"
"39700"|"39498"
"39350"|"39499"
"39110"|"39500"
"39100"|"39501"
"39380"|"39502"
"39300"|"39503"
"39270"|"39504"
"39130"|"39505"
"39240"|"39506"
"39120"|"39507"
"39230"|"39508"
"39160"|"39509"
"39310"|"39510"
"39230"|"39511"
"39120"|"39512"
"39700"|"39513"
"39700"|"39514"
"39300"|"39517"
"39130"|"39518"
"39130"|"39519"
"39380"|"39520"
"39300"|"39522"
"39300"|"39523"
"39120"|"39525"
"39500"|"39526"
"39350"|"39527"
"39290"|"39528"
"39110"|"39529"
"39240"|"39530"
"39130"|"39531"
"39160"|"39532"
"39230"|"39533"
"39270"|"39534"
"39800"|"39535"
"39570"|"39537"
"39130"|"39538"
"39600"|"39539"
"39300"|"39540"
"39240"|"39542"
"39300"|"39543"
"39270"|"39544"
"39300"|"39545"
"39380"|"39546"
"39360"|"39547"
"39800"|"39548"
"39190"|"39549"
"39570"|"39550"
"39160"|"39551"
"39570"|"39552"
"39210"|"39553"
"39300"|"39554"
"39230"|"39555"
"39130"|"39556"
"39240"|"39557"
"39570"|"39558"
"39380"|"39559"
"39200"|"39560"
"39260"|"39561"
"39200"|"39562"
"39320"|"39564"
"39600"|"39565"
"39240"|"39566"
"39570"|"39567"
"39800"|"39568"
"39600"|"39569"
"39800"|"39570"
"39120"|"39571"
"39600"|"39572"
"39100"|"39573"
"39140"|"39574"
"39230"|"39575"
"39190"|"39576"
"39230"|"39577"
"39360"|"39579"
"39350"|"39581"
"39210"|"39582"
"39240"|"39583"
"39700"|"39584"
"39360"|"39585"
"39110"|"39586"
"40800"|"40001"
"40330"|"40002"
"40990"|"40003"
"40150"|"40004"
"40320"|"40005"
"40110"|"40006"
"40700"|"40007"
"40430"|"40008"
"40110"|"40009"
"40330"|"40011"
"40090"|"40012"
"40190"|"40013"
"40120"|"40014"
"40310"|"40015"
"40700"|"40016"
"40500"|"40017"
"40400"|"40018"
"40200"|"40019"
"40500"|"40020"
"40140"|"40021"
"40320"|"40022"
"40380"|"40023"
"40500"|"40024"
"40090"|"40025"
"40500"|"40026"
"40700"|"40027"
"40360"|"40028"
"40320"|"40029"
"40310"|"40030"
"40400"|"40031"
"40410"|"40032"
"40120"|"40033"
"40300"|"40034"
"40180"|"40035"
"40230"|"40036"
"40280"|"40037"
"40250"|"40038"
"40240"|"40039"
"40370"|"40040"
"40700"|"40041"
"40390"|"40042"
"40170"|"40043"
"40390"|"40044"
"40600"|"40046"
"40330"|"40047"
"40370"|"40048"
"40270"|"40049"
"40090"|"40050"
"40090"|"40051"
"40190"|"40052"
"40120"|"40053"
"40330"|"40054"
"40280"|"40055"
"40420"|"40056"
"40320"|"40057"
"40120"|"40058"
"40300"|"40059"
"40430"|"40060"
"40090"|"40061"
"40090"|"40062"
"40180"|"40063"
"40090"|"40064"
"40130"|"40065"
"40400"|"40066"
"40400"|"40067"
"40380"|"40068"
"40700"|"40069"
"40270"|"40070"
"40360"|"40071"
"40320"|"40072"
"40700"|"40073"
"40330"|"40074"
"40260"|"40075"
"40500"|"40076"
"40300"|"40077"
"40250"|"40078"
"40700"|"40079"
"40270"|"40080"
"40090"|"40081"
"40320"|"40082"
"40320"|"40083"
"40180"|"40084"
"40210"|"40085"
"40500"|"40086"
"40240"|"40087"
"40100"|"40088"
"40700"|"40089"
"40360"|"40090"
"40800"|"40091"
"40500"|"40092"
"40310"|"40093"
"40210"|"40094"
"40290"|"40095"
"40240"|"40096"
"40320"|"40097"
"40500"|"40098"
"40500"|"40099"
"40190"|"40100"
"40350"|"40101"
"40310"|"40102"
"40090"|"40103"
"40380"|"40104"
"40420"|"40105"
"40180"|"40106"
"40110"|"40107"
"40160"|"40108"
"40330"|"40109"
"40320"|"40110"
"40090"|"40111"
"40380"|"40112"
"40180"|"40113"
"40990"|"40114"
"40465"|"40115"
"40400"|"40116"
"40270"|"40117"
"40290"|"40118"
"40700"|"40119"
"40300"|"40120"
"40250"|"40121"
"40280"|"40122"
"40990"|"40123"
"40310"|"40124"
"40180"|"40125"
"40180"|"40126"
"40190"|"40127"
"40700"|"40128"
"40230"|"40129"
"40700"|"40130"
"40240"|"40131"
"40300"|"40132"
"40530"|"40133"
"40210"|"40134"
"40420"|"40135"
"40320"|"40136"
"40120"|"40137"
"40700"|"40138"
"40090"|"40139"
"40240"|"40140"
"40250"|"40141"
"40465"|"40142"
"40250"|"40143"
"40250"|"40144"
"40270"|"40145"
"40800"|"40146"
"40250"|"40147"
"40320"|"40148"
"40120"|"40149"
"40550"|"40150"
"40400"|"40151"
"40260"|"40152"
"40250"|"40153"
"40170"|"40154"
"40260"|"40155"
"40410"|"40156"
"40170"|"40157"
"40240"|"40158"
"40380"|"40159"
"40250"|"40160"
"40240"|"40161"
"40090"|"40162"
"40210"|"40163"
"40120"|"40164"
"40630"|"40165"
"40270"|"40166"
"40430"|"40167"
"40140"|"40168"
"40120"|"40169"
"40120"|"40170"
"40410"|"40171"
"40700"|"40172"
"40330"|"40173"
"40320"|"40174"
"40270"|"40175"
"40240"|"40176"
"40250"|"40177"
"40090"|"40178"
"40990"|"40179"
"40400"|"40180"
"40660"|"40181"
"40170"|"40182"
"40350"|"40183"
"40200"|"40184"
"40320"|"40185"
"40290"|"40186"
"40660"|"40187"
"40700"|"40188"
"40700"|"40189"
"40700"|"40190"
"40500"|"40191"
"40000"|"40192"
"40190"|"40193"
"40380"|"40194"
"40500"|"40195"
"40500"|"40196"
"40110"|"40197"
"40700"|"40198"
"40290"|"40199"
"40410"|"40200"
"40250"|"40201"
"40180"|"40202"
"40330"|"40203"
"40250"|"40204"
"40380"|"40205"
"40300"|"40206"
"40180"|"40207"
"40380"|"40208"
"40440"|"40209"
"40110"|"40210"
"40300"|"40211"
"40300"|"40212"
"40230"|"40213"
"40290"|"40214"
"40110"|"40215"
"40380"|"40216"
"40160"|"40217"
"40310"|"40218"
"40320"|"40219"
"40320"|"40220"
"40190"|"40221"
"40300"|"40222"
"40700"|"40223"
"40300"|"40224"
"40320"|"40225"
"40320"|"40226"
"40410"|"40227"
"40360"|"40228"
"40200"|"40229"
"40465"|"40230"
"40300"|"40231"
"40700"|"40232"
"40350"|"40233"
"40120"|"40234"
"40380"|"40235"
"40380"|"40236"
"40465"|"40237"
"40190"|"40238"
"40320"|"40239"
"40270"|"40240"
"40310"|"40242"
"40370"|"40243"
"40180"|"40244"
"40120"|"40245"
"40630"|"40246"
"40800"|"40247"
"40390"|"40248"
"40250"|"40249"
"40090"|"40250"
"40390"|"40251"
"40700"|"40252"
"40700"|"40253"
"40300"|"40254"
"40190"|"40255"
"40300"|"40256"
"40200"|"40257"
"40190"|"40258"
"40190"|"40259"
"40380"|"40260"
"40230"|"40261"
"40120"|"40262"
"40380"|"40263"
"40230"|"40264"
"40240"|"40265"
"40170"|"40266"
"40240"|"40267"
"40390"|"40268"
"40300"|"40269"
"40320"|"40270"
"40390"|"40271"
"40390"|"40272"
"40390"|"40273"
"40090"|"40274"
"40270"|"40275"
"40550"|"40276"
"40180"|"40277"
"40200"|"40278"
"40990"|"40279"
"40090"|"40280"
"40280"|"40281"
"40500"|"40282"
"40990"|"40283"
"40230"|"40284"
"40400"|"40285"
"40320"|"40286"
"40460"|"40287"
"40120"|"40288"
"40500"|"40289"
"40800"|"40290"
"40230"|"40291"
"40230"|"40292"
"40180"|"40293"
"40180"|"40294"
"40410"|"40295"
"40510"|"40296"
"40420"|"40297"
"40700"|"40298"
"40700"|"40299"
"40180"|"40300"
"40180"|"40301"
"40110"|"40302"
"40210"|"40303"
"40150"|"40304"
"40320"|"40305"
"40300"|"40306"
"40430"|"40307"
"40180"|"40308"
"40250"|"40309"
"40140"|"40310"
"40260"|"40311"
"40220"|"40312"
"40400"|"40313"
"40180"|"40314"
"40990"|"40315"
"40360"|"40316"
"40230"|"40317"
"40250"|"40318"
"40630"|"40319"
"40090"|"40320"
"40320"|"40321"
"40170"|"40322"
"40420"|"40323"
"40380"|"40324"
"40320"|"40325"
"40560"|"40326"
"40240"|"40327"
"40480"|"40328"
"40270"|"40329"
"40110"|"40330"
"40190"|"40331"
"40160"|"40332"
"40110"|"40333"
"40180"|"40334"
"41310"|"41001"
"41400"|"41002"
"41100"|"41003"
"41800"|"41004"
"41170"|"41005"
"41240"|"41006"
"41310"|"41007"
"41500"|"41008"
"41330"|"41009"
"41100"|"41010"
"41290"|"41011"
"41170"|"41012"
"41250"|"41013"
"41170"|"41014"
"41290"|"41015"
"41130"|"41016"
"41240"|"41017"
"41000"|"41018"
"41290"|"41019"
"41800"|"41020"
"41270"|"41022"
"41400"|"41023"
"41270"|"41024"
"41250"|"41025"
"41160"|"41026"
"41370"|"41027"
"41160"|"41028"
"41120"|"41029"
"41360"|"41030"
"41120"|"41031"
"41120"|"41032"
"41190"|"41033"
"41250"|"41034"
"41330"|"41035"
"41600"|"41036"
"41290"|"41037"
"41320"|"41038"
"41500"|"41039"
"41330"|"41040"
"41270"|"41041"
"41110"|"41042"
"41130"|"41043"
"41320"|"41044"
"41150"|"41045"
"41600"|"41046"
"41260"|"41047"
"41270"|"41048"
"41700"|"41049"
"41700"|"41050"
"41400"|"41051"
"41120"|"41052"
"41170"|"41053"
"41700"|"41054"
"41150"|"41055"
"41160"|"41056"
"41290"|"41057"
"41370"|"41058"
"41700"|"41059"
"41170"|"41060"
"41120"|"41061"
"41700"|"41062"
"41110"|"41063"
"41150"|"41064"
"41100"|"41065"
"41500"|"41066"
"41700"|"41067"
"41230"|"41068"
"41500"|"41069"
"41800"|"41070"
"41220"|"41071"
"41100"|"41072"
"41160"|"41073"
"41220"|"41074"
"41270"|"41075"
"41290"|"41077"
"41360"|"41078"
"41800"|"41079"
"41400"|"41080"
"41100"|"41081"
"41120"|"41082"
"41210"|"41083"
"41300"|"41084"
"41220"|"41085"
"41250"|"41086"
"41800"|"41087"
"41270"|"41088"
"41270"|"41089"
"41360"|"41090"
"41330"|"41091"
"41120"|"41092"
"41190"|"41093"
"41700"|"41094"
"41160"|"41095"
"41270"|"41096"
"41130"|"41097"
"41310"|"41098"
"41230"|"41099"
"41800"|"41100"
"41190"|"41101"
"41800"|"41102"
"41310"|"41103"
"41350"|"41104"
"41370"|"41105"
"41600"|"41106"
"41310"|"41107"
"41190"|"41108"
"41190"|"41109"
"41320"|"41110"
"41230"|"41112"
"41800"|"41113"
"41500"|"41114"
"41160"|"41115"
"41100"|"41116"
"41200"|"41118"
"41370"|"41119"
"41360"|"41120"
"41370"|"41121"
"41320"|"41122"
"41370"|"41123"
"41100"|"41124"
"41210"|"41125"
"41110"|"41126"
"41210"|"41127"
"41330"|"41128"
"41250"|"41129"
"41500"|"41130"
"41100"|"41131"
"41140"|"41132"
"41240"|"41133"
"41500"|"41134"
"41320"|"41135"
"41500"|"41136"
"41150"|"41137"
"41100"|"41138"
"41130"|"41139"
"41200"|"41140"
"41160"|"41141"
"41190"|"41142"
"41170"|"41143"
"41150"|"41144"
"41120"|"41145"
"41400"|"41146"
"41120"|"41147"
"41350"|"41148"
"41800"|"41149"
"41250"|"41150"
"41400"|"41151"
"41210"|"41152"
"41800"|"41153"
"41160"|"41154"
"41500"|"41155"
"41500"|"41156"
"41230"|"41157"
"41100"|"41158"
"41210"|"41159"
"41250"|"41160"
"41600"|"41161"
"41310"|"41163"
"41140"|"41164"
"41170"|"41165"
"41700"|"41166"
"41150"|"41167"
"41300"|"41168"
"41190"|"41169"
"41120"|"41170"
"41290"|"41171"
"41160"|"41172"
"41240"|"41173"
"41100"|"41174"
"41100"|"41175"
"41300"|"41176"
"41170"|"41177"
"41370"|"41178"
"41270"|"41179"
"41400"|"41180"
"41110"|"41181"
"41190"|"41182"
"41240"|"41183"
"41310"|"41184"
"41200"|"41185"
"41160"|"41186"
"41100"|"41187"
"41290"|"41188"
"41150"|"41189"
"41100"|"41190"
"41370"|"41191"
"41800"|"41192"
"41270"|"41193"
"41200"|"41194"
"41230"|"41195"
"41270"|"41196"
"41170"|"41197"
"41110"|"41198"
"41310"|"41199"
"41100"|"41200"
"41800"|"41201"
"41170"|"41202"
"41330"|"41203"
"41350"|"41204"
"41190"|"41205"
"41000"|"41206"
"41500"|"41207"
"41190"|"41208"
"41100"|"41209"
"41290"|"41210"
"41400"|"41211"
"41350"|"41212"
"41310"|"41213"
"41160"|"41214"
"41800"|"41215"
"41160"|"41216"
"41400"|"41217"
"41320"|"41218"
"41240"|"41219"
"41220"|"41220"
"41370"|"41221"
"41320"|"41222"
"41190"|"41223"
"41170"|"41224"
"41800"|"41225"
"41100"|"41226"
"41800"|"41228"
"41140"|"41229"
"41000"|"41230"
"41210"|"41231"
"41300"|"41232"
"41120"|"41233"
"41190"|"41234"
"41170"|"41235"
"41310"|"41236"
"41700"|"41237"
"41360"|"41238"
"41110"|"41239"
"41150"|"41240"
"41300"|"41241"
"41130"|"41242"
"41100"|"41243"
"41160"|"41244"
"41500"|"41245"
"41120"|"41246"
"41230"|"41247"
"41170"|"41248"
"41300"|"41249"
"41800"|"41250"
"41600"|"41251"
"41500"|"41252"
"41370"|"41253"
"41170"|"41254"
"41800"|"41255"
"41300"|"41256"
"41400"|"41257"
"41140"|"41258"
"41100"|"41259"
"41220"|"41260"
"41190"|"41261"
"41250"|"41262"
"41800"|"41263"
"41240"|"41264"
"41800"|"41265"
"41120"|"41266"
"41400"|"41267"
"41230"|"41268"
"41100"|"41269"
"41240"|"41270"
"41230"|"41271"
"41150"|"41272"
"41290"|"41273"
"41800"|"41274"
"41160"|"41275"
"41000"|"41276"
"41270"|"41277"
"41310"|"41278"
"41800"|"41279"
"41200"|"41280"
"41330"|"41281"
"41200"|"41282"
"41100"|"41283"
"41290"|"41284"
"41220"|"41285"
"41310"|"41286"
"41100"|"41287"
"41000"|"41288"
"41240"|"41289"
"41100"|"41290"
"41100"|"41291"
"41500"|"41292"
"41100"|"41293"
"41100"|"41294"
"41350"|"41295"
"41600"|"41296"
"41600"|"41297"
"42380"|"42001"
"42130"|"42002"
"42820"|"42003"
"42260"|"42004"
"42160"|"42005"
"42550"|"42006"
"42460"|"42007"
"42370"|"42008"
"42130"|"42009"
"42330"|"42010"
"42510"|"42011"
"42600"|"42012"
"42210"|"42013"
"42670"|"42014"
"42670"|"42015"
"42720"|"42016"
"42660"|"42017"
"42520"|"42018"
"42130"|"42019"
"42210"|"42020"
"42560"|"42021"
"42160"|"42022"
"42220"|"42023"
"42460"|"42025"
"42720"|"42026"
"42260"|"42027"
"42220"|"42028"
"42510"|"42029"
"42260"|"42030"
"42240"|"42031"
"42320"|"42032"
"42460"|"42033"
"42440"|"42034"
"42130"|"42035"
"42800"|"42036"
"42600"|"42037"
"42600"|"42038"
"42920"|"42039"
"42440"|"42040"
"42110"|"42041"
"42170"|"42042"
"42330"|"42043"
"42500"|"42044"
"42440"|"42045"
"42600"|"42046"
"42430"|"42047"
"42190"|"42048"
"42310"|"42049"
"42380"|"42050"
"42410"|"42051"
"42190"|"42052"
"42800"|"42053"
"42940"|"42054"
"42140"|"42055"
"42410"|"42056"
"42560"|"42058"
"42140"|"42059"
"42560"|"42060"
"42430"|"42061"
"42140"|"42062"
"42114"|"42063"
"42410"|"42064"
"42110"|"42065"
"42110"|"42066"
"42220"|"42067"
"42840"|"42068"
"42120"|"42069"
"42123"|"42070"
"42120"|"42071"
"42111"|"42072"
"42360"|"42073"
"42460"|"42074"
"42210"|"42075"
"42260"|"42076"
"42540"|"42077"
"42310"|"42078"
"42460"|"42079"
"42330"|"42081"
"42260"|"42082"
"42800"|"42083"
"42130"|"42084"
"42740"|"42085"
"42670"|"42086"
"42600"|"42087"
"42110"|"42088"
"42600"|"42089"
"42360"|"42090"
"42380"|"42091"
"42580"|"42092"
"42320"|"42093"
"42110"|"42094"
"42700"|"42095"
"42140"|"42096"
"42480"|"42097"
"42470"|"42098"
"42490"|"42099"
"42140"|"42100"
"42220"|"42101"
"42140"|"42102"
"42320"|"42103"
"42460"|"42104"
"42600"|"42105"
"42260"|"42106"
"42560"|"42107"
"42210"|"42108"
"42130"|"42109"
"42152"|"42110"
"42460"|"42112"
"42110"|"42113"
"42920"|"42114"
"42660"|"42115"
"42430"|"42116"
"42560"|"42117"
"42470"|"42118"
"42130"|"42119"
"42155"|"42120"
"42600"|"42121"
"42600"|"42122"
"42420"|"42123"
"42520"|"42124"
"42260"|"42125"
"42380"|"42126"
"42300"|"42127"
"42114"|"42128"
"42520"|"42129"
"42600"|"42130"
"42750"|"42131"
"42520"|"42132"
"42140"|"42133"
"42130"|"42134"
"42210"|"42135"
"42130"|"42136"
"42560"|"42137"
"42140"|"42138"
"42660"|"42139"
"42560"|"42140"
"42750"|"42141"
"42380"|"42142"
"42110"|"42143"
"42840"|"42145"
"42380"|"42146"
"42600"|"42147"
"42360"|"42148"
"42210"|"42149"
"42130"|"42150"
"42600"|"42151"
"42720"|"42152"
"42470"|"42153"
"42510"|"42154"
"42510"|"42155"
"42590"|"42156"
"42640"|"42157"
"42370"|"42158"
"42440"|"42159"
"42260"|"42160"
"42120"|"42161"
"42155"|"42162"
"42310"|"42163"
"42990"|"42164"
"42360"|"42165"
"42120"|"42166"
"42410"|"42167"
"42410"|"42168"
"42380"|"42169"
"42120"|"42170"
"42590"|"42171"
"42660"|"42172"
"42260"|"42173"
"42110"|"42174"
"42110"|"42175"
"42155"|"42176"
"42720"|"42177"
"42630"|"42178"
"42600"|"42179"
"42600"|"42180"
"42630"|"42181"
"42370"|"42182"
"42150"|"42183"
"42153"|"42184"
"42340"|"42185"
"42800"|"42186"
"42300"|"42187"
"42600"|"42188"
"42230"|"42189"
"42520"|"42191"
"42380"|"42192"
"42810"|"42193"
"42310"|"42194"
"42890"|"42195"
"42510"|"42196"
"42130"|"42197"
"42370"|"42198"
"42370"|"42199"
"42210"|"42200"
"42520"|"42201"
"42110"|"42202"
"42310"|"42203"
"42380"|"42204"
"42940"|"42205"
"42330"|"42206"
"42400"|"42207"
"42320"|"42208"
"42540"|"42209"
"42800"|"42210"
"42160"|"42211"
"42123"|"42212"
"42114"|"42213"
"42210"|"42214"
"42750"|"42215"
"42140"|"42216"
"42111"|"42217"
"42000"|"42218"
"42130"|"42219"
"42640"|"42220"
"42110"|"42221"
"42330"|"42222"
"42530"|"42223"
"42660"|"42224"
"42800"|"42225"
"42510"|"42226"
"42990"|"42227"
"42610"|"42228"
"42670"|"42229"
"42260"|"42230"
"42640"|"42231"
"42370"|"42232"
"42370"|"42233"
"42570"|"42234"
"42380"|"42235"
"42190"|"42236"
"42650"|"42237"
"42440"|"42238"
"42155"|"42239"
"42560"|"42240"
"42590"|"42241"
"42800"|"42242"
"42260"|"42243"
"42440"|"42245"
"42220"|"42246"
"42990"|"42247"
"42430"|"42248"
"42540"|"42249"
"42210"|"42251"
"42130"|"42252"
"42155"|"42253"
"42122"|"42254"
"42430"|"42255"
"42680"|"42256"
"42620"|"42257"
"42800"|"42259"
"42260"|"42260"
"42110"|"42261"
"42240"|"42262"
"42330"|"42264"
"42410"|"42265"
"42380"|"42266"
"42190"|"42267"
"42590"|"42268"
"42600"|"42269"
"42240"|"42270"
"42740"|"42271"
"42520"|"42272"
"42190"|"42273"
"42260"|"42274"
"42270"|"42275"
"42830"|"42276"
"42590"|"42277"
"42440"|"42278"
"42170"|"42279"
"42660"|"42280"
"42370"|"42281"
"42430"|"42282"
"42800"|"42283"
"42640"|"42284"
"42610"|"42285"
"42660"|"42286"
"42220"|"42287"
"42130"|"42288"
"42470"|"42289"
"42600"|"42290"
"42111"|"42291"
"42630"|"42293"
"42120"|"42294"
"42440"|"42295"
"42110"|"42296"
"42110"|"42297"
"42990"|"42298"
"42600"|"42299"
"42460"|"42300"
"42560"|"42301"
"42290"|"42302"
"42260"|"42303"
"42450"|"42304"
"42350"|"42305"
"42660"|"42306"
"42800"|"42307"
"42740"|"42308"
"42220"|"42310"
"42580"|"42311"
"42380"|"42312"
"42130"|"42313"
"42830"|"42314"
"42210"|"42315"
"42240"|"42316"
"42310"|"42317"
"42550"|"42318"
"42110"|"42319"
"42320"|"42320"
"42111"|"42321"
"42131"|"42322"
"42340"|"42323"
"42340"|"42324"
"42590"|"42325"
"42520"|"42326"
"42410"|"42327"
"42600"|"42328"
"42220"|"42329"
"42390"|"42330"
"42155"|"42331"
"42300"|"42332"
"42460"|"42333"
"42780"|"42334"
"42140"|"42335"
"42140"|"42336"
"42310"|"42337"
"42720"|"42338"
"42430"|"42339"
"43100"|"43001"
"43000"|"43002"
"43270"|"43003"
"43150"|"43004"
"43580"|"43005"
"43380"|"43006"
"43200"|"43007"
"43490"|"43008"
"43380"|"43009"
"43700"|"43010"
"43380"|"43011"
"43110"|"43012"
"43300"|"43013"
"43450"|"43014"
"43300"|"43015"
"43390"|"43016"
"43390"|"43017"
"43370"|"43018"
"43340"|"43019"
"43210"|"43020"
"43800"|"43021"
"43100"|"43022"
"43500"|"43023"
"43200"|"43024"
"43590"|"43025"
"43350"|"43026"
"43160"|"43027"
"43200"|"43028"
"43170"|"43029"
"43350"|"43030"
"43380"|"43031"
"43700"|"43032"
"43450"|"43033"
"43500"|"43034"
"43160"|"43035"
"43350"|"43036"
"43510"|"43037"
"43360"|"43038"
"43370"|"43039"
"43100"|"43040"
"43700"|"43041"
"43510"|"43042"
"43270"|"43043"
"43380"|"43044"
"43000"|"43045"
"43770"|"43046"
"43150"|"43047"
"43160"|"43048"
"43800"|"43049"
"43410"|"43050"
"43400"|"43051"
"43440"|"43052"
"43260"|"43053"
"43170"|"43054"
"43100"|"43055"
"43300"|"43056"
"43270"|"43057"
"43120"|"43058"
"43160"|"43059"
"43300"|"43060"
"43700"|"43061"
"43320"|"43062"
"43230"|"43063"
"43440"|"43064"
"43300"|"43065"
"43430"|"43066"
"43230"|"43067"
"43300"|"43068"
"43190"|"43069"
"43380"|"43070"
"43500"|"43071"
"43230"|"43072"
"43160"|"43073"
"43100"|"43074"
"43230"|"43075"
"43160"|"43076"
"43490"|"43077"
"43700"|"43078"
"43230"|"43079"
"43500"|"43080"
"43580"|"43081"
"43300"|"43082"
"43170"|"43083"
"43370"|"43084"
"43300"|"43085"
"43230"|"43086"
"43220"|"43087"
"43450"|"43088"
"43000"|"43089"
"43170"|"43090"
"43150"|"43091"
"43430"|"43092"
"43160"|"43093"
"43300"|"43094"
"43320"|"43095"
"43100"|"43096"
"43150"|"43097"
"43150"|"43098"
"43250"|"43099"
"43230"|"43100"
"43150"|"43101"
"43200"|"43102"
"43450"|"43103"
"43170"|"43104"
"43100"|"43105"
"43230"|"43106"
"43230"|"43107"
"43500"|"43108"
"43490"|"43109"
"43100"|"43110"
"43340"|"43111"
"43300"|"43112"
"43260"|"43113"
"43200"|"43114"
"43150"|"43115"
"43440"|"43116"
"43100"|"43117"
"43380"|"43118"
"43800"|"43119"
"43410"|"43120"
"43410"|"43121"
"43350"|"43122"
"43360"|"43123"
"43320"|"43124"
"43100"|"43125"
"43800"|"43126"
"43210"|"43127"
"43160"|"43128"
"43190"|"43129"
"43520"|"43130"
"43230"|"43131"
"43300"|"43132"
"43100"|"43133"
"43800"|"43134"
"43150"|"43135"
"43580"|"43136"
"43120"|"43137"
"43270"|"43138"
"43230"|"43139"
"43700"|"43140"
"43290"|"43141"
"43290"|"43142"
"43260"|"43143"
"43150"|"43144"
"43510"|"43145"
"43100"|"43147"
"43230"|"43148"
"43300"|"43149"
"43200"|"43150"
"43300"|"43151"
"43000"|"43152"
"43330"|"43153"
"43420"|"43154"
"43300"|"43155"
"43150"|"43156"
"43000"|"43157"
"43260"|"43158"
"43290"|"43159"
"43340"|"43160"
"43130"|"43162"
"43220"|"43163"
"43810"|"43164"
"43800"|"43165"
"43130"|"43166"
"43300"|"43167"
"43420"|"43168"
"43380"|"43169"
"43100"|"43170"
"43300"|"43171"
"43290"|"43172"
"43340"|"43173"
"43370"|"43174"
"43380"|"43175"
"43580"|"43176"
"43140"|"43177"
"43440"|"43178"
"43420"|"43180"
"43260"|"43181"
"43450"|"43182"
"43230"|"43183"
"43330"|"43184"
"43250"|"43185"
"43550"|"43186"
"43350"|"43187"
"43230"|"43188"
"43500"|"43189"
"43700"|"43190"
"43360"|"43191"
"43340"|"43192"
"43390"|"43193"
"43260"|"43194"
"43380"|"43195"
"43500"|"43196"
"43320"|"43197"
"43510"|"43198"
"43200"|"43199"
"43260"|"43200"
"43500"|"43201"
"43300"|"43202"
"43200"|"43203"
"43220"|"43204"
"43240"|"43205"
"43100"|"43206"
"43100"|"43207"
"43230"|"43208"
"43150"|"43210"
"43200"|"43211"
"43500"|"43212"
"43620"|"43213"
"43160"|"43214"
"43420"|"43215"
"43350"|"43216"
"43810"|"43217"
"43260"|"43218"
"43230"|"43219"
"43580"|"43220"
"43580"|"43221"
"43380"|"43222"
"43620"|"43223"
"43600"|"43224"
"43580"|"43225"
"43440"|"43226"
"43140"|"43227"
"43500"|"43228"
"43320"|"43229"
"43800"|"43230"
"43150"|"43231"
"43230"|"43232"
"43320"|"43233"
"43170"|"43234"
"43140"|"43236"
"43160"|"43237"
"43510"|"43238"
"43300"|"43239"
"43130"|"43240"
"43370"|"43241"
"43300"|"43242"
"43190"|"43244"
"43170"|"43245"
"43530"|"43246"
"43450"|"43247"
"43210"|"43249"
"43230"|"43250"
"43750"|"43251"
"43270"|"43252"
"43430"|"43253"
"43320"|"43254"
"43580"|"43255"
"43170"|"43256"
"43320"|"43257"
"43360"|"43258"
"43270"|"43259"
"43320"|"43260"
"43390"|"43261"
"43100"|"43262"
"43490"|"43263"
"43380"|"43264"
"43600"|"43265"
"43800"|"43267"
"43200"|"43268"
"44170"|"44001"
"44140"|"44002"
"44150"|"44003"
"44150"|"44004"
"44320"|"44005"
"44410"|"44006"
"44460"|"44007"
"44450"|"44008"
"44115"|"44009"
"44740"|"44010"
"44370"|"44011"
"44760"|"44012"
"44160"|"44013"
"44140"|"44014"
"44130"|"44015"
"44430"|"44016"
"44540"|"44017"
"44830"|"44018"
"44260"|"44019"
"44340"|"44020"
"44580"|"44021"
"44190"|"44022"
"44130"|"44023"
"44830"|"44024"
"44750"|"44025"
"44470"|"44026"
"44390"|"44027"
"44850"|"44028"
"44450"|"44029"
"44410"|"44030"
"44670"|"44031"
"44330"|"44032"
"44260"|"44033"
"44370"|"44034"
"44240"|"44035"
"44110"|"44036"
"44690"|"44037"
"44320"|"44038"
"44640"|"44039"
"44680"|"44040"
"44118"|"44041"
"44190"|"44043"
"44290"|"44044"
"44360"|"44045"
"44560"|"44046"
"44220"|"44047"
"44521"|"44048"
"44490"|"44049"
"44160"|"44050"
"44590"|"44051"
"44480"|"44052"
"44530"|"44053"
"44110"|"44054"
"44500"|"44055"
"44130"|"44056"
"44460"|"44057"
"44660"|"44058"
"44580"|"44059"
"49123"|"44060"
"44320"|"44061"
"44130"|"44062"
"44190"|"44063"
"44190"|"44064"
"44520"|"44065"
"44119"|"44066"
"44290"|"44067"
"44530"|"44068"
"44350"|"44069"
"44690"|"44070"
"44115"|"44071"
"44410"|"44072"
"44810"|"44073"
"44610"|"44074"
"44520"|"44075"
"44170"|"44076"
"44440"|"44077"
"44670"|"44078"
"44430"|"44079"
"44260"|"44080"
"44650"|"44081"
"44850"|"44082"
"44310"|"44083"
"44430"|"44084"
"44110"|"44085"
"44590"|"44086"
"44270"|"44087"
"44690"|"44088"
"44260"|"44089"
"44270"|"44090"
"44170"|"44091"
"44290"|"44092"
"44540"|"44093"
"44470"|"44094"
"44520"|"44095"
"44522"|"44096"
"44420"|"44097"
"44780"|"44098"
"44520"|"44099"
"44690"|"44100"
"44620"|"44101"
"44140"|"44102"
"44550"|"44103"
"44370"|"44104"
"44590"|"44105"
"44760"|"44106"
"44850"|"44107"
"44330"|"44108"
"44000"|"44109"
"44390"|"44110"
"44130"|"44111"
"44110"|"44112"
"44170"|"44113"
"44700"|"44114"
"44521"|"44115"
"44560"|"44116"
"44330"|"44117"
"44440"|"44118"
"44270"|"44119"
"44640"|"44120"
"44670"|"44121"
"44390"|"44122"
"44290"|"44123"
"44540"|"44124"
"44420"|"44125"
"44770"|"44126"
"44140"|"44127"
"44630"|"44128"
"44160"|"44129"
"44860"|"44130"
"44210"|"44131"
"44380"|"44132"
"44710"|"44133"
"44522"|"44134"
"44510"|"44135"
"44770"|"44136"
"44260"|"44137"
"44390"|"44138"
"44750"|"44139"
"44330"|"44140"
"44430"|"44141"
"44140"|"44142"
"44400"|"44143"
"44440"|"44144"
"44640"|"44145"
"44660"|"44146"
"44370"|"44147"
"44660"|"44148"
"44390"|"44149"
"44860"|"44150"
"44117"|"44151"
"44160"|"44152"
"44110"|"44153"
"44250"|"44154"
"44310"|"44155"
"44650"|"44156"
"44270"|"44157"
"44360"|"44158"
"44690"|"44159"
"44150"|"44160"
"44530"|"44161"
"44800"|"44162"
"44150"|"44163"
"44680"|"44164"
"44190"|"44165"
"44640"|"44166"
"44720"|"44168"
"44450"|"44169"
"44670"|"44170"
"44710"|"44171"
"44980"|"44172"
"44190"|"44173"
"44310"|"44174"
"44410"|"44175"
"44550"|"44176"
"44680"|"44178"
"44850"|"44179"
"44540"|"44180"
"44270"|"44181"
"44730"|"44182"
"44350"|"44183"
"44600"|"44184"
"44460"|"44185"
"44680"|"44186"
"44320"|"44187"
"44310"|"44188"
"44160"|"44189"
"44230"|"44190"
"44540"|"44191"
"44320"|"44192"
"44590"|"44193"
"44880"|"44194"
"44260"|"44195"
"44530"|"44196"
"44590"|"44197"
"44840"|"44198"
"44110"|"44199"
"44660"|"44200"
"44240"|"44201"
"44440"|"44202"
"44360"|"44203"
"44470"|"44204"
"44390"|"44205"
"44650"|"44206"
"44440"|"44207"
"44170"|"44208"
"44119"|"44209"
"44570"|"44210"
"44420"|"44211"
"44330"|"44212"
"44370"|"44213"
"44170"|"44214"
"44120"|"44215"
"44116"|"44216"
"44360"|"44217"
"44110"|"44218"
"44540"|"44219"
"44640"|"44220"
"44810"|"44221"
"44522"|"44222"
"44140"|"44223"
"44170"|"44224"
"45230"|"45001"
"45230"|"45002"
"45200"|"45004"
"45480"|"45005"
"45160"|"45006"
"45410"|"45008"
"45170"|"45009"
"45300"|"45010"
"45170"|"45011"
"45300"|"45012"
"45330"|"45013"
"45390"|"45014"
"45480"|"45015"
"45500"|"45016"
"45270"|"45017"
"45340"|"45018"
"45130"|"45019"
"45130"|"45020"
"45340"|"45021"
"45340"|"45022"
"45420"|"45023"
"45130"|"45024"
"45480"|"45025"
"45210"|"45026"
"45270"|"45027"
"45190"|"45028"
"45630"|"45029"
"45340"|"45030"
"45270"|"45031"
"45210"|"45032"
"45390"|"45033"
"45760"|"45034"
"45340"|"45035"
"45290"|"45036"
"45480"|"45037"
"45300"|"45038"
"45460"|"45039"
"45420"|"45040"
"45340"|"45041"
"45460"|"45042"
"45430"|"45043"
"45170"|"45044"
"45300"|"45045"
"45140"|"45046"
"45300"|"45047"
"45460"|"45049"
"45300"|"45050"
"45460"|"45051"
"45250"|"45052"
"45250"|"45053"
"45390"|"45054"
"45310"|"45055"
"45390"|"45056"
"45330"|"45057"
"45410"|"45058"
"45140"|"45059"
"45230"|"45060"
"45120"|"45061"
"45520"|"45062"
"45620"|"45063"
"45360"|"45064"
"45300"|"45065"
"45260"|"45066"
"45380"|"45067"
"45120"|"45068"
"45340"|"45069"
"45420"|"45070"
"45400"|"45072"
"45320"|"45073"
"45310"|"45074"
"45380"|"45075"
"45210"|"45076"
"45230"|"45077"
"45270"|"45078"
"45230"|"45079"
"45480"|"45080"
"45130"|"45081"
"45110"|"45082"
"45220"|"45083"
"45260"|"45084"
"45230"|"45085"
"45480"|"45086"
"45360"|"45087"
"45480"|"45088"
"45430"|"45089"
"45210"|"45091"
"45700"|"45092"
"45520"|"45093"
"45210"|"45094"
"45170"|"45095"
"45290"|"45096"
"45220"|"45097"
"45370"|"45098"
"45310"|"45099"
"45800"|"45100"
"45530"|"45101"
"45700"|"45102"
"45490"|"45103"
"45120"|"45104"
"45700"|"45105"
"45330"|"45106"
"45260"|"45107"
"45720"|"45108"
"45130"|"45109"
"45300"|"45110"
"45300"|"45111"
"45260"|"45112"
"45320"|"45113"
"45490"|"45114"
"45320"|"45115"
"45190"|"45116"
"45170"|"45118"
"45300"|"45119"
"45420"|"45120"
"45230"|"45121"
"45570"|"45122"
"45150"|"45123"
"45390"|"45124"
"45390"|"45125"
"45450"|"45126"
"45680"|"45127"
"45220"|"45129"
"45370"|"45130"
"45390"|"45131"
"45340"|"45132"
"45300"|"45133"
"45130"|"45134"
"45480"|"45135"
"45320"|"45136"
"45300"|"45137"
"45250"|"45138"
"45300"|"45139"
"45420"|"45141"
"45450"|"45142"
"45230"|"45143"
"45150"|"45144"
"45210"|"45145"
"45240"|"45146"
"45400"|"45147"
"45210"|"45148"
"45320"|"45149"
"45270"|"45150"
"45340"|"45151"
"45310"|"45152"
"45110"|"45153"
"45520"|"45154"
"45500"|"45155"
"45120"|"45156"
"45300"|"45157"
"45490"|"45158"
"45390"|"45159"
"45480"|"45160"
"45210"|"45161"
"45300"|"45162"
"45600"|"45164"
"45220"|"45165"
"45520"|"45166"
"45130"|"45167"
"45450"|"45168"
"45140"|"45169"
"45300"|"45170"
"45620"|"45171"
"45150"|"45173"
"45480"|"45174"
"45370"|"45175"
"45340"|"45176"
"45300"|"45177"
"45270"|"45178"
"45740"|"45179"
"45290"|"45180"
"45480"|"45181"
"45240"|"45182"
"45410"|"45183"
"45600"|"45184"
"45700"|"45185"
"45490"|"45186"
"45260"|"45187"
"45470"|"45188"
"45210"|"45189"
"45330"|"45190"
"45330"|"45191"
"45300"|"45192"
"45240"|"45193"
"45430"|"45194"
"45300"|"45195"
"45370"|"45196"
"45760"|"45197"
"45300"|"45198"
"45220"|"45199"
"45240"|"45200"
"45210"|"45201"
"45190"|"45202"
"45130"|"45203"
"45370"|"45204"
"45270"|"45205"
"45490"|"45206"
"45490"|"45207"
"45200"|"45208"
"45340"|"45209"
"45230"|"45210"
"45220"|"45211"
"45700"|"45212"
"45260"|"45213"
"45170"|"45214"
"45340"|"45215"
"45700"|"45216"
"45300"|"45217"
"45290"|"45218"
"45270"|"45219"
"45340"|"45220"
"45330"|"45221"
"45210"|"45222"
"45270"|"45223"
"45170"|"45224"
"45390"|"45225"
"45510"|"45226"
"45500"|"45227"
"45340"|"45228"
"45290"|"45229"
"45260"|"45230"
"45170"|"45231"
"45160"|"45232"
"45390"|"45233"
"45000"|"45234"
"45140"|"45235"
"45330"|"45236"
"45390"|"45237"
"45250"|"45238"
"45290"|"45239"
"45480"|"45240"
"45150"|"45241"
"45290"|"45242"
"45270"|"45243"
"45570"|"45244"
"45250"|"45245"
"45300"|"45246"
"45700"|"45247"
"45310"|"45248"
"45200"|"45249"
"45210"|"45250"
"45360"|"45251"
"45300"|"45252"
"45300"|"45253"
"45500"|"45254"
"45490"|"45255"
"45260"|"45256"
"45290"|"45257"
"45390"|"45258"
"45270"|"45259"
"45300"|"45260"
"45470"|"45261"
"45310"|"45262"
"45300"|"45263"
"45130"|"45264"
"45210"|"45265"
"45410"|"45266"
"45460"|"45267"
"45600"|"45268"
"45130"|"45269"
"45730"|"45270"
"45500"|"45271"
"45590"|"45272"
"45550"|"45273"
"45560"|"45274"
"45220"|"45275"
"45360"|"45276"
"45600"|"45277"
"45230"|"45278"
"45220"|"45279"
"45500"|"45280"
"45320"|"45281"
"45160"|"45282"
"45700"|"45283"
"45800"|"45284"
"45140"|"45285"
"45650"|"45286"
"45210"|"45287"
"45340"|"45288"
"45170"|"45289"
"45110"|"45290"
"45500"|"45291"
"45230"|"45292"
"45700"|"45293"
"45340"|"45294"
"45310"|"45296"
"45600"|"45297"
"45750"|"45298"
"45310"|"45299"
"45640"|"45300"
"45170"|"45301"
"45770"|"45302"
"45490"|"45303"
"45530"|"45305"
"45210"|"45306"
"45210"|"45307"
"45400"|"45308"
"45240"|"45309"
"45300"|"45310"
"45110"|"45311"
"45700"|"45312"
"45410"|"45313"
"45450"|"45314"
"45600"|"45315"
"45530"|"45316"
"45190"|"45317"
"45300"|"45320"
"45260"|"45321"
"45210"|"45322"
"45420"|"45323"
"45510"|"45324"
"45170"|"45325"
"45310"|"45326"
"45470"|"45327"
"45490"|"45328"
"45220"|"45329"
"45410"|"45330"
"45510"|"45331"
"45290"|"45332"
"45760"|"45333"
"45260"|"45334"
"45510"|"45335"
"45600"|"45336"
"45310"|"45337"
"45700"|"45338"
"45270"|"45339"
"45600"|"45340"
"45310"|"45341"
"45170"|"45342"
"45700"|"45343"
"45190"|"45344"
"45700"|"45345"
"45530"|"45346"
"45300"|"45347"
"45300"|"45348"
"46140"|"46001"
"46500"|"46002"
"46500"|"46003"
"46120"|"46004"
"46140"|"46005"
"46300"|"46006"
"46090"|"46007"
"46250"|"46008"
"46320"|"46009"
"46090"|"46010"
"46400"|"46011"
"46120"|"46012"
"46230"|"46013"
"46800"|"46014"
"46270"|"46015"
"46600"|"46016"
"46400"|"46017"
"46500"|"46018"
"46240"|"46019"
"46260"|"46020"
"46100"|"46021"
"46140"|"46022"
"46230"|"46023"
"46130"|"46024"
"46800"|"46025"
"46230"|"46026"
"46090"|"46027"
"46110"|"46028"
"46130"|"46029"
"46500"|"46030"
"46330"|"46031"
"46150"|"46032"
"46800"|"46033"
"46120"|"46034"
"46100"|"46035"
"46120"|"46036"
"46330"|"46037"
"46130"|"46038"
"46320"|"46039"
"46330"|"46040"
"46160"|"46041"
"46000"|"46042"
"46130"|"46043"
"46140"|"46044"
"46160"|"46045"
"46150"|"46046"
"46350"|"46047"
"46190"|"46048"
"46160"|"46049"
"46140"|"46050"
"46100"|"46051"
"46100"|"46052"
"46100"|"46053"
"46240"|"46054"
"46100"|"46055"
"46160"|"46056"
"46100"|"46057"
"46110"|"46058"
"46500"|"46059"
"46140"|"46060"
"46700"|"46061"
"46140"|"46062"
"46170"|"46063"
"46150"|"46064"
"46110"|"46065"
"46250"|"46066"
"46600"|"46067"
"46330"|"46068"
"46170"|"46069"
"46230"|"46070"
"46190"|"46071"
"46310"|"46072"
"46260"|"46073"
"46110"|"46074"
"46100"|"46075"
"46130"|"46076"
"46090"|"46077"
"46500"|"46078"
"46360"|"46079"
"46150"|"46080"
"46330"|"46081"
"46230"|"46082"
"46600"|"46083"
"46600"|"46084"
"46270"|"46085"
"46600"|"46086"
"46340"|"46087"
"46140"|"46088"
"46700"|"46089"
"46320"|"46090"
"46230"|"46091"
"46090"|"46092"
"46320"|"46093"
"46320"|"46094"
"46090"|"46095"
"46120"|"46096"
"46130"|"46097"
"46300"|"46098"
"46800"|"46099"
"46100"|"46100"
"46270"|"46101"
"46100"|"46102"
"46170"|"46103"
"46320"|"46104"
"46090"|"46105"
"46600"|"46106"
"46700"|"46107"
"46100"|"46108"
"46230"|"46109"
"46240"|"46110"
"46100"|"46111"
"46090"|"46112"
"46310"|"46113"
"46250"|"46114"
"46400"|"46115"
"46160"|"46116"
"46130"|"46117"
"46600"|"46118"
"46150"|"46119"
"46250"|"46120"
"46300"|"46121"
"46130"|"46122"
"46130"|"46123"
"46130"|"46124"
"46210"|"46125"
"46250"|"46126"
"46300"|"46127"
"46500"|"46128"
"46160"|"46129"
"46700"|"46130"
"46320"|"46131"
"46500"|"46132"
"46320"|"46133"
"46150"|"46134"
"46210"|"46135"
"46150"|"46136"
"46090"|"46137"
"46240"|"46138"
"46120"|"46139"
"46230"|"46140"
"46190"|"46141"
"46700"|"46142"
"46120"|"46143"
"46200"|"46144"
"46200"|"46145"
"46400"|"46146"
"46220"|"46147"
"46230"|"46148"
"46090"|"46149"
"46190"|"46150"
"46240"|"46151"
"46350"|"46152"
"46200"|"46153"
"46260"|"46154"
"46160"|"46155"
"46090"|"46156"
"46160"|"46157"
"46800"|"46158"
"46400"|"46159"
"46210"|"46160"
"46210"|"46161"
"46360"|"46162"
"46130"|"46163"
"46340"|"46164"
"46500"|"46165"
"46800"|"46166"
"46330"|"46167"
"46100"|"46168"
"46300"|"46169"
"46120"|"46170"
"46150"|"46171"
"46170"|"46172"
"46260"|"46173"
"46270"|"46174"
"46100"|"46175"
"46320"|"46176"
"46130"|"46177"
"46350"|"46178"
"46260"|"46179"
"46100"|"46180"
"46240"|"46181"
"46140"|"46182"
"46160"|"46183"
"46250"|"46184"
"46600"|"46185"
"46350"|"46186"
"46700"|"46187"
"46090"|"46188"
"46500"|"46189"
"46150"|"46190"
"46090"|"46191"
"46200"|"46192"
"46500"|"46193"
"46300"|"46194"
"46120"|"46195"
"46310"|"46196"
"46090"|"46197"
"46160"|"46198"
"46700"|"46199"
"46250"|"46200"
"46800"|"46201"
"46230"|"46202"
"46210"|"46203"
"46240"|"46204"
"46150"|"46205"
"46800"|"46206"
"46270"|"46207"
"46600"|"46208"
"46350"|"46209"
"46360"|"46210"
"46150"|"46211"
"46330"|"46212"
"46500"|"46213"
"46140"|"46214"
"46350"|"46215"
"46300"|"46216"
"46170"|"46217"
"46220"|"46218"
"46310"|"46219"
"46200"|"46220"
"46100"|"46221"
"46250"|"46222"
"46150"|"46223"
"46090"|"46224"
"46220"|"46225"
"46270"|"46226"
"46260"|"46227"
"46130"|"46228"
"46130"|"46229"
"46260"|"46230"
"46700"|"46231"
"46110"|"46232"
"46320"|"46233"
"46340"|"46234"
"46500"|"46235"
"46350"|"46236"
"46320"|"46237"
"46500"|"46238"
"46200"|"46239"
"46500"|"46240"
"46300"|"46241"
"46120"|"46242"
"46120"|"46243"
"46210"|"46244"
"46360"|"46245"
"46500"|"46246"
"46260"|"46247"
"46170"|"46248"
"46120"|"46249"
"46250"|"46250"
"46400"|"46251"
"46360"|"46252"
"46310"|"46253"
"46160"|"46254"
"46210"|"46255"
"46330"|"46256"
"46300"|"46257"
"46300"|"46258"
"46300"|"46259"
"46120"|"46260"
"46800"|"46261"
"46800"|"46262"
"46800"|"46263"
"46150"|"46264"
"46600"|"46265"
"46100"|"46266"
"46310"|"46267"
"46330"|"46268"
"46210"|"46269"
"46260"|"46270"
"46400"|"46271"
"46270"|"46272"
"46400"|"46273"
"46800"|"46274"
"46360"|"46275"
"46330"|"46276"
"46700"|"46277"
"46800"|"46278"
"46120"|"46279"
"46150"|"46280"
"46400"|"46281"
"46210"|"46282"
"46110"|"46283"
"46130"|"46284"
"46800"|"46285"
"46400"|"46286"
"46170"|"46287"
"46100"|"46288"
"46160"|"46289"
"46300"|"46290"
"46240"|"46291"
"46320"|"46292"
"46200"|"46293"
"46160"|"46294"
"46400"|"46295"
"46140"|"46296"
"46340"|"46297"
"46600"|"46298"
"46330"|"46299"
"46800"|"46300"
"46140"|"46301"
"46210"|"46302"
"46360"|"46303"
"46240"|"46304"
"46700"|"46305"
"46320"|"46306"
"46700"|"46307"
"46300"|"46308"
"46200"|"46309"
"46240"|"46310"
"46190"|"46311"
"46110"|"46312"
"46130"|"46313"
"46120"|"46314"
"46190"|"46315"
"46150"|"46316"
"46500"|"46317"
"46120"|"46318"
"46120"|"46319"
"46330"|"46320"
"46700"|"46321"
"46090"|"46322"
"46240"|"46323"
"46310"|"46324"
"46240"|"46325"
"46800"|"46326"
"46090"|"46327"
"46260"|"46328"
"46230"|"46329"
"46110"|"46330"
"46090"|"46331"
"46100"|"46332"
"46260"|"46333"
"46300"|"46334"
"46090"|"46335"
"46700"|"46336"
"46200"|"46337"
"46210"|"46338"
"46400"|"46339"
"46090"|"46340"
"47000"|"47001"
"47350"|"47002"
"47800"|"47003"
"47190"|"47004"
"47800"|"47005"
"47110"|"47006"
"47420"|"47007"
"47160"|"47008"
"47170"|"47009"
"47700"|"47010"
"47370"|"47011"
"47700"|"47012"
"47250"|"47013"
"47800"|"47014"
"47220"|"47015"
"47310"|"47016"
"47140"|"47017"
"47120"|"47018"
"47480"|"47019"
"47120"|"47020"
"47230"|"47021"
"47130"|"47022"
"47290"|"47023"
"47200"|"47024"
"47470"|"47025"
"47700"|"47026"
"47300"|"47027"
"47200"|"47028"
"47500"|"47029"
"47470"|"47030"
"47550"|"47031"
"47240"|"47032"
"47290"|"47033"
"47250"|"47034"
"47410"|"47035"
"47370"|"47036"
"47210"|"47037"
"47320"|"47038"
"47420"|"47039"
"47310"|"47040"
"47130"|"47041"
"47260"|"47042"
"47160"|"47043"
"47330"|"47044"
"47600"|"47045"
"47430"|"47046"
"47350"|"47047"
"47290"|"47048"
"47440"|"47049"
"47340"|"47050"
"47240"|"47051"
"47700"|"47052"
"47340"|"47053"
"47260"|"47054"
"47290"|"47055"
"47180"|"47056"
"47330"|"47057"
"47160"|"47058"
"47120"|"47059"
"47220"|"47060"
"47430"|"47061"
"47470"|"47062"
"47330"|"47063"
"47370"|"47064"
"47320"|"47065"
"47130"|"47066"
"47270"|"47067"
"47250"|"47068"
"47450"|"47069"
"47500"|"47070"
"47260"|"47071"
"47370"|"47072"
"47360"|"47073"
"47180"|"47074"
"47340"|"47075"
"47220"|"47076"
"47500"|"47077"
"47160"|"47078"
"47140"|"47079"
"47210"|"47080"
"47110"|"47081"
"47470"|"47082"
"47210"|"47083"
"47330"|"47084"
"47420"|"47085"
"47120"|"47086"
"47470"|"47087"
"47350"|"47088"
"47120"|"47089"
"47600"|"47090"
"47310"|"47091"
"47220"|"47092"
"47700"|"47093"
"47400"|"47094"
"47400"|"47095"
"47330"|"47096"
"47230"|"47097"
"47600"|"47098"
"47260"|"47099"
"47510"|"47100"
"47200"|"47101"
"47600"|"47102"
"47600"|"47103"
"47360"|"47104"
"47140"|"47105"
"47500"|"47106"
"47190"|"47107"
"47200"|"47108"
"47150"|"47109"
"47400"|"47110"
"47260"|"47111"
"47400"|"47112"
"47270"|"47113"
"47250"|"47114"
"47250"|"47115"
"47340"|"47117"
"47400"|"47118"
"47420"|"47119"
"47180"|"47120"
"47250"|"47121"
"47350"|"47122"
"47150"|"47123"
"47150"|"47124"
"47360"|"47125"
"47350"|"47126"
"47320"|"47127"
"47240"|"47128"
"47190"|"47129"
"47400"|"47130"
"47180"|"47131"
"47330"|"47132"
"47310"|"47133"
"47170"|"47134"
"47260"|"47135"
"47800"|"47136"
"47310"|"47137"
"47340"|"47138"
"47600"|"47139"
"47360"|"47140"
"47150"|"47141"
"47410"|"47142"
"47230"|"47143"
"47800"|"47144"
"47390"|"47145"
"47300"|"47146"
"47120"|"47147"
"47700"|"47148"
"47200"|"47150"
"47120"|"47151"
"47290"|"47152"
"47360"|"47154"
"47360"|"47155"
"47200"|"47156"
"47200"|"47157"
"47220"|"47158"
"47430"|"47159"
"47370"|"47160"
"47140"|"47161"
"47140"|"47162"
"47200"|"47163"
"47210"|"47164"
"47180"|"47165"
"47170"|"47167"
"47800"|"47168"
"47310"|"47169"
"47290"|"47170"
"47340"|"47171"
"47310"|"47172"
"47380"|"47173"
"47600"|"47174"
"47150"|"47175"
"47230"|"47176"
"47160"|"47177"
"47150"|"47178"
"47500"|"47179"
"47600"|"47180"
"47150"|"47181"
"47380"|"47182"
"47330"|"47183"
"47210"|"47184"
"47500"|"47185"
"47130"|"47186"
"47120"|"47187"
"47800"|"47188"
"47350"|"47189"
"47360"|"47190"
"47200"|"47191"
"47290"|"47192"
"47290"|"47193"
"47800"|"47194"
"47600"|"47195"
"47190"|"47196"
"47600"|"47197"
"47440"|"47198"
"47120"|"47199"
"47210"|"47200"
"47520"|"47201"
"47150"|"47202"
"47140"|"47203"
"47350"|"47204"
"47700"|"47205"
"47380"|"47206"
"47230"|"47207"
"47420"|"47208"
"47480"|"47209"
"47130"|"47210"
"47170"|"47211"
"47700"|"47212"
"47360"|"47213"
"47160"|"47214"
"47300"|"47215"
"47350"|"47216"
"47270"|"47217"
"47800"|"47218"
"47210"|"47219"
"47160"|"47220"
"47170"|"47221"
"47700"|"47222"
"47210"|"47223"
"47250"|"47224"
"47310"|"47225"
"47800"|"47226"
"47700"|"47227"
"47340"|"47228"
"47120"|"47229"
"47150"|"47230"
"47350"|"47231"
"47350"|"47232"
"47180"|"47233"
"47270"|"47234"
"47410"|"47235"
"47120"|"47236"
"47300"|"47237"
"47310"|"47238"
"47380"|"47239"
"47210"|"47240"
"47210"|"47241"
"47500"|"47242"
"47250"|"47244"
"47120"|"47245"
"47450"|"47246"
"47120"|"47247"
"47270"|"47248"
"47130"|"47249"
"47160"|"47250"
"47160"|"47251"
"47110"|"47252"
"47430"|"47253"
"47700"|"47254"
"47270"|"47255"
"47210"|"47256"
"47180"|"47257"
"47170"|"47258"
"47290"|"47259"
"47270"|"47260"
"47220"|"47262"
"47200"|"47263"
"47800"|"47264"
"47290"|"47265"
"47170"|"47266"
"47160"|"47267"
"47270"|"47269"
"47120"|"47271"
"47330"|"47272"
"47340"|"47273"
"47270"|"47274"
"47360"|"47275"
"47360"|"47276"
"47180"|"47277"
"47120"|"47278"
"47220"|"47279"
"47140"|"47280"
"47270"|"47281"
"47310"|"47282"
"47500"|"47283"
"47150"|"47284"
"47250"|"47285"
"47420"|"47286"
"47600"|"47287"
"47340"|"47288"
"47270"|"47289"
"47800"|"47290"
"47150"|"47291"
"47500"|"47292"
"47220"|"47293"
"47120"|"47294"
"47150"|"47295"
"47410"|"47296"
"47360"|"47297"
"47430"|"47298"
"47410"|"47299"
"47310"|"47300"
"47350"|"47301"
"47170"|"47302"
"47120"|"47303"
"47200"|"47304"
"47270"|"47305"
"47110"|"47306"
"47370"|"47307"
"47230"|"47308"
"47380"|"47309"
"47400"|"47310"
"47210"|"47311"
"47370"|"47312"
"47380"|"47313"
"47140"|"47314"
"47140"|"47315"
"47400"|"47316"
"47260"|"47317"
"47230"|"47318"
"47380"|"47319"
"47160"|"47320"
"47120"|"47321"
"47300"|"47323"
"47210"|"47324"
"47400"|"47325"
"47200"|"47326"
"47230"|"47327"
"47370"|"47328"
"48310"|"48001"
"48200"|"48002"
"48190"|"48003"
"48800"|"48004"
"48100"|"48005"
"48310"|"48007"
"48170"|"48008"
"48130"|"48009"
"48600"|"48010"
"48200"|"48012"
"48000"|"48013"
"48190"|"48014"
"48800"|"48015"
"48000"|"48016"
"48500"|"48017"
"48000"|"48018"
"48400"|"48019"
"48400"|"48020"
"48250"|"48021"
"48400"|"48022"
"48170"|"48023"
"48200"|"48025"
"48200"|"48026"
"48190"|"48027"
"48400"|"48028"
"48000"|"48029"
"48000"|"48030"
"48310"|"48031"
"48100"|"48032"
"48500"|"48033"
"48500"|"48034"
"48400"|"48036"
"48190"|"48037"
"48600"|"48038"
"48230"|"48039"
"48250"|"48040"
"48300"|"48041"
"48000"|"48042"
"48170"|"48043"
"48310"|"48044"
"48170"|"48045"
"48140"|"48046"
"48130"|"48047"
"48300"|"48048"
"48100"|"48049"
"48400"|"48050"
"48160"|"48051"
"48190"|"48053"
"48190"|"48054"
"48230"|"48055"
"48230"|"48056"
"48700"|"48057"
"48310"|"48058"
"48200"|"48059"
"48130"|"48060"
"48400"|"48061"
"48300"|"48062"
"48700"|"48063"
"48310"|"48064"
"48400"|"48065"
"48220"|"48066"
"48110"|"48067"
"48100"|"48068"
"48150"|"48069"
"48600"|"48070"
"48260"|"48071"
"48100"|"48072"
"48340"|"48073"
"48150"|"48074"
"48320"|"48075"
"48130"|"48076"
"48140"|"48077"
"48100"|"48078"
"48120"|"48079"
"48300"|"48080"
"48000"|"48081"
"48170"|"48082"
"48700"|"48083"
"48600"|"48084"
"48500"|"48085"
"48250"|"48086"
"48270"|"48087"
"48210"|"48088"
"48140"|"48089"
"48140"|"48090"
"48260"|"48091"
"48100"|"48092"
"48190"|"48093"
"48500"|"48094"
"48000"|"48095"
"48150"|"48096"
"48110"|"48097"
"48110"|"48098"
"48100"|"48099"
"48170"|"48100"
"48210"|"48101"
"48100"|"48103"
"48260"|"48104"
"48300"|"48105"
"48310"|"48106"
"48100"|"48107"
"48600"|"48108"
"48140"|"48110"
"48000"|"48111"
"48300"|"48112"
"48110"|"48115"
"48220"|"48116"
"48800"|"48117"
"48800"|"48119"
"48100"|"48120"
"48200"|"48121"
"48320"|"48122"
"48260"|"48123"
"48100"|"48124"
"48500"|"48125"
"48700"|"48126"
"48700"|"48127"
"48200"|"48128"
"48300"|"48129"
"48400"|"48130"
"48150"|"48131"
"48120"|"48132"
"48700"|"48133"
"48160"|"48134"
"48800"|"48135"
"48240"|"48136"
"48000"|"48137"
"48100"|"48138"
"48600"|"48139"
"48200"|"48140"
"48210"|"48141"
"48130"|"48142"
"48110"|"48144"
"48700"|"48145"
"48210"|"48146"
"48000"|"48147"
"48330"|"48148"
"48120"|"48149"
"48300"|"48150"
"48170"|"48151"
"48240"|"48152"
"48700"|"48153"
"48500"|"48154"
"48370"|"48155"
"48340"|"48156"
"48190"|"48157"
"48160"|"48158"
"48170"|"48160"
"48310"|"48161"
"48400"|"48162"
"48160"|"48163"
"48190"|"48164"
"48100"|"48165"
"48400"|"48166"
"48310"|"48167"
"48100"|"48168"
"48140"|"48169"
"48160"|"48170"
"48110"|"48171"
"48220"|"48172"
"48160"|"48173"
"48600"|"48174"
"48340"|"48175"
"48150"|"48176"
"48200"|"48177"
"48240"|"48178"
"48140"|"48179"
"48500"|"48180"
"48500"|"48181"
"48170"|"48182"
"48130"|"48183"
"48600"|"48184"
"48230"|"48185"
"48400"|"48186"
"48100"|"48187"
"48700"|"48188"
"48000"|"48189"
"48310"|"48190"
"48500"|"48191"
"48340"|"48192"
"48400"|"48193"
"48220"|"48194"
"48210"|"48195"
"48700"|"48197"
"48800"|"48198"
"49320"|"49001"
"49650"|"49002"
"49700"|"49003"
"49800"|"49004"
"49220"|"49005"
"49600"|"49006"
"49000"|"49007"
"49440"|"49008"
"49260"|"49009"
"49420"|"49010"
"49260"|"49011"
"49540"|"49012"
"49490"|"49013"
"49500"|"49014"
"49240"|"49015"
"49430"|"49017"
"49150"|"49018"
"49140"|"49019"
"49070"|"49020"
"49250"|"49021"
"49750"|"49022"
"49600"|"49023"
"49410"|"49024"
"49140"|"49025"
"49370"|"49026"
"49122"|"49027"
"49170"|"49028"
"49320"|"49029"
"49160"|"49030"
"49150"|"49031"
"49800"|"49032"
"49110"|"49033"
"49110"|"49034"
"49080"|"49035"
"49520"|"49036"
"49520"|"49037"
"49520"|"49038"
"49290"|"49039"
"49530"|"49040"
"49650"|"49041"
"49800"|"49042"
"49220"|"49043"
"49490"|"49044"
"49390"|"49045"
"49260"|"49046"
"49700"|"49047"
"49125"|"49048"
"49250"|"49049"
"49320"|"49050"
"49330"|"49051"
"49490"|"49052"
"49700"|"49053"
"49440"|"49054"
"49460"|"49055"
"49420"|"49056"
"49310"|"49057"
"49360"|"49058"
"49310"|"49059"
"49400"|"49060"
"49440"|"49061"
"49490"|"49062"
"49290"|"49063"
"49220"|"49064"
"49330"|"49065"
"49380"|"49066"
"49220"|"49067"
"49123"|"49068"
"49270"|"49069"
"49340"|"49070"
"49750"|"49071"
"49600"|"49072"
"49420"|"49073"
"49120"|"49074"
"49410"|"49075"
"49140"|"49076"
"49500"|"49077"
"49320"|"49078"
"49150"|"49079"
"49330"|"49080"
"49520"|"49081"
"49290"|"49082"
"49110"|"49083"
"49140"|"49084"
"49600"|"49085"
"49380"|"49086"
"49490"|"49087"
"49420"|"49088"
"49500"|"49089"
"49125"|"49090"
"49320"|"49091"
"49120"|"49092"
"49640"|"49093"
"49350"|"49094"
"49220"|"49095"
"49330"|"49096"
"49150"|"49097"
"49490"|"49098"
"49300"|"49099"
"49700"|"49100"
"49150"|"49101"
"49560"|"49102"
"49520"|"49103"
"49700"|"49104"
"49330"|"49105"
"49630"|"49106"
"49140"|"49107"
"49440"|"49108"
"49690"|"49109"
"49140"|"49110"
"49120"|"49111"
"49260"|"49112"
"49260"|"49113"
"49390"|"49114"
"49320"|"49115"
"49150"|"49116"
"49800"|"49117"
"49640"|"49119"
"49190"|"49120"
"49700"|"49121"
"49490"|"49122"
"49400"|"49123"
"49700"|"49125"
"49530"|"49126"
"49430"|"49127"
"49150"|"49128"
"49000"|"49129"
"49460"|"49130"
"49260"|"49131"
"49330"|"49132"
"49380"|"49133"
"49380"|"49134"
"49460"|"49135"
"49500"|"49136"
"49600"|"49137"
"49250"|"49138"
"49140"|"49139"
"49590"|"49140"
"49700"|"49141"
"49540"|"49142"
"49150"|"49143"
"49440"|"49144"
"49270"|"49145"
"49250"|"49147"
"49220"|"49148"
"49350"|"49149"
"49490"|"49150"
"49600"|"49151"
"49670"|"49153"
"49320"|"49154"
"49220"|"49155"
"49520"|"49156"
"49150"|"49157"
"49500"|"49158"
"49430"|"49159"
"49123"|"49160"
"49220"|"49161"
"49510"|"49162"
"49140"|"49163"
"49510"|"49165"
"49610"|"49167"
"49120"|"49169"
"49330"|"49170"
"49150"|"49171"
"49270"|"49172"
"49490"|"49173"
"49430"|"49174"
"49490"|"49175"
"49220"|"49176"
"49530"|"49177"
"49440"|"49178"
"49710"|"49179"
"49160"|"49180"
"49700"|"49181"
"49700"|"49182"
"49370"|"49183"
"49500"|"49184"
"49140"|"49185"
"49320"|"49186"
"49500"|"49187"
"49140"|"49188"
"49330"|"49189"
"49410"|"49190"
"49540"|"49191"
"49360"|"49192"
"49122"|"49193"
"49630"|"49194"
"49280"|"49195"
"49770"|"49196"
"49490"|"49197"
"49700"|"49198"
"49199"|"49199"
"49770"|"49200"
"49250"|"49201"
"49490"|"49202"
"49410"|"49204"
"49330"|"49205"
"49230"|"49206"
"49700"|"49207"
"49500"|"49208"
"49430"|"49209"
"49310"|"49211"
"49310"|"49212"
"49150"|"49213"
"49460"|"49214"
"49260"|"49215"
"49140"|"49216"
"49220"|"49217"
"49110"|"49218"
"49730"|"49219"
"49640"|"49220"
"49390"|"49221"
"49610"|"49222"
"49610"|"49223"
"49680"|"49224"
"49120"|"49225"
"49520"|"49226"
"49380"|"49227"
"49490"|"49228"
"49520"|"49229"
"49700"|"49230"
"49340"|"49231"
"49560"|"49232"
"49500"|"49233"
"49390"|"49234"
"49730"|"49235"
"49560"|"49236"
"49490"|"49237"
"49112"|"49238"
"49110"|"49239"
"49360"|"49240"
"49124"|"49241"
"49770"|"49242"
"49510"|"49243"
"49620"|"49244"
"49150"|"49245"
"49130"|"49246"
"49170"|"49247"
"49420"|"49248"
"49370"|"49249"
"49420"|"49250"
"49220"|"49251"
"49600"|"49252"
"49260"|"49253"
"49330"|"49254"
"49750"|"49256"
"49430"|"49257"
"49450"|"49258"
"49190"|"49259"
"49740"|"49260"
"49350"|"49261"
"49400"|"49262"
"49450"|"49263"
"49450"|"49264"
"49190"|"49265"
"49170"|"49266"
"49124"|"49267"
"49120"|"49268"
"49280"|"49269"
"49270"|"49270"
"49370"|"49271"
"49350"|"49272"
"49230"|"49273"
"49260"|"49274"
"49410"|"49276"
"49500"|"49277"
"49130"|"49278"
"49350"|"49279"
"49250"|"49280"
"49120"|"49281"
"49700"|"49282"
"49170"|"49283"
"49170"|"49284"
"49230"|"49285"
"49130"|"49288"
"49070"|"49289"
"49320"|"49290"
"49260"|"49291"
"49750"|"49292"
"49070"|"49294"
"49290"|"49295"
"49270"|"49296"
"49410"|"49297"
"49170"|"49298"
"49280"|"49299"
"49120"|"49300"
"49450"|"49301"
"49260"|"49302"
"49303"|"49303"
"49160"|"49304"
"49500"|"49305"
"49170"|"49306"
"49250"|"49307"
"49610"|"49308"
"49420"|"49309"
"49310"|"49310"
"49160"|"49311"
"49600"|"49312"
"49110"|"49313"
"49110"|"49314"
"49150"|"49315"
"49110"|"49316"
"49250"|"49317"
"49320"|"49318"
"49500"|"49319"
"49270"|"49320"
"49123"|"49321"
"49320"|"49322"
"49480"|"49323"
"49110"|"49324"
"49310"|"49325"
"49800"|"49326"
"49320"|"49327"
"49400"|"49328"
"49170"|"49329"
"49330"|"49330"
"49500"|"49331"
"49280"|"49332"
"49140"|"49333"
"49140"|"49334"
"49330"|"49335"
"49360"|"49336"
"49140"|"49337"
"49610"|"49338"
"49460"|"49339"
"49400"|"49341"
"49310"|"49342"
"49280"|"49343"
"49220"|"49344"
"49380"|"49345"
"49350"|"49346"
"49125"|"49347"
"49540"|"49348"
"49230"|"49349"
"49660"|"49350"
"49120"|"49351"
"49360"|"49352"
"49800"|"49353"
"49520"|"49354"
"49340"|"49355"
"49310"|"49356"
"49730"|"49358"
"49700"|"49359"
"49270"|"49360"
"49730"|"49361"
"49400"|"49362"
"49320"|"49363"
"49260"|"49364"
"49700"|"49365"
"49420"|"49366"
"49220"|"49367"
"49390"|"49368"
"49390"|"49369"
"49400"|"49370"
"49340"|"49371"
"49150"|"49372"
"49310"|"49373"
"49400"|"49374"
"49450"|"49375"
"49370"|"49376"
"49140"|"49377"
"49680"|"49378"
"49150"|"49380"
"49360"|"49381"
"50440"|"50001"
"50180"|"50002"
"50230"|"50003"
"50680"|"50004"
"50480"|"50005"
"50620"|"50006"
"50200"|"50007"
"50400"|"50008"
"50530"|"50009"
"50480"|"50010"
"50430"|"50012"
"50760"|"50013"
"50560"|"50014"
"50660"|"50015"
"50500"|"50016"
"50240"|"50018"
"50170"|"50019"
"50440"|"50020"
"50480"|"50021"
"50630"|"50022"
"50500"|"50023"
"50500"|"50024"
"50300"|"50025"
"50310"|"50026"
"50530"|"50027"
"50450"|"50028"
"50720"|"50029"
"50760"|"50030"
"50270"|"50031"
"50810"|"50032"
"50270"|"50033"
"50000"|"50034"
"50250"|"50035"
"50500"|"50036"
"50520"|"50037"
"50320"|"50038"
"50420"|"50039"
"50150"|"50040"
"50440"|"50041"
"50170"|"50042"
"50520"|"50043"
"50210"|"50044"
"50340"|"50045"
"50810"|"50046"
"50800"|"50048"
"50390"|"50049"
"50420"|"50050"
"50480"|"50051"
"50360"|"50052"
"50160"|"50054"
"50390"|"50055"
"50140"|"50056"
"50440"|"50057"
"50560"|"50058"
"50480"|"50059"
"50800"|"50060"
"50200"|"50061"
"50800"|"50062"
"50250"|"50063"
"50360"|"50064"
"50610"|"50066"
"50800"|"50069"
"50480"|"50070"
"50870"|"50071"
"50200"|"50072"
"50440"|"50073"
"50370"|"50074"
"50160"|"50075"
"50290"|"50076"
"50110"|"50077"
"50430"|"50078"
"50260"|"50079"
"50500"|"50080"
"50290"|"50081"
"50260"|"50082"
"50340"|"50083"
"50200"|"50084"
"50290"|"50085"
"50330"|"50086"
"50700"|"50087"
"50150"|"50088"
"50480"|"50089"
"50640"|"50090"
"50200"|"50092"
"50570"|"50093"
"50210"|"50094"
"50750"|"50095"
"50330"|"50096"
"50580"|"50097"
"50570"|"50098"
"50500"|"50099"
"50240"|"50100"
"50330"|"50101"
"50740"|"50102"
"50480"|"50103"
"50390"|"50105"
"50620"|"50106"
"50500"|"50107"
"50220"|"50108"
"50510"|"50109"
"50680"|"50110"
"50210"|"50111"
"50370"|"50112"
"50320"|"50114"
"50320"|"50115"
"50530"|"50116"
"50530"|"50117"
"50800"|"50118"
"50620"|"50119"
"50510"|"50120"
"50800"|"50121"
"50570"|"50123"
"50370"|"50124"
"50520"|"50125"
"50870"|"50126"
"50480"|"50127"
"50410"|"50128"
"50100"|"50129"
"50800"|"50130"
"50520"|"50131"
"50220"|"50132"
"50600"|"50133"
"50420"|"50134"
"50330"|"50135"
"50250"|"50136"
"50800"|"50137"
"50700"|"50138"
"50890"|"50139"
"50660"|"50140"
"50330"|"50142"
"50290"|"50143"
"50670"|"50144"
"50200"|"50145"
"50220"|"50146"
"50200"|"50147"
"50680"|"50148"
"50690"|"50149"
"50630"|"50150"
"50710"|"50151"
"50370"|"50152"
"50250"|"50153"
"50240"|"50154"
"50220"|"50155"
"50360"|"50156"
"50670"|"50158"
"50750"|"50159"
"50580"|"50160"
"50620"|"50161"
"50110"|"50162"
"50440"|"50163"
"50420"|"50164"
"50350"|"50165"
"50250"|"50166"
"50530"|"50167"
"50220"|"50168"
"50310"|"50169"
"50480"|"50170"
"50440"|"50171"
"50310"|"50172"
"50120"|"50173"
"50320"|"50174"
"50310"|"50175"
"50260"|"50176"
"50360"|"50177"
"50840"|"50178"
"50640"|"50179"
"50420"|"50180"
"50190"|"50181"
"50190"|"50182"
"50580"|"50183"
"50340"|"50184"
"50800"|"50185"
"50700"|"50186"
"50690"|"50187"
"50320"|"50188"
"50140"|"50189"
"50310"|"50190"
"50480"|"50191"
"50420"|"50192"
"50850"|"50193"
"50310"|"50194"
"50150"|"50195"
"50760"|"50196"
"50450"|"50197"
"50560"|"50198"
"50530"|"50199"
"50850"|"50200"
"50160"|"50202"
"50470"|"50203"
"50250"|"50204"
"50300"|"50205"
"50300"|"50206"
"50390"|"50207"
"50190"|"50208"
"50330"|"50209"
"50190"|"50210"
"50330"|"50211"
"50480"|"50212"
"50750"|"50213"
"50420"|"50214"
"50560"|"50215"
"50620"|"50216"
"50370"|"50217"
"50400"|"50218"
"50200"|"50219"
"50440"|"50220"
"50450"|"50221"
"50340"|"50222"
"50210"|"50223"
"50160"|"50224"
"50410"|"50225"
"50310"|"50227"
"50450"|"50228"
"50730"|"50229"
"50690"|"50230"
"50590"|"50231"
"50570"|"50232"
"50390"|"50233"
"50410"|"50234"
"50270"|"50235"
"50250"|"50236"
"50320"|"50237"
"50340"|"50238"
"50180"|"50239"
"50340"|"50240"
"50700"|"50241"
"50440"|"50242"
"50200"|"50243"
"50660"|"50244"
"50640"|"50245"
"50480"|"50246"
"50320"|"50247"
"50620"|"50248"
"50480"|"50249"
"50250"|"50250"
"50700"|"50251"
"50510"|"50252"
"50170"|"50253"
"50640"|"50254"
"50660"|"50255"
"50540"|"50256"
"50440"|"50257"
"50310"|"50258"
"50220"|"50259"
"50520"|"50260"
"50160"|"50261"
"50800"|"50262"
"50600"|"50263"
"50430"|"50265"
"50450"|"50266"
"50430"|"50267"
"50310"|"50268"
"50480"|"50269"
"50700"|"50270"
"50670"|"50271"
"50660"|"50272"
"50250"|"50273"
"50600"|"50274"
"50370"|"50275"
"50530"|"50276"
"50290"|"50277"
"50510"|"50278"
"50570"|"50279"
"50570"|"50280"
"50320"|"50281"
"50870"|"50282"
"50680"|"50283"
"50170"|"50284"
"50260"|"50285"
"50750"|"50287"
"50300"|"50288"
"50190"|"50289"
"50220"|"50290"
"50410"|"50291"
"50570"|"50292"
"50600"|"50293"
"50690"|"50294"
"50410"|"50295"
"50330"|"50296"
"50880"|"50297"
"50500"|"50298"
"50580"|"50299"
"50520"|"50300"
"50450"|"50301"
"50570"|"50302"
"50510"|"50304"
"50110"|"50305"
"50490"|"50308"
"50570"|"50310"
"50450"|"50311"
"50670"|"50312"
"50750"|"50313"
"50600"|"50315"
"50860"|"50316"
"50220"|"50317"
"50520"|"50318"
"50420"|"50319"
"50450"|"50320"
"50000"|"50321"
"50520"|"50323"
"50620"|"50324"
"50570"|"50325"
"50450"|"50326"
"50510"|"50327"
"50190"|"50328"
"50600"|"50329"
"50250"|"50330"
"50270"|"50332"
"50360"|"50333"
"50410"|"50334"
"50700"|"50335"
"50450"|"50336"
"50240"|"50337"
"50410"|"50338"
"50660"|"50339"
"50490"|"50340"
"50310"|"50341"
"50760"|"50342"
"50250"|"50343"
"50200"|"50345"
"50240"|"50347"
"50620"|"50348"
"50590"|"50349"
"50210"|"50350"
"50810"|"50351"
"50570"|"50352"
"50170"|"50353"
"50200"|"50354"
"50530"|"50355"
"50680"|"50356"
"50410"|"50357"
"50630"|"50358"
"50140"|"50359"
"50700"|"50360"
"50320"|"50361"
"50600"|"50362"
"50860"|"50363"
"50490"|"50364"
"50290"|"50365"
"50190"|"50368"
"50260"|"50369"
"50390"|"50370"
"50140"|"50371"
"50250"|"50372"
"50480"|"50373"
"50250"|"50374"
"50330"|"50375"
"50200"|"50376"
"50210"|"50378"
"50370"|"50379"
"50810"|"50380"
"50140"|"50381"
"50690"|"50382"
"50630"|"50384"
"50440"|"50385"
"50440"|"50386"
"50390"|"50387"
"50660"|"50388"
"50210"|"50389"
"50310"|"50390"
"50600"|"50391"
"50410"|"50393"
"50190"|"50394"
"50630"|"50395"
"50260"|"50396"
"50150"|"50397"
"50160"|"50398"
"50370"|"50399"
"50360"|"50400"
"50340"|"50401"
"50340"|"50402"
"50770"|"50403"
"50160"|"50404"
"50250"|"50405"
"50870"|"50406"
"50220"|"50407"
"50220"|"50408"
"50880"|"50409"
"50170"|"50410"
"50300"|"50411"
"50580"|"50412"
"50220"|"50413"
"50810"|"50414"
"50250"|"50415"
"50460"|"50416"
"50630"|"50417"
"50260"|"50418"
"50660"|"50419"
"50750"|"50420"
"50310"|"50421"
"50500"|"50422"
"50000"|"50423"
"50260"|"50425"
"50390"|"50426"
"50480"|"50427"
"50520"|"50428"
"50590"|"50429"
"50390"|"50430"
"50570"|"50431"
"50330"|"50432"
"50760"|"50433"
"50530"|"50434"
"50260"|"50435"
"50140"|"50436"
"50210"|"50437"
"50490"|"50438"
"50800"|"50440"
"50810"|"50441"
"50340"|"50442"
"50170"|"50443"
"50160"|"50444"
"50500"|"50445"
"50680"|"50446"
"50380"|"50447"
"50240"|"50448"
"50490"|"50449"
"50140"|"50450"
"50300"|"50451"
"50730"|"50452"
"50800"|"50453"
"50340"|"50454"
"50680"|"50455"
"50140"|"50456"
"50390"|"50457"
"50500"|"50458"
"50440"|"50460"
"50310"|"50461"
"50720"|"50462"
"50450"|"50463"
"50210"|"50464"
"50750"|"50465"
"50310"|"50467"
"50620"|"50468"
"50760"|"50469"
"50500"|"50470"
"50270"|"50471"
"50370"|"50472"
"50680"|"50473"
"50720"|"50474"
"50000"|"50475"
"50810"|"50476"
"50440"|"50477"
"50700"|"50478"
"50480"|"50479"
"50340"|"50480"
"50430"|"50481"
"50190"|"50482"
"50180"|"50483"
"50600"|"50484"
"50500"|"50485"
"50390"|"50486"
"50240"|"50487"
"50620"|"50488"
"50300"|"50489"
"50270"|"50490"
"50680"|"50491"
"50810"|"50492"
"50320"|"50493"
"50140"|"50494"
"50370"|"50495"
"50530"|"50496"
"50250"|"50497"
"50700"|"50498"
"50670"|"50499"
"50240"|"50500"
"50000"|"50502"
"50580"|"50503"
"50420"|"50504"
"50300"|"50505"
"50200"|"50506"
"50310"|"50507"
"50640"|"50508"
"50480"|"50509"
"50190"|"50510"
"50310"|"50511"
"50750"|"50512"
"50210"|"50513"
"50150"|"50514"
"50730"|"50515"
"50300"|"50516"
"50480"|"50517"
"50800"|"50518"
"50690"|"50519"
"50260"|"50520"
"50800"|"50521"
"50270"|"50522"
"50480"|"50523"
"50490"|"50524"
"50670"|"50525"
"50250"|"50528"
"50370"|"50529"
"50300"|"50531"
"50380"|"50532"
"50190"|"50533"
"50500"|"50534"
"50870"|"50535"
"50270"|"50536"
"50200"|"50537"
"50810"|"50538"
"50330"|"50539"
"50530"|"50540"
"50400"|"50541"
"50670"|"50542"
"50220"|"50543"
"50580"|"50544"
"50750"|"50545"
"50750"|"50546"
"50250"|"50548"
"50510"|"50549"
"50490"|"50550"
"50390"|"50551"
"50190"|"50552"
"50240"|"50553"
"50300"|"50554"
"50750"|"50556"
"50640"|"50557"
"50250"|"50558"
"50550"|"50562"
"50420"|"50563"
"50500"|"50564"
"50530"|"50565"
"50700"|"50567"
"50200"|"50568"
"50210"|"50569"
"50640"|"50570"
"50480"|"50571"
"50270"|"50572"
"50200"|"50573"
"50170"|"50574"
"50690"|"50575"
"50340"|"50576"
"50270"|"50577"
"50310"|"50578"
"50260"|"50579"
"50340"|"50580"
"50750"|"50581"
"50150"|"50582"
"50450"|"50583"
"50870"|"50584"
"50270"|"50585"
"50250"|"50586"
"50390"|"50587"
"50700"|"50588"
"50170"|"50589"
"50320"|"50590"
"50640"|"50591"
"50420"|"50592"
"50630"|"50593"
"50690"|"50594"
"50330"|"50595"
"50330"|"50596"
"50870"|"50597"
"50330"|"50598"
"50470"|"50599"
"50460"|"50600"
"50160"|"50601"
"50110"|"50602"
"50200"|"50603"
"50340"|"50604"
"50660"|"50605"
"50620"|"50606"
"50800"|"50607"
"50420"|"50608"
"50480"|"50609"
"50700"|"50610"
"50460"|"50611"
"50300"|"50612"
"50760"|"50613"
"50260"|"50614"
"50700"|"50615"
"50300"|"50616"
"50250"|"50617"
"50330"|"50618"
"50630"|"50619"
"50440"|"50620"
"50310"|"50621"
"50490"|"50622"
"50440"|"50623"
"50200"|"50624"
"50150"|"50625"
"50450"|"50626"
"50240"|"50627"
"50370"|"50628"
"50430"|"50629"
"50170"|"50630"
"50500"|"50631"
"50760"|"50633"
"50630"|"50634"
"50810"|"50635"
"50480"|"50636"
"50410"|"50637"
"50140"|"50638"
"50800"|"50639"
"50240"|"50640"
"50680"|"50641"
"50250"|"50642"
"50690"|"50643"
"50600"|"50644"
"50260"|"50646"
"50400"|"50647"
"50700"|"50648"
"51240"|"51001"
"51530"|"51002"
"51150"|"51003"
"51260"|"51004"
"51120"|"51005"
"51250"|"51006"
"51150"|"51007"
"51290"|"51008"
"51260"|"51009"
"51230"|"51010"
"51700"|"51012"
"51170"|"51013"
"51170"|"51014"
"51800"|"51015"
"51290"|"51016"
"51290"|"51017"
"51150"|"51018"
"51600"|"51019"
"51170"|"51020"
"51240"|"51022"
"51150"|"51023"
"51110"|"51025"
"51800"|"51027"
"51160"|"51028"
"51190"|"51029"
"51160"|"51030"
"51400"|"51031"
"51260"|"51032"
"51270"|"51033"
"51270"|"51034"
"51230"|"51035"
"51120"|"51036"
"51170"|"51037"
"51700"|"51038"
"51300"|"51039"
"51300"|"51040"
"51260"|"51041"
"51270"|"51042"
"51110"|"51043"
"51360"|"51044"
"51270"|"51045"
"51490"|"51046"
"51330"|"51047"
"51480"|"51048"
"51130"|"51049"
"51210"|"51050"
"51220"|"51051"
"51420"|"51052"
"51800"|"51053"
"51490"|"51054"
"51450"|"51055"
"51260"|"51056"
"51330"|"51057"
"51430"|"51058"
"51300"|"51059"
"51340"|"51060"
"51400"|"51061"
"51800"|"51062"
"51700"|"51063"
"51150"|"51064"
"51300"|"51065"
"51300"|"51066"
"51340"|"51068"
"51170"|"51069"
"51210"|"51070"
"51310"|"51071"
"51390"|"51072"
"51170"|"51073"
"51110"|"51074"
"51110"|"51075"
"51480"|"51076"
"51140"|"51077"
"51400"|"51078"
"51150"|"51079"
"51290"|"51080"
"51140"|"51081"
"51800"|"51082"
"51800"|"51083"
"51320"|"51084"
"51210"|"51085"
"51140"|"51086"
"51240"|"51087"
"51220"|"51088"
"51170"|"51089"
"51230"|"51090"
"51230"|"51091"
"51120"|"51092"
"51530"|"51093"
"51300"|"51094"
"51300"|"51095"
"51600"|"51097"
"51330"|"51098"
"51320"|"51099"
"51270"|"51100"
"51110"|"51101"
"51220"|"51102"
"51260"|"51103"
"51800"|"51104"
"51420"|"51105"
"51240"|"51106"
"51130"|"51107"
"51000"|"51108"
"51140"|"51109"
"51130"|"51110"
"51170"|"51111"
"51500"|"51112"
"51270"|"51113"
"51500"|"51115"
"51310"|"51116"
"51150"|"51117"
"51370"|"51118"
"51160"|"51119"
"51480"|"51120"
"51700"|"51121"
"51300"|"51122"
"51260"|"51124"
"51290"|"51125"
"51800"|"51126"
"51260"|"51127"
"51270"|"51128"
"51120"|"51129"
"51330"|"51130"
"51330"|"51132"
"51330"|"51133"
"51300"|"51134"
"51290"|"51135"
"51700"|"51136"
"51310"|"51137"
"51800"|"51138"
"51800"|"51139"
"51170"|"51140"
"51240"|"51141"
"51530"|"51142"
"51800"|"51143"
"51250"|"51144"
"51140"|"51145"
"51510"|"51146"
"51600"|"51147"
"51240"|"51148"
"51240"|"51149"
"51150"|"51150"
"51120"|"51151"
"51500"|"51152"
"51530"|"51153"
"51130"|"51154"
"51260"|"51155"
"51300"|"51156"
"51270"|"51157"
"51130"|"51158"
"51510"|"51160"
"51150"|"51161"
"51260"|"51162"
"51270"|"51163"
"51230"|"51164"
"51230"|"51165"
"51330"|"51166"
"51320"|"51167"
"51510"|"51168"
"51320"|"51169"
"51210"|"51170"
"51220"|"51171"
"51350"|"51172"
"51480"|"51173"
"51270"|"51174"
"51210"|"51175"
"51230"|"51176"
"51390"|"51177"
"51240"|"51178"
"51240"|"51179"
"51140"|"51181"
"51260"|"51182"
"51220"|"51183"
"51300"|"51184"
"51310"|"51185"
"51270"|"51186"
"51170"|"51187"
"51390"|"51188"
"51480"|"51190"
"51800"|"51191"
"51700"|"51192"
"51460"|"51193"
"51170"|"51194"
"51300"|"51195"
"51530"|"51196"
"51600"|"51197"
"51170"|"51198"
"51480"|"51199"
"51530"|"51200"
"51700"|"51201"
"51480"|"51202"
"51400"|"51203"
"51480"|"51204"
"51400"|"51205"
"51330"|"51206"
"51240"|"51208"
"51530"|"51210"
"51800"|"51211"
"51320"|"51212"
"51800"|"51213"
"51330"|"51214"
"51300"|"51215"
"51490"|"51216"
"51700"|"51217"
"51340"|"51218"
"51290"|"51219"
"51300"|"51220"
"51800"|"51222"
"51290"|"51223"
"51300"|"51224"
"51500"|"51225"
"51230"|"51226"
"51240"|"51227"
"51800"|"51228"
"51330"|"51229"
"51200"|"51230"
"51460"|"51231"
"51490"|"51232"
"51310"|"51233"
"51260"|"51234"
"51120"|"51235"
"51310"|"51236"
"51310"|"51237"
"51270"|"51238"
"51130"|"51239"
"51340"|"51240"
"51230"|"51241"
"51510"|"51242"
"51230"|"51243"
"51320"|"51244"
"51170"|"51245"
"51300"|"51246"
"51270"|"51247"
"51230"|"51248"
"51700"|"51249"
"51170"|"51250"
"51190"|"51251"
"51480"|"51252"
"51800"|"51253"
"51120"|"51254"
"51800"|"51255"
"51160"|"51256"
"51120"|"51258"
"51240"|"51259"
"51240"|"51260"
"51110"|"51261"
"51300"|"51262"
"51210"|"51263"
"51210"|"51264"
"51120"|"51265"
"51160"|"51266"
"51390"|"51267"
"51130"|"51268"
"51290"|"51269"
"51290"|"51270"
"51130"|"51271"
"51330"|"51272"
"51130"|"51273"
"51800"|"51274"
"51300"|"51275"
"51230"|"51276"
"51290"|"51277"
"51400"|"51278"
"51260"|"51279"
"51800"|"51280"
"51190"|"51281"
"51390"|"51282"
"51800"|"51283"
"51300"|"51284"
"51320"|"51285"
"51290"|"51286"
"51160"|"51287"
"51300"|"51288"
"51340"|"51289"
"51340"|"51290"
"51220"|"51291"
"51460"|"51292"
"51110"|"51293"
"51140"|"51294"
"51300"|"51295"
"51320"|"51296"
"51700"|"51298"
"51110"|"51299"
"51290"|"51300"
"51150"|"51301"
"51190"|"51302"
"51150"|"51303"
"51210"|"51304"
"51390"|"51305"
"51310"|"51306"
"51600"|"51307"
"51140"|"51308"
"51700"|"51309"
"51390"|"51310"
"51340"|"51311"
"51150"|"51312"
"51120"|"51313"
"51170"|"51314"
"51290"|"51315"
"51290"|"51316"
"51600"|"51317"
"51110"|"51318"
"51230"|"51319"
"51700"|"51320"
"51170"|"51321"
"51290"|"51322"
"51230"|"51323"
"51230"|"51324"
"51300"|"51325"
"51400"|"51326"
"51130"|"51327"
"51300"|"51328"
"51220"|"51329"
"51150"|"51331"
"51500"|"51333"
"51300"|"51334"
"51800"|"51336"
"51170"|"51337"
"51500"|"51338"
"51240"|"51339"
"51300"|"51340"
"51800"|"51341"
"51530"|"51342"
"51260"|"51343"
"51530"|"51344"
"51270"|"51345"
"51700"|"51346"
"51160"|"51347"
"51170"|"51348"
"51290"|"51349"
"51210"|"51350"
"51230"|"51351"
"51300"|"51352"
"51260"|"51353"
"51240"|"51354"
"51800"|"51355"
"51300"|"51356"
"51510"|"51357"
"51340"|"51358"
"51210"|"51359"
"51120"|"51360"
"51320"|"51361"
"51220"|"51362"
"51300"|"51363"
"51390"|"51364"
"51370"|"51365"
"51190"|"51367"
"51800"|"51368"
"51120"|"51369"
"51800"|"51370"
"51240"|"51371"
"51470"|"51372"
"51290"|"51373"
"51120"|"51374"
"51500"|"51375"
"51260"|"51376"
"51320"|"51377"
"51530"|"51378"
"51140"|"51379"
"51210"|"51380"
"51270"|"51381"
"51170"|"51382"
"51530"|"51384"
"51210"|"51386"
"51530"|"51387"
"51400"|"51388"
"51400"|"51389"
"51530"|"51390"
"51140"|"51391"
"51160"|"51392"
"51480"|"51393"
"51120"|"51395"
"51700"|"51396"
"51330"|"51397"
"51480"|"51398"
"51800"|"51399"
"51310"|"51402"
"51420"|"51403"
"51330"|"51404"
"51300"|"51406"
"51310"|"51407"
"51240"|"51409"
"51480"|"51410"
"51190"|"51411"
"51230"|"51412"
"51530"|"51413"
"51700"|"51414"
"51240"|"51415"
"51270"|"51416"
"51300"|"51417"
"51370"|"51418"
"51290"|"51419"
"51300"|"51420"
"51120"|"51421"
"51390"|"51422"
"51340"|"51423"
"51800"|"51424"
"51700"|"51425"
"51120"|"51426"
"51400"|"51428"
"51140"|"51429"
"51130"|"51430"
"51530"|"51431"
"51230"|"51432"
"51300"|"51433"
"51150"|"51434"
"51130"|"51435"
"51240"|"51436"
"51170"|"51437"
"51460"|"51438"
"51110"|"51439"
"51490"|"51440"
"51300"|"51441"
"51330"|"51442"
"51260"|"51443"
"51220"|"51444"
"51480"|"51445"
"51300"|"51446"
"51400"|"51447"
"51140"|"51448"
"51360"|"51449"
"51500"|"51450"
"51120"|"51451"
"51330"|"51452"
"51520"|"51453"
"51100"|"51454"
"51300"|"51455"
"51330"|"51456"
"51480"|"51457"
"51120"|"51458"
"51310"|"51459"
"51210"|"51460"
"51500"|"51461"
"51300"|"51463"
"51140"|"51464"
"51480"|"51465"
"51170"|"51466"
"51390"|"51468"
"51130"|"51469"
"51800"|"51470"
"51500"|"51471"
"51300"|"51472"
"51310"|"51473"
"51370"|"51474"
"51290"|"51475"
"51460"|"51476"
"51110"|"51477"
"52100"|"51478"
"51390"|"51479"
"51700"|"51480"
"51240"|"51482"
"51510"|"51483"
"51170"|"51484"
"51400"|"51485"
"51600"|"51486"
"51490"|"51487"
"51160"|"51488"
"51330"|"51489"
"51240"|"51490"
"51600"|"51491"
"51260"|"51492"
"51500"|"51493"
"51120"|"51495"
"51300"|"51496"
"51340"|"51497"
"51800"|"51498"
"51130"|"51499"
"51330"|"51500"
"51600"|"51501"
"51240"|"51502"
"51490"|"51503"
"51520"|"51504"
"51490"|"51505"
"51470"|"51506"
"51800"|"51507"
"51320"|"51508"
"51510"|"51509"
"51300"|"51510"
"51120"|"51511"
"51240"|"51512"
"51290"|"51513"
"51120"|"51514"
"51600"|"51515"
"51260"|"51516"
"51600"|"51517"
"51220"|"51518"
"51800"|"51519"
"51290"|"51520"
"51340"|"51521"
"52100"|"51522"
"51170"|"51523"
"51260"|"51524"
"51520"|"51525"
"51120"|"51526"
"51170"|"51527"
"51340"|"51528"
"51490"|"51529"
"51400"|"51530"
"51250"|"51531"
"51500"|"51532"
"51800"|"51533"
"51170"|"51534"
"51120"|"51535"
"51500"|"51536"
"51800"|"51537"
"51520"|"51538"
"51340"|"51539"
"51120"|"51542"
"51800"|"51543"
"51600"|"51544"
"51320"|"51545"
"51600"|"51546"
"51600"|"51547"
"51460"|"51548"
"51330"|"51549"
"51320"|"51550"
"51290"|"51551"
"51240"|"51552"
"51600"|"51553"
"51320"|"51555"
"51320"|"51556"
"51300"|"51557"
"51130"|"51558"
"51600"|"51559"
"51270"|"51560"
"51500"|"51562"
"51270"|"51563"
"51150"|"51564"
"51230"|"51565"
"51510"|"51566"
"51300"|"51567"
"51220"|"51568"
"51370"|"51569"
"51210"|"51570"
"51360"|"51571"
"51460"|"51572"
"51430"|"51573"
"51240"|"51574"
"51150"|"51576"
"51170"|"51577"
"51130"|"51578"
"51210"|"51579"
"51380"|"51580"
"51140"|"51581"
"51140"|"51582"
"51340"|"51583"
"51500"|"51584"
"51700"|"51585"
"51170"|"51586"
"51400"|"51587"
"51800"|"51588"
"51330"|"51589"
"51340"|"51590"
"51140"|"51591"
"51700"|"51592"
"51320"|"51594"
"51320"|"51595"
"51210"|"51596"
"51480"|"51597"
"51300"|"51598"
"51380"|"51599"
"51600"|"51600"
"51300"|"51601"
"51300"|"51602"
"51130"|"51603"
"51140"|"51604"
"51480"|"51605"
"51210"|"51607"
"51330"|"51608"
"51700"|"51609"
"51800"|"51610"
"51130"|"51611"
"51130"|"51612"
"51360"|"51613"
"51380"|"51614"
"51240"|"51616"
"51520"|"51617"
"51210"|"51618"
"51330"|"51619"
"51800"|"51620"
"51800"|"51621"
"51390"|"51622"
"51500"|"51623"
"51170"|"51624"
"51310"|"51625"
"51120"|"51626"
"51130"|"51627"
"51120"|"51628"
"51500"|"51629"
"51130"|"51630"
"51500"|"51631"
"51800"|"51632"
"51220"|"51633"
"51510"|"51634"
"51250"|"51635"
"51380"|"51636"
"51700"|"51637"
"51130"|"51638"
"51270"|"51639"
"51800"|"51640"
"51270"|"51641"
"51260"|"51642"
"51530"|"51643"
"51700"|"51644"
"51120"|"51645"
"51800"|"51646"
"51300"|"51647"
"51240"|"51648"
"51300"|"51649"
"51800"|"51650"
"51130"|"51651"
"51260"|"51652"
"51340"|"51654"
"51130"|"51655"
"51150"|"51656"
"51390"|"51657"
"51330"|"51658"
"51800"|"51659"
"51110"|"51660"
"51420"|"51662"
"51530"|"51663"
"52340"|"52001"
"52400"|"52002"
"52700"|"52003"
"52230"|"52004"
"52120"|"52005"
"52130"|"52006"
"52110"|"52007"
"52700"|"52008"
"52360"|"52009"
"52310"|"52011"
"52230"|"52012"
"52500"|"52013"
"52250"|"52014"
"52500"|"52015"
"52160"|"52016"
"52210"|"52017"
"52110"|"52019"
"52130"|"52021"
"52210"|"52022"
"52160"|"52023"
"52240"|"52025"
"52190"|"52027"
"52160"|"52028"
"52300"|"52029"
"52300"|"52030"
"52120"|"52031"
"52140"|"52033"
"52130"|"52034"
"52250"|"52035"
"52200"|"52036"
"52360"|"52037"
"52240"|"52038"
"52110"|"52039"
"52160"|"52040"
"52260"|"52042"
"52500"|"52043"
"52270"|"52044"
"52100"|"52045"
"52110"|"52047"
"52340"|"52050"
"52500"|"52051"
"52330"|"52053"
"52300"|"52055"
"52120"|"52056"
"52110"|"52057"
"52310"|"52058"
"52360"|"52059"
"52400"|"52060"
"52700"|"52061"
"52200"|"52062"
"52150"|"52063"
"52150"|"52064"
"52110"|"52065"
"52110"|"52066"
"52150"|"52067"
"52120"|"52069"
"52200"|"52070"
"52000"|"52072"
"52240"|"52074"
"52700"|"52075"
"52120"|"52076"
"52130"|"52079"
"52210"|"52082"
"52500"|"52083"
"52700"|"52084"
"52240"|"52085"
"52000"|"52087"
"52220"|"52088"
"52360"|"52089"
"52600"|"52090"
"52320"|"52091"
"52160"|"52092"
"52600"|"52093"
"52160"|"52094"
"52700"|"52095"
"52700"|"52097"
"52410"|"52099"
"52150"|"52101"
"52200"|"52102"
"52400"|"52103"
"52100"|"52104"
"52360"|"52105"
"52260"|"52106"
"52700"|"52107"
"52360"|"52108"
"52110"|"52109"
"52110"|"52110"
"52190"|"52113"
"52120"|"52114"
"52200"|"52115"
"52360"|"52116"
"52300"|"52118"
"52600"|"52119"
"52140"|"52120"
"52000"|"52121"
"52150"|"52122"
"52170"|"52123"
"52400"|"52124"
"52000"|"52125"
"52190"|"52126"
"52240"|"52127"
"52700"|"52128"
"52110"|"52129"
"52370"|"52130"
"52230"|"52131"
"52240"|"52132"
"52700"|"52133"
"52600"|"52134"
"52400"|"52135"
"52400"|"52136"
"52160"|"52137"
"52160"|"52138"
"52330"|"52140"
"52000"|"52141"
"52700"|"52142"
"52500"|"52145"
"52210"|"52146"
"52200"|"52147"
"52110"|"52149"
"52210"|"52151"
"52600"|"52155"
"52300"|"52156"
"52330"|"52157"
"52190"|"52158"
"52240"|"52159"
"52110"|"52160"
"52240"|"52161"
"52140"|"52162"
"52360"|"52163"
"52400"|"52164"
"52210"|"52165"
"52700"|"52167"
"52120"|"52168"
"52130"|"52169"
"52190"|"52170"
"52110"|"52171"
"52110"|"52172"
"52270"|"52173"
"52150"|"52174"
"52300"|"52175"
"52270"|"52177"
"52110"|"52178"
"52130"|"52179"
"52220"|"52180"
"52230"|"52181"
"52290"|"52182"
"52700"|"52183"
"52300"|"52184"
"52400"|"52185"
"52230"|"52187"
"52190"|"52189"
"52340"|"52190"
"52000"|"52193"
"52410"|"52194"
"52500"|"52195"
"52260"|"52196"
"52500"|"52197"
"52130"|"52198"
"52300"|"52199"
"52250"|"52200"
"52110"|"52201"
"52170"|"52203"
"52700"|"52204"
"52800"|"52205"
"52220"|"52206"
"52360"|"52207"
"52400"|"52208"
"52320"|"52211"
"52300"|"52212"
"52500"|"52213"
"52320"|"52214"
"52160"|"52216"
"52150"|"52217"
"52230"|"52218"
"52230"|"52219"
"52210"|"52220"
"52330"|"52221"
"52230"|"52222"
"52500"|"52223"
"52150"|"52225"
"52150"|"52227"
"52600"|"52228"
"52500"|"52229"
"52320"|"52230"
"52300"|"52231"
"52330"|"52232"
"52400"|"52233"
"52150"|"52234"
"52100"|"52235"
"52150"|"52237"
"52600"|"52239"
"52600"|"52240"
"52600"|"52242"
"52150"|"52243"
"52290"|"52244"
"52700"|"52245"
"52200"|"52246"
"52150"|"52247"
"52140"|"52248"
"52190"|"52249"
"52300"|"52250"
"52000"|"52251"
"52330"|"52253"
"52330"|"52254"
"52700"|"52256"
"52500"|"52257"
"52120"|"52258"
"52310"|"52260"
"52330"|"52262"
"52400"|"52264"
"52170"|"52265"
"52220"|"52266"
"52100"|"52267"
"52200"|"52269"
"52800"|"52271"
"52120"|"52272"
"52400"|"52273"
"52120"|"52274"
"52140"|"52275"
"52000"|"52276"
"52140"|"52277"
"52330"|"52278"
"52360"|"52280"
"52210"|"52282"
"52110"|"52284"
"52190"|"52285"
"52700"|"52286"
"52150"|"52287"
"52230"|"52288"
"52700"|"52289"
"52500"|"52290"
"52240"|"52291"
"52250"|"52292"
"52220"|"52293"
"52130"|"52294"
"52800"|"52295"
"52220"|"52296"
"52000"|"52297"
"52500"|"52298"
"52130"|"52300"
"52240"|"52301"
"52300"|"52302"
"52500"|"52303"
"52150"|"52304"
"52800"|"52305"
"52700"|"52306"
"52260"|"52307"
"52370"|"52308"
"52320"|"52310"
"52360"|"52311"
"52200"|"52312"
"52700"|"52313"
"52800"|"52315"
"52300"|"52316"
"52400"|"52318"
"52240"|"52319"
"52240"|"52320"
"52110"|"52321"
"52310"|"52322"
"52240"|"52325"
"52320"|"52326"
"52100"|"52327"
"52400"|"52328"
"52330"|"52330"
"52220"|"52331"
"52140"|"52332"
"52700"|"52335"
"52130"|"52336"
"52230"|"52337"
"52190"|"52340"
"52110"|"52341"
"52700"|"52342"
"52160"|"52344"
"52300"|"52346"
"52170"|"52347"
"52360"|"52348"
"52000"|"52349"
"52400"|"52350"
"52150"|"52351"
"52800"|"52352"
"52800"|"52353"
"52600"|"52354"
"52200"|"52355"
"52300"|"52356"
"52230"|"52357"
"52240"|"52358"
"52110"|"52359"
"52190"|"52360"
"52360"|"52362"
"52360"|"52363"
"52250"|"52364"
"52120"|"52365"
"52200"|"52366"
"52310"|"52367"
"52700"|"52369"
"52300"|"52370"
"52310"|"52371"
"52150"|"52372"
"52700"|"52373"
"52600"|"52374"
"52600"|"52375"
"52230"|"52376"
"52400"|"52377"
"52300"|"52378"
"52270"|"52379"
"52200"|"52380"
"52200"|"52383"
"52160"|"52384"
"52240"|"52385"
"52100"|"52386"
"52500"|"52388"
"52500"|"52390"
"52220"|"52391"
"52360"|"52392"
"52160"|"52393"
"52500"|"52394"
"52160"|"52395"
"52800"|"52396"
"52360"|"52397"
"52230"|"52398"
"52120"|"52399"
"52400"|"52400"
"52800"|"52401"
"52160"|"52403"
"52190"|"52405"
"52500"|"52406"
"52700"|"52407"
"52220"|"52411"
"52130"|"52413"
"52170"|"52414"
"52140"|"52415"
"52140"|"52416"
"52370"|"52419"
"52700"|"52420"
"52000"|"52421"
"52120"|"52422"
"52700"|"52423"
"52600"|"52424"
"52190"|"52425"
"52330"|"52426"
"52220"|"52427"
"52700"|"52428"
"52410"|"52429"
"52210"|"52431"
"52260"|"52432"
"52150"|"52433"
"52320"|"52436"
"52160"|"52437"
"52500"|"52438"
"52160"|"52439"
"52300"|"52440"
"52300"|"52442"
"52230"|"52443"
"52700"|"52444"
"52190"|"52445"
"52190"|"52446"
"52200"|"52447"
"52100"|"52448"
"52200"|"52449"
"52210"|"52450"
"52200"|"52452"
"52200"|"52453"
"52150"|"52455"
"52300"|"52456"
"52200"|"52457"
"52800"|"52459"
"52140"|"52461"
"52230"|"52463"
"52500"|"52464"
"52140"|"52465"
"52500"|"52467"
"52700"|"52468"
"52000"|"52469"
"52400"|"52470"
"52330"|"52472"
"52700"|"52473"
"52120"|"52474"
"52130"|"52475"
"52150"|"52476"
"52220"|"52479"
"52320"|"52480"
"52150"|"52482"
"52400"|"52483"
"52300"|"52484"
"52210"|"52486"
"52220"|"52487"
"52800"|"52488"
"52240"|"52489"
"52300"|"52490"
"52230"|"52491"
"52600"|"52492"
"52500"|"52493"
"52000"|"52494"
"52110"|"52495"
"52130"|"52497"
"52160"|"52499"
"52100"|"52500"
"52130"|"52502"
"52500"|"52503"
"52400"|"52504"
"52150"|"52505"
"52330"|"52506"
"52200"|"52507"
"52190"|"52509"
"52130"|"52510"
"52300"|"52511"
"52300"|"52512"
"52500"|"52513"
"52000"|"52514"
"52250"|"52515"
"52250"|"52516"
"52700"|"52517"
"52800"|"52518"
"52190"|"52519"
"52400"|"52520"
"52310"|"52522"
"52700"|"52523"
"52320"|"52524"
"52120"|"52525"
"52160"|"52526"
"52130"|"52528"
"52190"|"52529"
"52100"|"52534"
"52000"|"52535"
"52190"|"52536"
"52210"|"52538"
"52600"|"52539"
"52160"|"52540"
"52800"|"52541"
"52160"|"52542"
"52130"|"52543"
"52400"|"52544"
"52200"|"52545"
"52500"|"52546"
"52320"|"52547"
"52310"|"52548"
"52240"|"52549"
"52130"|"52550"
"53940"|"53001"
"53240"|"53002"
"53300"|"53003"
"53200"|"53004"
"53240"|"53005"
"53290"|"53006"
"53210"|"53007"
"53440"|"53008"
"53170"|"53009"
"53600"|"53010"
"53230"|"53011"
"53400"|"53012"
"53700"|"53013"
"53200"|"53014"
"53240"|"53015"
"53160"|"53016"
"53340"|"53017"
"53350"|"53018"
"53340"|"53019"
"53440"|"53021"
"53170"|"53022"
"53470"|"53023"
"53170"|"53025"
"53320"|"53026"
"53290"|"53027"
"53440"|"53028"
"53290"|"53029"
"53170"|"53030"
"53240"|"53031"
"53270"|"53032"
"53800"|"53033"
"53960"|"53034"
"53800"|"53035"
"53290"|"53036"
"53290"|"53037"
"53370"|"53038"
"53410"|"53039"
"53410"|"53040"
"53350"|"53041"
"53120"|"53042"
"53150"|"53043"
"53410"|"53045"
"53170"|"53046"
"53120"|"53047"
"53420"|"53048"
"53470"|"53049"
"53270"|"53050"
"53640"|"53051"
"53370"|"53052"
"53160"|"53053"
"53810"|"53054"
"53300"|"53055"
"53950"|"53056"
"53440"|"53057"
"53230"|"53058"
"53150"|"53059"
"53250"|"53061"
"53200"|"53062"
"53200"|"53063"
"53100"|"53064"
"53600"|"53065"
"53200"|"53066"
"53340"|"53067"
"53400"|"53068"
"53250"|"53069"
"53120"|"53071"
"53470"|"53072"
"53800"|"53073"
"53100"|"53074"
"53230"|"53075"
"53340"|"53076"
"53230"|"53077"
"53200"|"53078"
"53300"|"53079"
"53250"|"53080"
"53230"|"53082"
"53700"|"53083"
"53400"|"53084"
"53700"|"53085"
"53380"|"53086"
"53170"|"53087"
"53540"|"53088"
"53200"|"53089"
"53400"|"53090"
"53190"|"53091"
"53150"|"53092"
"53190"|"53093"
"53260"|"53094"
"53340"|"53095"
"53500"|"53096"
"53600"|"53097"
"53350"|"53098"
"53260"|"53099"
"53190"|"53100"
"53200"|"53101"
"53540"|"53102"
"53940"|"53103"
"53200"|"53104"
"53150"|"53105"
"53370"|"53106"
"53120"|"53107"
"53410"|"53108"
"53440"|"53109"
"53290"|"53110"
"53300"|"53111"
"53250"|"53112"
"53160"|"53113"
"53640"|"53114"
"53120"|"53115"
"53640"|"53116"
"53360"|"53117"
"53110"|"53118"
"53970"|"53119"
"53160"|"53120"
"53250"|"53121"
"53160"|"53122"
"53380"|"53123"
"53200"|"53124"
"53190"|"53125"
"53220"|"53126"
"53110"|"53127"
"53540"|"53128"
"53410"|"53129"
"53000"|"53130"
"53120"|"53131"
"53120"|"53132"
"53140"|"53133"
"53150"|"53134"
"53400"|"53135"
"53200"|"53136"
"53320"|"53137"
"53200"|"53138"
"53700"|"53139"
"53950"|"53140"
"53210"|"53141"
"53250"|"53142"
"53170"|"53143"
"53440"|"53144"
"53200"|"53145"
"53470"|"53146"
"53100"|"53147"
"53400"|"53148"
"53200"|"53150"
"53230"|"53151"
"53170"|"53152"
"53600"|"53153"
"53220"|"53154"
"53500"|"53155"
"53240"|"53156"
"53970"|"53157"
"53320"|"53158"
"53150"|"53159"
"53640"|"53160"
"53150"|"53161"
"53100"|"53162"
"53150"|"53163"
"53250"|"53164"
"53400"|"53165"
"53970"|"53168"
"53410"|"53169"
"53300"|"53170"
"53360"|"53172"
"53140"|"53173"
"53100"|"53174"
"53260"|"53175"
"53300"|"53176"
"53220"|"53177"
"53360"|"53178"
"53240"|"53179"
"53400"|"53180"
"53220"|"53181"
"53410"|"53182"
"53340"|"53184"
"53140"|"53185"
"53360"|"53186"
"61420"|"53187"
"53800"|"53188"
"53110"|"53189"
"53640"|"53190"
"53350"|"53191"
"53390"|"53192"
"53170"|"53193"
"53320"|"53194"
"53470"|"53195"
"53250"|"53196"
"53390"|"53197"
"53700"|"53198"
"53120"|"53199"
"53100"|"53200"
"53940"|"53201"
"53220"|"53202"
"53290"|"53203"
"53140"|"53204"
"53150"|"53205"
"53170"|"53206"
"53150"|"53207"
"53140"|"53208"
"53320"|"53209"
"53290"|"53210"
"53500"|"53211"
"53170"|"53212"
"53220"|"53213"
"53390"|"53214"
"53200"|"53215"
"53300"|"53216"
"53600"|"53218"
"53100"|"53219"
"53480"|"53220"
"53600"|"53221"
"53240"|"53222"
"53700"|"53223"
"53240"|"53224"
"53240"|"53225"
"53380"|"53226"
"53270"|"53228"
"53240"|"53229"
"53110"|"53230"
"53290"|"53231"
"53480"|"53232"
"53290"|"53233"
"53300"|"53234"
"53110"|"53235"
"53700"|"53236"
"53300"|"53237"
"53220"|"53238"
"53160"|"53239"
"53800"|"53240"
"53290"|"53241"
"53350"|"53242"
"53410"|"53243"
"53150"|"53244"
"53500"|"53245"
"53370"|"53246"
"53410"|"53247"
"53270"|"53248"
"53160"|"53249"
"53540"|"53250"
"53400"|"53251"
"53140"|"53252"
"53800"|"53253"
"53360"|"53254"
"53270"|"53255"
"53160"|"53256"
"53340"|"53257"
"53800"|"53258"
"53390"|"53259"
"53360"|"53260"
"53300"|"53261"
"53210"|"53262"
"53110"|"53263"
"53270"|"53264"
"53270"|"53265"
"53160"|"53266"
"53480"|"53267"
"53500"|"53269"
"53120"|"53270"
"53700"|"53271"
"53250"|"53272"
"53170"|"53273"
"53160"|"53274"
"53600"|"53276"
"54610"|"54001"
"54800"|"54002"
"54115"|"54003"
"54800"|"54004"
"54740"|"54005"
"54770"|"54006"
"54460"|"54007"
"54170"|"54008"
"54800"|"54009"
"54112"|"54010"
"54260"|"54011"
"54770"|"54012"
"54450"|"54013"
"54450"|"54014"
"54560"|"54015"
"54200"|"54016"
"54540"|"54017"
"54150"|"54018"
"54470"|"54019"
"54110"|"54020"
"54760"|"54021"
"54530"|"54022"
"54370"|"54023"
"54760"|"54024"
"54510"|"54025"
"54370"|"54026"
"54700"|"54027"
"54580"|"54028"
"54560"|"54029"
"54450"|"54030"
"54380"|"54031"
"54160"|"54032"
"54490"|"54033"
"54385"|"54034"
"54450"|"54035"
"54150"|"54036"
"54210"|"54037"
"54122"|"54038"
"54120"|"54039"
"54540"|"54040"
"54170"|"54041"
"54290"|"54042"
"54550"|"54043"
"54450"|"54044"
"54360"|"54045"
"54170"|"54046"
"54170"|"54047"
"54150"|"54048"
"54620"|"54049"
"54370"|"54050"
"54980"|"54051"
"54115"|"54052"
"54370"|"54053"
"54290"|"54054"
"54890"|"54055"
"54620"|"54056"
"54470"|"54057"
"54800"|"54058"
"54610"|"54059"
"54940"|"54060"
"54450"|"54061"
"54740"|"54062"
"54470"|"54063"
"54480"|"54064"
"54120"|"54065"
"54640"|"54066"
"54620"|"54067"
"54115"|"54068"
"54560"|"54069"
"54760"|"54070"
"54370"|"54071"
"54380"|"54072"
"54200"|"54073"
"54300"|"54074"
"54540"|"54075"
"54360"|"54076"
"54450"|"54077"
"54450"|"54078"
"54700"|"54079"
"54113"|"54080"
"54620"|"54081"
"54800"|"54082"
"54300"|"54083"
"54111"|"54084"
"54290"|"54085"
"54200"|"54086"
"54470"|"54087"
"54200"|"54088"
"54770"|"54089"
"54136"|"54090"
"54700"|"54091"
"54930"|"54092"
"54800"|"54093"
"54740"|"54094"
"54610"|"54095"
"54190"|"54096"
"54540"|"54097"
"54290"|"54098"
"54150"|"54099"
"54280"|"54100"
"54120"|"54101"
"54200"|"54102"
"54800"|"54103"
"54110"|"54104"
"54113"|"54105"
"54370"|"54106"
"54450"|"54107"
"54210"|"54108"
"54134"|"54109"
"54420"|"54110"
"54230"|"54111"
"54890"|"54112"
"54280"|"54113"
"54700"|"54114"
"54250"|"54115"
"54300"|"54116"
"54330"|"54117"
"54260"|"54118"
"54470"|"54119"
"54113"|"54120"
"54360"|"54121"
"54200"|"54122"
"54230"|"54123"
"54450"|"54124"
"54122"|"54125"
"54610"|"54126"
"54720"|"54127"
"54200"|"54128"
"54480"|"54129"
"54290"|"54130"
"54610"|"54131"
"54330"|"54132"
"54370"|"54133"
"54260"|"54134"
"54170"|"54135"
"54800"|"54136"
"54870"|"54137"
"54400"|"54138"
"54110"|"54139"
"54930"|"54140"
"54210"|"54141"
"54740"|"54142"
"54170"|"54143"
"54290"|"54144"
"54110"|"54145"
"54113"|"54146"
"54300"|"54147"
"54300"|"54148"
"54680"|"54149"
"54670"|"54150"
"54720"|"54151"
"54360"|"54152"
"54470"|"54153"
"54120"|"54154"
"54370"|"54155"
"54930"|"54156"
"54380"|"54157"
"54170"|"54158"
"54110"|"54159"
"54385"|"54160"
"54450"|"54161"
"54119"|"54162"
"54450"|"54163"
"54115"|"54164"
"54130"|"54165"
"54470"|"54166"
"54200"|"54167"
"54770"|"54168"
"54490"|"54169"
"54290"|"54170"
"54800"|"54171"
"54620"|"54172"
"54370"|"54173"
"54200"|"54174"
"54360"|"54175"
"54370"|"54176"
"54370"|"54177"
"54260"|"54178"
"54610"|"54179"
"54280"|"54180"
"54680"|"54181"
"54470"|"54182"
"54830"|"54183"
"54270"|"54184"
"54330"|"54185"
"54690"|"54186"
"54470"|"54187"
"54760"|"54188"
"54115"|"54189"
"54115"|"54190"
"54540"|"54191"
"54210"|"54192"
"54470"|"54193"
"54560"|"54194"
"54110"|"54195"
"54630"|"54196"
"54710"|"54197"
"54150"|"54198"
"54122"|"54199"
"54470"|"54200"
"54122"|"54201"
"54840"|"54202"
"54330"|"54203"
"54930"|"54204"
"54570"|"54205"
"54300"|"54206"
"54930"|"54207"
"54200"|"54208"
"54830"|"54209"
"54450"|"54210"
"54450"|"54211"
"54260"|"54212"
"54800"|"54213"
"54160"|"54214"
"54390"|"54215"
"54290"|"54216"
"54120"|"54217"
"54115"|"54218"
"54110"|"54219"
"54115"|"54220"
"54740"|"54221"
"54830"|"54222"
"54170"|"54223"
"54740"|"54224"
"54380"|"54225"
"54112"|"54226"
"54780"|"54227"
"54830"|"54228"
"54122"|"54229"
"54450"|"54230"
"54800"|"54231"
"54840"|"54232"
"54450"|"54233"
"54730"|"54234"
"54330"|"54235"
"54260"|"54236"
"54115"|"54237"
"54290"|"54238"
"54380"|"54239"
"54470"|"54240"
"54930"|"54241"
"54113"|"54242"
"54120"|"54243"
"54470"|"54244"
"54290"|"54245"
"54450"|"54246"
"54330"|"54247"
"54470"|"54248"
"54800"|"54249"
"54110"|"54250"
"54450"|"54251"
"54740"|"54252"
"54800"|"54253"
"54860"|"54254"
"54830"|"54255"
"54290"|"54256"
"54180"|"54257"
"54370"|"54258"
"54450"|"54259"
"54300"|"54260"
"54440"|"54261"
"54370"|"54262"
"54310"|"54263"
"54330"|"54264"
"54180"|"54265"
"54330"|"54266"
"54930"|"54268"
"54110"|"54269"
"54590"|"54270"
"54450"|"54271"
"54200"|"54272"
"54800"|"54273"
"54140"|"54274"
"54470"|"54275"
"54114"|"54276"
"54800"|"54277"
"54740"|"54278"
"54700"|"54279"
"54240"|"54280"
"54300"|"54281"
"54620"|"54282"
"54800"|"54283"
"54490"|"54284"
"54370"|"54285"
"54800"|"54286"
"54120"|"54287"
"54200"|"54288"
"54770"|"54289"
"54720"|"54290"
"54115"|"54291"
"54300"|"54292"
"54360"|"54293"
"54380"|"54294"
"54970"|"54295"
"54280"|"54296"
"54370"|"54297"
"54570"|"54298"
"54740"|"54299"
"54410"|"54300"
"54760"|"54301"
"54150"|"54302"
"54950"|"54303"
"54520"|"54304"
"54690"|"54305"
"54570"|"54306"
"54740"|"54307"
"54450"|"54308"
"54740"|"54309"
"54740"|"54310"
"54110"|"54311"
"54700"|"54312"
"54610"|"54313"
"54720"|"54314"
"54760"|"54315"
"54470"|"54316"
"54470"|"54317"
"54460"|"54318"
"54700"|"54320"
"54810"|"54321"
"54260"|"54322"
"54400"|"54323"
"54290"|"54324"
"54290"|"54325"
"54150"|"54326"
"54200"|"54327"
"54710"|"54328"
"54300"|"54329"
"54210"|"54330"
"54129"|"54331"
"54700"|"54332"
"54610"|"54333"
"54150"|"54334"
"54370"|"54335"
"54550"|"54336"
"54560"|"54337"
"54670"|"54338"
"54220"|"54339"
"54470"|"54340"
"54150"|"54341"
"54790"|"54342"
"54470"|"54343"
"54290"|"54344"
"54210"|"54345"
"54385"|"54346"
"54385"|"54348"
"54300"|"54349"
"54300"|"54350"
"54820"|"54351"
"54230"|"54352"
"54800"|"54353"
"54330"|"54354"
"54380"|"54355"
"54830"|"54356"
"54320"|"54357"
"54280"|"54358"
"54360"|"54359"
"54200"|"54360"
"54960"|"54362"
"54560"|"54363"
"54850"|"54364"
"54120"|"54365"
"54850"|"54366"
"54135"|"54367"
"54540"|"54368"
"54670"|"54369"
"54385"|"54370"
"54580"|"54371"
"54760"|"54372"
"54300"|"54373"
"54280"|"54374"
"54700"|"54375"
"54760"|"54376"
"54540"|"54377"
"54870"|"54378"
"54170"|"54379"
"54113"|"54380"
"54450"|"54381"
"54350"|"54382"
"54360"|"54383"
"54920"|"54385"
"54830"|"54386"
"54700"|"54387"
"54370"|"54388"
"54800"|"54389"
"54700"|"54390"
"54660"|"54391"
"54113"|"54392"
"54118"|"54393"
"54490"|"54394"
"54000"|"54395"
"54540"|"54396"
"54230"|"54397"
"54540"|"54398"
"54290"|"54399"
"54610"|"54400"
"54450"|"54401"
"54150"|"54402"
"54700"|"54403"
"54385"|"54404"
"54170"|"54405"
"54450"|"54406"
"54330"|"54407"
"54800"|"54408"
"54330"|"54409"
"54890"|"54410"
"54740"|"54411"
"54260"|"54412"
"54150"|"54413"
"54200"|"54414"
"54530"|"54415"
"54470"|"54416"
"54330"|"54417"
"54370"|"54418"
"54480"|"54419"
"54260"|"54420"
"54480"|"54421"
"54120"|"54422"
"54540"|"54423"
"54610"|"54424"
"54490"|"54425"
"54200"|"54426"
"54540"|"54427"
"54620"|"54428"
"54160"|"54429"
"54340"|"54430"
"54700"|"54431"
"54550"|"54432"
"54700"|"54433"
"54116"|"54434"
"54530"|"54435"
"54490"|"54436"
"54160"|"54437"
"54115"|"54438"
"54425"|"54439"
"54800"|"54440"
"54800"|"54441"
"54330"|"54442"
"54540"|"54443"
"54610"|"54444"
"54370"|"54445"
"54370"|"54446"
"54450"|"54447"
"54300"|"54449"
"54120"|"54450"
"54430"|"54451"
"54450"|"54452"
"54470"|"54453"
"54830"|"54455"
"54110"|"54456"
"54370"|"54457"
"54450"|"54458"
"54630"|"54459"
"54380"|"54460"
"54360"|"54461"
"54110"|"54462"
"54385"|"54463"
"54610"|"54464"
"54290"|"54465"
"54200"|"54466"
"54290"|"54467"
"54210"|"54468"
"54580"|"54469"
"54470"|"54470"
"54290"|"54471"
"54950"|"54472"
"54930"|"54473"
"54700"|"54474"
"54290"|"54475"
"54260"|"54476"
"54470"|"54477"
"54800"|"54478"
"54290"|"54479"
"54450"|"54480"
"54540"|"54481"
"54130"|"54482"
"54210"|"54483"
"54540"|"54484"
"54730"|"54485"
"54740"|"54486"
"54290"|"54487"
"54480"|"54488"
"54620"|"54489"
"54380"|"54490"
"54560"|"54491"
"54200"|"54492"
"54650"|"54493"
"54115"|"54494"
"54420"|"54495"
"54170"|"54496"
"54330"|"54497"
"54280"|"54498"
"54470"|"54499"
"54170"|"54500"
"54830"|"54501"
"54370"|"54502"
"54560"|"54504"
"54550"|"54505"
"54840"|"54506"
"54300"|"54507"
"54610"|"54508"
"54110"|"54509"
"54280"|"54510"
"54800"|"54511"
"54480"|"54512"
"54116"|"54513"
"54260"|"54514"
"54330"|"54515"
"54930"|"54516"
"54610"|"54517"
"54470"|"54518"
"54120"|"54519"
"54300"|"54520"
"54880"|"54521"
"54115"|"54522"
"54170"|"54523"
"54800"|"54524"
"54190"|"54525"
"54510"|"54526"
"54210"|"54527"
"54200"|"54528"
"54115"|"54529"
"54115"|"54530"
"54115"|"54531"
"54385"|"54532"
"54750"|"54533"
"54570"|"54534"
"54800"|"54535"
"54640"|"54536"
"54870"|"54537"
"54112"|"54538"
"54540"|"54539"
"54480"|"54540"
"54370"|"54541"
"54910"|"54542"
"54830"|"54543"
"54890"|"54544"
"54115"|"54545"
"54121"|"54546"
"54500"|"54547"
"54112"|"54548"
"54110"|"54549"
"54122"|"54550"
"54370"|"54551"
"54330"|"54552"
"54740"|"54553"
"54740"|"54554"
"54120"|"54555"
"54450"|"54556"
"54840"|"54557"
"54280"|"54558"
"54290"|"54559"
"54540"|"54560"
"54830"|"54561"
"54450"|"54562"
"54330"|"54563"
"54470"|"54564"
"54360"|"54565"
"54700"|"54566"
"54290"|"54567"
"54620"|"54568"
"54380"|"54569"
"54890"|"54570"
"54210"|"54571"
"54730"|"54572"
"54380"|"54573"
"54870"|"54574"
"54920"|"54575"
"54260"|"54576"
"54760"|"54577"
"54600"|"54578"
"54700"|"54579"
"54190"|"54580"
"54800"|"54581"
"54260"|"54582"
"54840"|"54583"
"54200"|"54584"
"54290"|"54585"
"54123"|"54586"
"54330"|"54587"
"54300"|"54588"
"54700"|"54589"
"54260"|"54590"
"54134"|"54591"
"54330"|"54592"
"54890"|"54593"
"54470"|"54594"
"54300"|"54595"
"54990"|"54596"
"54740"|"54597"
"54490"|"54598"
"54800"|"54599"
"54370"|"54600"
"54370"|"54601"
"54620"|"54602"
"55130"|"55001"
"55400"|"55002"
"55110"|"55004"
"55130"|"55005"
"55300"|"55007"
"55230"|"55008"
"55320"|"55009"
"55170"|"55010"
"55800"|"55011"
"55300"|"55012"
"55230"|"55013"
"55120"|"55014"
"55170"|"55015"
"55120"|"55017"
"55700"|"55018"
"55210"|"55021"
"55600"|"55022"
"55270"|"55023"
"55150"|"55024"
"55700"|"55025"
"55130"|"55026"
"55300"|"55027"
"55110"|"55028"
"55000"|"55029"
"55130"|"55030"
"55170"|"55031"
"55260"|"55032"
"55270"|"55033"
"55600"|"55034"
"55170"|"55035"
"55700"|"55036"
"55700"|"55037"
"55250"|"55038"
"55100"|"55039"
"55250"|"55040"
"55000"|"55041"
"55100"|"55042"
"55430"|"55043"
"55260"|"55044"
"55100"|"55045"
"55210"|"55046"
"55100"|"55047"
"55270"|"55048"
"55000"|"55049"
"55100"|"55050"
"55290"|"55051"
"55230"|"55053"
"55300"|"55054"
"55400"|"55055"
"55400"|"55057"
"55200"|"55058"
"55130"|"55059"
"55160"|"55060"
"55500"|"55061"
"55300"|"55062"
"55240"|"55063"
"55300"|"55064"
"55270"|"55065"
"55190"|"55066"
"55500"|"55067"
"55120"|"55068"
"55800"|"55069"
"55100"|"55070"
"55150"|"55071"
"55400"|"55072"
"55100"|"55073"
"55170"|"55075"
"55150"|"55076"
"55600"|"55077"
"55110"|"55078"
"55000"|"55079"
"55140"|"55080"
"55250"|"55081"
"55120"|"55082"
"55700"|"55083"
"55190"|"55084"
"55200"|"55085"
"55290"|"55087"
"55140"|"55088"
"55140"|"55089"
"55300"|"55093"
"55400"|"55094"
"55700"|"55095"
"55210"|"55096"
"55140"|"55097"
"55100"|"55099"
"55140"|"55100"
"55000"|"55101"
"55100"|"55102"
"55270"|"55103"
"55130"|"55104"
"55400"|"55105"
"55100"|"55106"
"55150"|"55107"
"55260"|"55108"
"55600"|"55109"
"55600"|"55110"
"55300"|"55111"
"55270"|"55113"
"55200"|"55114"
"55270"|"55115"
"55120"|"55116"
"55120"|"55117"
"55110"|"55118"
"55110"|"55119"
"55000"|"55120"
"55160"|"55121"
"55200"|"55122"
"55000"|"55123"
"55110"|"55124"
"55800"|"55125"
"55260"|"55127"
"55260"|"55128"
"55260"|"55129"
"55170"|"55132"
"55290"|"55133"
"55800"|"55134"
"55270"|"55137"
"55100"|"55139"
"55110"|"55140"
"55500"|"55141"
"55130"|"55142"
"55400"|"55143"
"55500"|"55144"
"55150"|"55145"
"55110"|"55146"
"55130"|"55148"
"55150"|"55149"
"55130"|"55150"
"55400"|"55153"
"55320"|"55154"
"55120"|"55155"
"55150"|"55156"
"55160"|"55157"
"55240"|"55158"
"55300"|"55159"
"55300"|"55160"
"55240"|"55162"
"55160"|"55163"
"55100"|"55164"
"55110"|"55165"
"55100"|"55166"
"55110"|"55167"
"55230"|"55168"
"55600"|"55169"
"55150"|"55170"
"55400"|"55171"
"55160"|"55172"
"55140"|"55173"
"55270"|"55174"
"55260"|"55175"
"55260"|"55177"
"55000"|"55178"
"55500"|"55179"
"55100"|"55180"
"55400"|"55181"
"55240"|"55182"
"55150"|"55183"
"55200"|"55184"
"55250"|"55185"
"55000"|"55186"
"55600"|"55188"
"55100"|"55189"
"55400"|"55191"
"55110"|"55192"
"55110"|"55193"
"55250"|"55194"
"55500"|"55195"
"55200"|"55196"
"55260"|"55197"
"55160"|"55198"
"55120"|"55199"
"55100"|"55200"
"55400"|"55201"
"55120"|"55202"
"55320"|"55204"
"55110"|"55206"
"55000"|"55207"
"55110"|"55208"
"55260"|"55210"
"55400"|"55211"
"55200"|"55212"
"55500"|"55214"
"55130"|"55215"
"55230"|"55216"
"55140"|"55217"
"55150"|"55218"
"55400"|"55219"
"55500"|"55220"
"55000"|"55221"
"55400"|"55222"
"55000"|"55224"
"55700"|"55225"
"55600"|"55226"
"55210"|"55228"
"55300"|"55229"
"55160"|"55232"
"55100"|"55236"
"55160"|"55237"
"55100"|"55239"
"55220"|"55241"
"55160"|"55242"
"55210"|"55243"
"55400"|"55244"
"55210"|"55245"
"55290"|"55246"
"55130"|"55247"
"55130"|"55248"
"55700"|"55250"
"55220"|"55251"
"55600"|"55252"
"55120"|"55253"
"55220"|"55254"
"55600"|"55255"
"55160"|"55256"
"55120"|"55257"
"55200"|"55258"
"55120"|"55260"
"55170"|"55261"
"55600"|"55262"
"55300"|"55263"
"55300"|"55264"
"55160"|"55265"
"55120"|"55266"
"55210"|"55267"
"55300"|"55268"
"55260"|"55269"
"55300"|"55270"
"55800"|"55271"
"55800"|"55272"
"55300"|"55274"
"55700"|"55275"
"55100"|"55276"
"55190"|"55278"
"55700"|"55279"
"55400"|"55280"
"55160"|"55281"
"55260"|"55282"
"55170"|"55284"
"55120"|"55285"
"55220"|"55286"
"55200"|"55288"
"55260"|"55289"
"55260"|"55290"
"55500"|"55291"
"55110"|"55292"
"55110"|"55293"
"55250"|"55295"
"55000"|"55296"
"55150"|"55297"
"55000"|"55298"
"55230"|"55299"
"55500"|"55300"
"55260"|"55301"
"55000"|"55302"
"55300"|"55303"
"55800"|"55304"
"55600"|"55306"
"55100"|"55307"
"55700"|"55310"
"55160"|"55311"
"55300"|"55312"
"55270"|"55313"
"55290"|"55315"
"55150"|"55316"
"55160"|"55317"
"55160"|"55320"
"55100"|"55321"
"55190"|"55322"
"55700"|"55323"
"55600"|"55324"
"55400"|"55325"
"55500"|"55326"
"55190"|"55327"
"55140"|"55328"
"55300"|"55329"
"55190"|"55330"
"55190"|"55331"
"55500"|"55332"
"55260"|"55333"
"55190"|"55334"
"55500"|"55335"
"55150"|"55336"
"55110"|"55338"
"55400"|"55339"
"55800"|"55340"
"55150"|"55341"
"55270"|"55343"
"55140"|"55344"
"55110"|"55345"
"55270"|"55346"
"55320"|"55347"
"55290"|"55348"
"55110"|"55349"
"55140"|"55350"
"55600"|"55351"
"55000"|"55352"
"55300"|"55353"
"55100"|"55355"
"55400"|"55356"
"55400"|"55357"
"55500"|"55358"
"55290"|"55359"
"55320"|"55360"
"55400"|"55361"
"55700"|"55362"
"55160"|"55363"
"55700"|"55364"
"55110"|"55365"
"55000"|"55366"
"55230"|"55367"
"55190"|"55368"
"55000"|"55369"
"55500"|"55370"
"55500"|"55371"
"55500"|"55372"
"55500"|"55373"
"55500"|"55374"
"55270"|"55375"
"55500"|"55376"
"55700"|"55377"
"55800"|"55378"
"55120"|"55379"
"55260"|"55380"
"55140"|"55381"
"55800"|"55382"
"55120"|"55383"
"55260"|"55384"
"55120"|"55385"
"55210"|"55386"
"55230"|"55387"
"55800"|"55388"
"55250"|"55389"
"55700"|"55391"
"55150"|"55394"
"55220"|"55395"
"55190"|"55396"
"55140"|"55397"
"55190"|"55398"
"55160"|"55399"
"55400"|"55400"
"55300"|"55401"
"55150"|"55403"
"55260"|"55404"
"55230"|"55405"
"55160"|"55406"
"55200"|"55407"
"55700"|"55408"
"55250"|"55409"
"55600"|"55410"
"55220"|"55411"
"55300"|"55412"
"55800"|"55414"
"55300"|"55415"
"55120"|"55416"
"55120"|"55419"
"55220"|"55420"
"55190"|"55421"
"55110"|"55422"
"55250"|"55423"
"55800"|"55424"
"55600"|"55425"
"55000"|"55426"
"55800"|"55427"
"55150"|"55428"
"55160"|"55429"
"55290"|"55430"
"55300"|"55431"
"55140"|"55433"
"55140"|"55434"
"55000"|"55435"
"55130"|"55436"
"55150"|"55437"
"55110"|"55438"
"55160"|"55439"
"55260"|"55442"
"55400"|"55443"
"55300"|"55444"
"55230"|"55445"
"55000"|"55446"
"55170"|"55447"
"55260"|"55448"
"55320"|"55449"
"55150"|"55450"
"55500"|"55452"
"55220"|"55453"
"55500"|"55454"
"55140"|"55456"
"55160"|"55457"
"55400"|"55458"
"55130"|"55459"
"55200"|"55460"
"55150"|"55461"
"55210"|"55462"
"55300"|"55463"
"55230"|"55464"
"55160"|"55465"
"55000"|"55466"
"55300"|"55467"
"55100"|"55468"
"55110"|"55469"
"55000"|"55470"
"55110"|"55471"
"55500"|"55472"
"55160"|"55473"
"55140"|"55474"
"55190"|"55475"
"55000"|"55476"
"55170"|"55477"
"55000"|"55479"
"55230"|"55481"
"55220"|"55482"
"55270"|"55484"
"55140"|"55485"
"55300"|"55487"
"55000"|"55488"
"55100"|"55489"
"55110"|"55490"
"55320"|"55492"
"55800"|"55493"
"55170"|"55494"
"55230"|"55495"
"55190"|"55496"
"55220"|"55497"
"55220"|"55498"
"55230"|"55500"
"55500"|"55501"
"55700"|"55502"
"55140"|"55503"
"55000"|"55504"
"55840"|"55505"
"55260"|"55506"
"55210"|"55507"
"55600"|"55508"
"55600"|"55509"
"55600"|"55510"
"55600"|"55511"
"55220"|"55512"
"55000"|"55514"
"55160"|"55515"
"55130"|"55516"
"55250"|"55517"
"55500"|"55518"
"55310"|"55519"
"55190"|"55520"
"55300"|"55521"
"55140"|"55522"
"55100"|"55523"
"55220"|"55525"
"55200"|"55526"
"55270"|"55527"
"55300"|"55528"
"55300"|"55530"
"55800"|"55531"
"55250"|"55532"
"55140"|"55533"
"55130"|"55534"
"55230"|"55535"
"55270"|"55536"
"55400"|"55537"
"55300"|"55540"
"55000"|"55541"
"55500"|"55543"
"55600"|"55544"
"55100"|"55545"
"55600"|"55546"
"55600"|"55547"
"55270"|"55549"
"55210"|"55551"
"55600"|"55552"
"55200"|"55553"
"55600"|"55554"
"55260"|"55555"
"55150"|"55556"
"55160"|"55557"
"55190"|"55559"
"55800"|"55560"
"55110"|"55561"
"55500"|"55562"
"55150"|"55563"
"55160"|"55565"
"55220"|"55566"
"55120"|"55567"
"55000"|"55568"
"55250"|"55569"
"55260"|"55570"
"55110"|"55571"
"55150"|"55572"
"55190"|"55573"
"55130"|"55574"
"55130"|"55575"
"55250"|"55577"
"55400"|"55578"
"55160"|"55579"
"55150"|"55580"
"55500"|"55581"
"55700"|"55582"
"55210"|"55583"
"55300"|"55584"
"55300"|"55586"
"56350"|"56001"
"56190"|"56002"
"56610"|"56003"
"56190"|"56004"
"56640"|"56005"
"56800"|"56006"
"56400"|"56007"
"56870"|"56008"
"56360"|"56009"
"56150"|"56010"
"56350"|"56011"
"56380"|"56012"
"56550"|"56013"
"56240"|"56014"
"56230"|"56015"
"56310"|"56016"
"56500"|"56017"
"56190"|"56018"
"56420"|"56019"
"56140"|"56020"
"56700"|"56021"
"56390"|"56022"
"56400"|"56023"
"56580"|"56024"
"56430"|"56025"
"56310"|"56026"
"56420"|"56027"
"56220"|"56028"
"56240"|"56029"
"56130"|"56030"
"56330"|"56031"
"56800"|"56032"
"56910"|"56033"
"56340"|"56034"
"56140"|"56035"
"56850"|"56036"
"56460"|"56037"
"56200"|"56038"
"56500"|"56039"
"56620"|"56040"
"56480"|"56041"
"56390"|"56042"
"56430"|"56043"
"56200"|"56044"
"56230"|"56045"
"56950"|"56046"
"56580"|"56047"
"56540"|"56048"
"56920"|"56049"
"56120"|"56050"
"56420"|"56051"
"56750"|"56052"
"56250"|"56053"
"56410"|"56054"
"56410"|"56055"
"56490"|"56056"
"56320"|"56057"
"56130"|"56058"
"56120"|"56059"
"56200"|"56060"
"56200"|"56061"
"56680"|"56062"
"56530"|"56063"
"56200"|"56064"
"56800"|"56065"
"56110"|"56066"
"56390"|"56067"
"56120"|"56068"
"56590"|"56069"
"56120"|"56070"
"56420"|"56071"
"56920"|"56072"
"56160"|"56073"
"56150"|"56074"
"56380"|"56075"
"56310"|"56076"
"56190"|"56077"
"56520"|"56078"
"56800"|"56079"
"56490"|"56080"
"56560"|"56081"
"56120"|"56082"
"56700"|"56083"
"56450"|"56084"
"56170"|"56085"
"56170"|"56086"
"56780"|"56087"
"56840"|"56088"
"56240"|"56089"
"56650"|"56090"
"56120"|"56091"
"56920"|"56092"
"56300"|"56093"
"56700"|"56094"
"56690"|"56096"
"56690"|"56097"
"56600"|"56098"
"56160"|"56099"
"56630"|"56100"
"56440"|"56101"
"56120"|"56102"
"56120"|"56103"
"56240"|"56104"
"56320"|"56105"
"56870"|"56106"
"56260"|"56107"
"56230"|"56108"
"56190"|"56109"
"56160"|"56110"
"56220"|"56111"
"56460"|"56112"
"56160"|"56113"
"56360"|"56114"
"56390"|"56115"
"56740"|"56116"
"56500"|"56117"
"56570"|"56118"
"56550"|"56119"
"56390"|"56120"
"56100"|"56121"
"56800"|"56122"
"56220"|"56123"
"56140"|"56124"
"56300"|"56125"
"56130"|"56126"
"56430"|"56127"
"56310"|"56128"
"56490"|"56129"
"56700"|"56130"
"56320"|"56131"
"56890"|"56132"
"56140"|"56133"
"56490"|"56134"
"56230"|"56135"
"56380"|"56136"
"56250"|"56137"
"56800"|"56138"
"56800"|"56139"
"56500"|"56140"
"56500"|"56141"
"56500"|"56142"
"56190"|"56143"
"56500"|"56144"
"56430"|"56145"
"56300"|"56146"
"56130"|"56147"
"56690"|"56148"
"56190"|"56149"
"56450"|"56150"
"56920"|"56151"
"56360"|"56152"
"56130"|"56153"
"56220"|"56154"
"56760"|"56155"
"56160"|"56156"
"56420"|"56157"
"56890"|"56158"
"56140"|"56159"
"56120"|"56160"
"56400"|"56161"
"56270"|"56162"
"56160"|"56163"
"56880"|"56164"
"56800"|"56165"
"56240"|"56166"
"56400"|"56167"
"56340"|"56168"
"56680"|"56169"
"56770"|"56170"
"56220"|"56171"
"56420"|"56172"
"56930"|"56173"
"56500"|"56174"
"56400"|"56175"
"56400"|"56176"
"56330"|"56177"
"56300"|"56178"
"56620"|"56179"
"56380"|"56180"
"56290"|"56181"
"56320"|"56182"
"56910"|"56183"
"56230"|"56184"
"56530"|"56185"
"56170"|"56186"
"56800"|"56187"
"56310"|"56188"
"56500"|"56189"
"56500"|"56190"
"56140"|"56191"
"56500"|"56192"
"56670"|"56193"
"56350"|"56194"
"56130"|"56195"
"56220"|"56196"
"56460"|"56197"
"56580"|"56198"
"56110"|"56199"
"56140"|"56200"
"56110"|"56201"
"56140"|"56202"
"56480"|"56203"
"56500"|"56204"
"56450"|"56205"
"56890"|"56206"
"56150"|"56207"
"56430"|"56208"
"56480"|"56209"
"56540"|"56210"
"56140"|"56211"
"56130"|"56212"
"56920"|"56213"
"56730"|"56214"
"56920"|"56215"
"56350"|"56216"
"56220"|"56218"
"56460"|"56219"
"56700"|"56220"
"56220"|"56221"
"56660"|"56222"
"56350"|"56223"
"56140"|"56224"
"56430"|"56225"
"56380"|"56226"
"56490"|"56227"
"56140"|"56228"
"56200"|"56229"
"56910"|"56230"
"56250"|"56231"
"56350"|"56232"
"56470"|"56233"
"56510"|"56234"
"56120"|"56236"
"56300"|"56237"
"56540"|"56238"
"56350"|"56239"
"56370"|"56240"
"56360"|"56241"
"56160"|"56242"
"56860"|"56243"
"56460"|"56244"
"56480"|"56245"
"56300"|"56246"
"56250"|"56247"
"56450"|"56248"
"56800"|"56249"
"56130"|"56250"
"56450"|"56251"
"56370"|"56252"
"56140"|"56253"
"56250"|"56254"
"56250"|"56255"
"56430"|"56256"
"56490"|"56257"
"56470"|"56258"
"56190"|"56259"
"56000"|"56260"
"56250"|"56261"
"56400"|"56262"
"56400"|"56263"
"56540"|"56264"
"57920"|"57001"
"57590"|"57002"
"57560"|"57003"
"57340"|"57004"
"57412"|"57006"
"57580"|"57007"
"57380"|"57008"
"57590"|"57009"
"57590"|"57010"
"57670"|"57011"
"57440"|"57012"
"57515"|"57013"
"57660"|"57014"
"57730"|"57015"
"57320"|"57016"
"57865"|"57017"
"57170"|"57018"
"57360"|"57019"
"57580"|"57020"
"57130"|"57021"
"57440"|"57022"
"57640"|"57024"
"57320"|"57025"
"57480"|"57026"
"57380"|"57027"
"57640"|"57028"
"57580"|"57029"
"57680"|"57030"
"57530"|"57031"
"57130"|"57032"
"57405"|"57033"
"57790"|"57034"
"57260"|"57035"
"57170"|"57036"
"57580"|"57037"
"57390"|"57038"
"57685"|"57039"
"57590"|"57040"
"57710"|"57041"
"57810"|"57042"
"57300"|"57043"
"57810"|"57044"
"57590"|"57045"
"57230"|"57046"
"57690"|"57047"
"57220"|"57048"
"57050"|"57049"
"57830"|"57050"
"57340"|"57051"
"57450"|"57052"
"57260"|"57053"
"57580"|"57054"
"57530"|"57055"
"57830"|"57056"
"57580"|"57057"
"57460"|"57058"
"57340"|"57059"
"57670"|"57060"
"57800"|"57061"
"57570"|"57062"
"57660"|"57063"
"57370"|"57064"
"57340"|"57065"
"57930"|"57066"
"57310"|"57067"
"57550"|"57069"
"57220"|"57070"
"57930"|"57071"
"57640"|"57072"
"57800"|"57073"
"57410"|"57074"
"57580"|"57075"
"57570"|"57076"
"57630"|"57077"
"57320"|"57079"
"57635"|"57080"
"57260"|"57081"
"57660"|"57082"
"57410"|"57083"
"57170"|"57084"
"57220"|"57085"
"57930"|"57086"
"57220"|"57087"
"57660"|"57088"
"57230"|"57089"
"57260"|"57090"
"57200"|"57091"
"57200"|"57092"
"57200"|"57093"
"57220"|"57095"
"57655"|"57096"
"57220"|"57097"
"57260"|"57098"
"57810"|"57099"
"57370"|"57100"
"57460"|"57101"
"57310"|"57102"
"57230"|"57103"
"57570"|"57104"
"57380"|"57105"
"57320"|"57106"
"57340"|"57107"
"57720"|"57108"
"57570"|"57109"
"57320"|"57110"
"57535"|"57111"
"57220"|"57112"
"57565"|"57113"
"57635"|"57114"
"57340"|"57115"
"57420"|"57116"
"57920"|"57117"
"57970"|"57118"
"57400"|"57119"
"57170"|"57120"
"57220"|"57121"
"57450"|"57122"
"57490"|"57123"
"57570"|"57124"
"57365"|"57125"
"57170"|"57126"
"57580"|"57127"
"57220"|"57128"
"57640"|"57129"
"57340"|"57130"
"57320"|"57131"
"57170"|"57132"
"57170"|"57133"
"57160"|"57134"
"57320"|"57136"
"57420"|"57137"
"57580"|"57138"
"57420"|"57139"
"57245"|"57140"
"57590"|"57141"
"57070"|"57142"
"57185"|"57143"
"57800"|"57144"
"57530"|"57145"
"57420"|"57146"
"57420"|"57147"
"57530"|"57148"
"57320"|"57149"
"57220"|"57150"
"57340"|"57151"
"57480"|"57152"
"57680"|"57153"
"57220"|"57154"
"57530"|"57155"
"57530"|"57156"
"57590"|"57158"
"57690"|"57159"
"57150"|"57160"
"57260"|"57161"
"57420"|"57162"
"57850"|"57163"
"57550"|"57165"
"57340"|"57166"
"57320"|"57167"
"57370"|"57168"
"57820"|"57169"
"57590"|"57171"
"57220"|"57172"
"57260"|"57173"
"57340"|"57174"
"57830"|"57175"
"57980"|"57176"
"57260"|"57177"
"57660"|"57178"
"57925"|"57179"
"57400"|"57180"
"57260"|"57181"
"57590"|"57182"
"57810"|"57183"
"57130"|"57184"
"57320"|"57186"
"57220"|"57187"
"57230"|"57188"
"57340"|"57189"
"57690"|"57190"
"57970"|"57191"
"57415"|"57192"
"57365"|"57193"
"57330"|"57194"
"57720"|"57195"
"57720"|"57196"
"57510"|"57197"
"57660"|"57198"
"57330"|"57199"
"57530"|"57200"
"57412"|"57201"
"57460"|"57202"
"57570"|"57203"
"57640"|"57204"
"57550"|"57205"
"57290"|"57206"
"57450"|"57207"
"57450"|"57208"
"57380"|"57209"
"57930"|"57210"
"57280"|"57211"
"57420"|"57212"
"57320"|"57213"
"57570"|"57214"
"57320"|"57215"
"57635"|"57216"
"57690"|"57217"
"57420"|"57218"
"57365"|"57219"
"57580"|"57220"
"57190"|"57221"
"57600"|"57222"
"57730"|"57224"
"57590"|"57225"
"57650"|"57226"
"57600"|"57227"
"57590"|"57228"
"57830"|"57229"
"57220"|"57230"
"57420"|"57231"
"57670"|"57232"
"57790"|"57233"
"57200"|"57234"
"57320"|"57235"
"57590"|"57236"
"57660"|"57237"
"57170"|"57238"
"57660"|"57239"
"57800"|"57240"
"57810"|"57241"
"57175"|"57242"
"57820"|"57244"
"57570"|"57245"
"57260"|"57246"
"57170"|"57247"
"57670"|"57248"
"57530"|"57249"
"57620"|"57250"
"57420"|"57251"
"57220"|"57252"
"57815"|"57253"
"57680"|"57254"
"57930"|"57255"
"57130"|"57256"
"57170"|"57257"
"57660"|"57258"
"57480"|"57259"
"57520"|"57260"
"57410"|"57261"
"57660"|"57262"
"57510"|"57263"
"57510"|"57264"
"57260"|"57265"
"57260"|"57266"
"57430"|"57267"
"57260"|"57268"
"57310"|"57269"
"57260"|"57270"
"57470"|"57271"
"57260"|"57272"
"57320"|"57273"
"57880"|"57274"
"57380"|"57275"
"57690"|"57276"
"57220"|"57277"
"57670"|"57278"
"57405"|"57280"
"57340"|"57281"
"57570"|"57282"
"57300"|"57283"
"57690"|"57284"
"57480"|"57286"
"57970"|"57287"
"57880"|"57288"
"57910"|"57289"
"57170"|"57290"
"57370"|"57291"
"57590"|"57292"
"57580"|"57293"
"57230"|"57294"
"57630"|"57295"
"57550"|"57296"
"57340"|"57297"
"57870"|"57298"
"57870"|"57299"
"57850"|"57300"
"57230"|"57301"
"57790"|"57302"
"57280"|"57303"
"57400"|"57304"
"57650"|"57305"
"57700"|"57306"
"57530"|"57307"
"57430"|"57308"
"57320"|"57309"
"57930"|"57310"
"57660"|"57311"
"57220"|"57312"
"57690"|"57313"
"57830"|"57314"
"57820"|"57315"
"57450"|"57316"
"57635"|"57317"
"57790"|"57318"
"57580"|"57319"
"57830"|"57320"
"57400"|"57321"
"57320"|"57322"
"57330"|"57323"
"57400"|"57324"
"57510"|"57325"
"57220"|"57326"
"57380"|"57328"
"57220"|"57329"
"57510"|"57330"
"57920"|"57331"
"57470"|"57332"
"57405"|"57333"
"57870"|"57334"
"57670"|"57335"
"57490"|"57336"
"57510"|"57337"
"57720"|"57338"
"57820"|"57339"
"57990"|"57340"
"57480"|"57341"
"57830"|"57342"
"57970"|"57343"
"57400"|"57344"
"57970"|"57345"
"57670"|"57346"
"57670"|"57347"
"57990"|"57348"
"57590"|"57349"
"57130"|"57350"
"57245"|"57351"
"57130"|"57352"
"57630"|"57353"
"57590"|"57354"
"57412"|"57355"
"57330"|"57356"
"57430"|"57357"
"57920"|"57358"
"57920"|"57359"
"57460"|"57360"
"57480"|"57361"
"57830"|"57362"
"57480"|"57364"
"57480"|"57365"
"57430"|"57366"
"57920"|"57367"
"57240"|"57368"
"57970"|"57370"
"57480"|"57371"
"57970"|"57372"
"57730"|"57373"
"57560"|"57374"
"57810"|"57375"
"57410"|"57376"
"57830"|"57377"
"57340"|"57379"
"57790"|"57380"
"57590"|"57381"
"57400"|"57382"
"57810"|"57383"
"57660"|"57384"
"57530"|"57385"
"57385"|"57386"
"57480"|"57387"
"57480"|"57388"
"57660"|"57389"
"57620"|"57390"
"57590"|"57391"
"57580"|"57392"
"57720"|"57393"
"57670"|"57394"
"57580"|"57395"
"57160"|"57396"
"57810"|"57397"
"57660"|"57398"
"57630"|"57399"
"57340"|"57401"
"57230"|"57402"
"57420"|"57403"
"57260"|"57404"
"57260"|"57405"
"57590"|"57406"
"57635"|"57407"
"57520"|"57408"
"57660"|"57409"
"57670"|"57410"
"57650"|"57411"
"57050"|"57412"
"57740"|"57413"
"57790"|"57414"
"57050"|"57415"
"57420"|"57416"
"57670"|"57417"
"57670"|"57418"
"57510"|"57419"
"57720"|"57421"
"57420"|"57422"
"57170"|"57423"
"57590"|"57424"
"57580"|"57425"
"57935"|"57426"
"57820"|"57427"
"57730"|"57428"
"57380"|"57430"
"57530"|"57431"
"57530"|"57432"
"57280"|"57433"
"57810"|"57434"
"57590"|"57436"
"57480"|"57437"
"57640"|"57438"
"57480"|"57439"
"57590"|"57440"
"57100"|"57441"
"57380"|"57442"
"57535"|"57443"
"57690"|"57444"
"57420"|"57445"
"57670"|"57446"
"57155"|"57447"
"57630"|"57448"
"57530"|"57449"
"57340"|"57451"
"57140"|"57452"
"57660"|"57453"
"57245"|"57454"
"57220"|"57455"
"57960"|"57456"
"57320"|"57457"
"57480"|"57459"
"57550"|"57460"
"57560"|"57461"
"57370"|"57462"
"57000"|"57463"
"57920"|"57464"
"57940"|"57465"
"57980"|"57466"
"57070"|"57467"
"57370"|"57468"
"57930"|"57469"
"57670"|"57470"
"57220"|"57471"
"57420"|"57472"
"57810"|"57473"
"57300"|"57474"
"57570"|"57475"
"57920"|"57476"
"57415"|"57477"
"57670"|"57478"
"57480"|"57479"
"57950"|"57480"
"57860"|"57481"
"57645"|"57482"
"57340"|"57483"
"57600"|"57484"
"57170"|"57485"
"57590"|"57486"
"57160"|"57487"
"57770"|"57488"
"57620"|"57489"
"57630"|"57490"
"57250"|"57491"
"57250"|"57492"
"57260"|"57493"
"57670"|"57494"
"57220"|"57495"
"57670"|"57496"
"57670"|"57497"
"57700"|"57498"
"57910"|"57499"
"57830"|"57500"
"57670"|"57501"
"57320"|"57502"
"57560"|"57504"
"57565"|"57505"
"57930"|"57506"
"57220"|"57507"
"57240"|"57508"
"57790"|"57509"
"57645"|"57510"
"57140"|"57511"
"57645"|"57512"
"57720"|"57513"
"57990"|"57514"
"57680"|"57515"
"57320"|"57516"
"57720"|"57517"
"57930"|"57518"
"57220"|"57519"
"57170"|"57520"
"57600"|"57521"
"57530"|"57523"
"57810"|"57524"
"57590"|"57525"
"57720"|"57526"
"57420"|"57527"
"57590"|"57528"
"57840"|"57529"
"57220"|"57530"
"57970"|"57531"
"57420"|"57532"
"57530"|"57533"
"57245"|"57534"
"57410"|"57535"
"57660"|"57536"
"57540"|"57537"
"57170"|"57538"
"57340"|"57539"
"57370"|"57540"
"57230"|"57541"
"57220"|"57542"
"57120"|"57543"
"57870"|"57544"
"57050"|"57545"
"57140"|"57546"
"57420"|"57547"
"57420"|"57548"
"57380"|"57549"
"57890"|"57550"
"57930"|"57551"
"57420"|"57552"
"57420"|"57553"
"57420"|"57554"
"57590"|"57555"
"57510"|"57556"
"57570"|"57557"
"57170"|"57558"
"57590"|"57559"
"57340"|"57560"
"57410"|"57561"
"57700"|"57562"
"57530"|"57563"
"57810"|"57564"
"57390"|"57565"
"57445"|"57566"
"57320"|"57567"
"57200"|"57568"
"57480"|"57569"
"57550"|"57570"
"57510"|"57571"
"57580"|"57572"
"57670"|"57573"
"57570"|"57574"
"57645"|"57575"
"57480"|"57576"
"57230"|"57577"
"57130"|"57578"
"57810"|"57579"
"57340"|"57580"
"57510"|"57581"
"57270"|"57582"
"57830"|"57583"
"57720"|"57584"
"57480"|"57585"
"57840"|"57586"
"57340"|"57587"
"57570"|"57588"
"57410"|"57589"
"57720"|"57590"
"57120"|"57591"
"57930"|"57592"
"57860"|"57593"
"57230"|"57594"
"57260"|"57595"
"57800"|"57596"
"57780"|"57597"
"57520"|"57598"
"57220"|"57599"
"57330"|"57600"
"57160"|"57601"
"57310"|"57602"
"57390"|"57603"
"57480"|"57604"
"57420"|"57605"
"57500"|"57606"
"57640"|"57607"
"57580"|"57609"
"57320"|"57610"
"57830"|"57611"
"57640"|"57612"
"57930"|"57613"
"57370"|"57614"
"57510"|"57615"
"57070"|"57616"
"57420"|"57617"
"57820"|"57618"
"57620"|"57619"
"57255"|"57620"
"57260"|"57621"
"57855"|"57622"
"57560"|"57623"
"57130"|"57624"
"57170"|"57625"
"57640"|"57626"
"57530"|"57627"
"57430"|"57628"
"57400"|"57629"
"57400"|"57630"
"57200"|"57631"
"57905"|"57633"
"57140"|"57634"
"57370"|"57635"
"57412"|"57636"
"57400"|"57637"
"57350"|"57638"
"57230"|"57639"
"57320"|"57640"
"57720"|"57641"
"57160"|"57642"
"57420"|"57643"
"57455"|"57644"
"57280"|"57645"
"57290"|"57647"
"57530"|"57648"
"57640"|"57649"
"57480"|"57650"
"57410"|"57651"
"57420"|"57652"
"57420"|"57653"
"57530"|"57654"
"57420"|"57655"
"57580"|"57656"
"57170"|"57657"
"57960"|"57658"
"57350"|"57659"
"57350"|"57660"
"57230"|"57661"
"57340"|"57662"
"57525"|"57663"
"57260"|"57664"
"57980"|"57665"
"57180"|"57666"
"57220"|"57667"
"57385"|"57668"
"57450"|"57669"
"57380"|"57670"
"57580"|"57671"
"57100"|"57672"
"57380"|"57673"
"57590"|"57674"
"57670"|"57675"
"57580"|"57676"
"57300"|"57677"
"57710"|"57678"
"57385"|"57679"
"57870"|"57680"
"57320"|"57681"
"57560"|"57682"
"57270"|"57683"
"57660"|"57684"
"57670"|"57685"
"57380"|"57686"
"57340"|"57687"
"57970"|"57689"
"57730"|"57690"
"57220"|"57691"
"57340"|"57692"
"57070"|"57693"
"57070"|"57694"
"57220"|"57695"
"57880"|"57696"
"57560"|"57697"
"57580"|"57698"
"57320"|"57700"
"57130"|"57701"
"57170"|"57702"
"57370"|"57703"
"57920"|"57704"
"57220"|"57705"
"57260"|"57706"
"57130"|"57707"
"57420"|"57708"
"57370"|"57709"
"57670"|"57711"
"57630"|"57712"
"57635"|"57713"
"57690"|"57714"
"57420"|"57715"
"57640"|"57716"
"57340"|"57717"
"57530"|"57718"
"57340"|"57719"
"57550"|"57720"
"57370"|"57721"
"57130"|"57722"
"57340"|"57723"
"57185"|"57724"
"57670"|"57725"
"57580"|"57726"
"57590"|"57727"
"57580"|"57728"
"57220"|"57730"
"57330"|"57731"
"57720"|"57732"
"57940"|"57733"
"57560"|"57734"
"57640"|"57736"
"57420"|"57737"
"57720"|"57738"
"57320"|"57739"
"57480"|"57740"
"57720"|"57741"
"57870"|"57742"
"57370"|"57743"
"57200"|"57745"
"57430"|"57746"
"57635"|"57747"
"57905"|"57748"
"57320"|"57749"
"57200"|"57750"
"57140"|"57751"
"57915"|"57752"
"57170"|"57753"
"57630"|"57754"
"57590"|"57755"
"57830"|"57756"
"57970"|"57757"
"57340"|"57759"
"57905"|"57760"
"57370"|"57761"
"57690"|"57762"
"57260"|"57763"
"57330"|"57764"
"57890"|"57765"
"57970"|"57767"
"58110"|"58001"
"58200"|"58002"
"58230"|"58003"
"58110"|"58004"
"58190"|"58005"
"58270"|"58006"
"58450"|"58007"
"58800"|"58008"
"58350"|"58009"
"58430"|"58010"
"58500"|"58011"
"58310"|"58012"
"58700"|"58013"
"58700"|"58014"
"58420"|"58015"
"58190"|"58016"
"58110"|"58017"
"58700"|"58018"
"58170"|"58019"
"58300"|"58020"
"58240"|"58021"
"58130"|"58022"
"58190"|"58023"
"58110"|"58024"
"58160"|"58025"
"58420"|"58026"
"58700"|"58027"
"58270"|"58028"
"58210"|"58029"
"58110"|"58030"
"58270"|"58031"
"58500"|"58032"
"58310"|"58033"
"58120"|"58034"
"58330"|"58035"
"58310"|"58036"
"58140"|"58037"
"58460"|"58038"
"58530"|"58039"
"58110"|"58040"
"58420"|"58041"
"58400"|"58042"
"58420"|"58043"
"58440"|"58044"
"58700"|"58045"
"58340"|"58046"
"58800"|"58047"
"58220"|"58048"
"58140"|"58049"
"58420"|"58050"
"58000"|"58051"
"58420"|"58052"
"58210"|"58053"
"58700"|"58054"
"58300"|"58055"
"58400"|"58056"
"58240"|"58057"
"58210"|"58058"
"58400"|"58059"
"58300"|"58060"
"58350"|"58061"
"58120"|"58062"
"58120"|"58063"
"58350"|"58064"
"58110"|"58065"
"58120"|"58066"
"58400"|"58067"
"58120"|"58068"
"58800"|"58069"
"58700"|"58070"
"58420"|"58071"
"58160"|"58072"
"58500"|"58073"
"58170"|"58074"
"58800"|"58075"
"58110"|"58076"
"58220"|"58077"
"58270"|"58078"
"58500"|"58079"
"58800"|"58080"
"58350"|"58081"
"58120"|"58082"
"58800"|"58083"
"58210"|"58084"
"58460"|"58085"
"58200"|"58086"
"58300"|"58087"
"58660"|"58088"
"58220"|"58089"
"58210"|"58090"
"58330"|"58092"
"58210"|"58093"
"58310"|"58094"
"58300"|"58095"
"58300"|"58096"
"58340"|"58097"
"58190"|"58098"
"58120"|"58099"
"58420"|"58100"
"58350"|"58101"
"58220"|"58102"
"58530"|"58103"
"58390"|"58104"
"58160"|"58105"
"58230"|"58106"
"58110"|"58107"
"58140"|"58108"
"58410"|"58109"
"58800"|"58110"
"58430"|"58111"
"58160"|"58112"
"58270"|"58113"
"58170"|"58114"
"58240"|"58115"
"58190"|"58116"
"58600"|"58117"
"58250"|"58118"
"58270"|"58119"
"58140"|"58120"
"58600"|"58121"
"58150"|"58122"
"58800"|"58123"
"58320"|"58124"
"58230"|"58125"
"58470"|"58126"
"58700"|"58127"
"58370"|"58128"
"58230"|"58129"
"58420"|"58130"
"58130"|"58131"
"58420"|"58132"
"58800"|"58133"
"58160"|"58134"
"58290"|"58135"
"58330"|"58136"
"58300"|"58137"
"58240"|"58138"
"58250"|"58139"
"58370"|"58140"
"58230"|"58141"
"58290"|"58142"
"58270"|"58143"
"58240"|"58144"
"58140"|"58145"
"58380"|"58146"
"58700"|"58147"
"58240"|"58148"
"58170"|"58149"
"58190"|"58150"
"58260"|"58151"
"58470"|"58152"
"58800"|"58153"
"58190"|"58154"
"58400"|"58155"
"58210"|"58156"
"58140"|"58157"
"58240"|"58158"
"58800"|"58159"
"58180"|"58160"
"58290"|"58161"
"58410"|"58162"
"58210"|"58163"
"58400"|"58164"
"58190"|"58165"
"58140"|"58166"
"58420"|"58167"
"58170"|"58168"
"58190"|"58169"
"58190"|"58170"
"58110"|"58171"
"58250"|"58172"
"58250"|"58173"
"58700"|"58174"
"58110"|"58175"
"58130"|"58176"
"58120"|"58177"
"58340"|"58178"
"58800"|"58179"
"58230"|"58180"
"58420"|"58181"
"58290"|"58182"
"58800"|"58183"
"58700"|"58184"
"58230"|"58185"
"58700"|"58186"
"58440"|"58187"
"58350"|"58188"
"58400"|"58189"
"58190"|"58190"
"58420"|"58191"
"58300"|"58192"
"58450"|"58193"
"58000"|"58194"
"58250"|"58195"
"58700"|"58196"
"58190"|"58197"
"58500"|"58198"
"58370"|"58199"
"58500"|"58200"
"58210"|"58201"
"58110"|"58202"
"58700"|"58203"
"58130"|"58204"
"58230"|"58205"
"58210"|"58206"
"58320"|"58207"
"58800"|"58208"
"58220"|"58209"
"58230"|"58210"
"58170"|"58211"
"58130"|"58212"
"58200"|"58213"
"58320"|"58214"
"58150"|"58215"
"58140"|"58216"
"58500"|"58217"
"58700"|"58218"
"58360"|"58219"
"58400"|"58220"
"58250"|"58221"
"58500"|"58222"
"58110"|"58223"
"58190"|"58224"
"58470"|"58225"
"58230"|"58226"
"58310"|"58227"
"58150"|"58228"
"58140"|"58229"
"58190"|"58230"
"58130"|"58231"
"58270"|"58232"
"58330"|"58233"
"58700"|"58234"
"58230"|"58235"
"58220"|"58236"
"58190"|"58237"
"58000"|"58238"
"58270"|"58239"
"58330"|"58240"
"58300"|"58241"
"58210"|"58242"
"58340"|"58243"
"58120"|"58244"
"58300"|"58245"
"58360"|"58246"
"58270"|"58247"
"58150"|"58248"
"58120"|"58249"
"58300"|"58250"
"58200"|"58251"
"58350"|"58252"
"58330"|"58253"
"58130"|"58254"
"58140"|"58255"
"58150"|"58256"
"58330"|"58257"
"58160"|"58258"
"58300"|"58259"
"58490"|"58260"
"58200"|"58261"
"58110"|"58262"
"58210"|"58263"
"58240"|"58264"
"58150"|"58265"
"58420"|"58266"
"58330"|"58267"
"58250"|"58268"
"58270"|"58269"
"58310"|"58270"
"58190"|"58271"
"58800"|"58272"
"58160"|"58273"
"58170"|"58274"
"58330"|"58275"
"58360"|"58276"
"58290"|"58277"
"58000"|"58278"
"58700"|"58279"
"58300"|"58280"
"58150"|"58281"
"58500"|"58282"
"58420"|"58283"
"58190"|"58284"
"58110"|"58285"
"58190"|"58286"
"58170"|"58287"
"58190"|"58288"
"58250"|"58289"
"58250"|"58290"
"58260"|"58291"
"58110"|"58292"
"58300"|"58293"
"58240"|"58294"
"58150"|"58295"
"58240"|"58296"
"58260"|"58297"
"58400"|"58298"
"58460"|"58299"
"58130"|"58300"
"58290"|"58301"
"58400"|"58302"
"58640"|"58303"
"58210"|"58304"
"58140"|"58305"
"58300"|"58306"
"58150"|"58307"
"58190"|"58308"
"58370"|"58309"
"58210"|"58310"
"58270"|"58311"
"58500"|"58312"
"58420"|"58313"
"59268"|"59001"
"59215"|"59002"
"59149"|"59003"
"59310"|"59004"
"59251"|"59005"
"59144"|"59006"
"59194"|"59007"
"59580"|"59008"
"59491"|"59009"
"59400"|"59010"
"59112"|"59011"
"59186"|"59012"
"59152"|"59013"
"59410"|"59014"
"59151"|"59015"
"59380"|"59016"
"59280"|"59017"
"59285"|"59018"
"59269"|"59019"
"59600"|"59021"
"59551"|"59022"
"59265"|"59023"
"59165"|"59024"
"59249"|"59025"
"59265"|"59026"
"59494"|"59027"
"59950"|"59028"
"59310"|"59029"
"59570"|"59031"
"59300"|"59032"
"59620"|"59033"
"59710"|"59034"
"59440"|"59035"
"59440"|"59036"
"59129"|"59037"
"59296"|"59038"
"59400"|"59039"
"59138"|"59041"
"59830"|"59042"
"59270"|"59043"
"59780"|"59044"
"59132"|"59045"
"59470"|"59046"
"59266"|"59047"
"59554"|"59048"
"59266"|"59049"
"59440"|"59050"
"59480"|"59051"
"59221"|"59052"
"59570"|"59053"
"59670"|"59054"
"59360"|"59055"
"59134"|"59056"
"59530"|"59057"
"59330"|"59058"
"59540"|"59059"
"59730"|"59060"
"59550"|"59061"
"59740"|"59062"
"59157"|"59063"
"59135"|"59064"
"59570"|"59065"
"59740"|"59066"
"59380"|"59067"
"59145"|"59068"
"59213"|"59069"
"59570"|"59070"
"59235"|"59071"
"59600"|"59072"
"59270"|"59073"
"59980"|"59074"
"59540"|"59075"
"59600"|"59076"
"59570"|"59077"
"59216"|"59078"
"59192"|"59079"
"59310"|"59080"
"59217"|"59081"
"59380"|"59082"
"59380"|"59083"
"59173"|"59084"
"59268"|"59085"
"59299"|"59086"
"59189"|"59087"
"59280"|"59088"
"59470"|"59089"
"59910"|"59090"
"59190"|"59091"
"59111"|"59092"
"59440"|"59093"
"59630"|"59094"
"59830"|"59096"
"62147"|"59097"
"59166"|"59098"
"59222"|"59099"
"59178"|"59100"
"59149"|"59101"
"59217"|"59102"
"59330"|"59103"
"59168"|"59104"
"59870"|"59105"
"59830"|"59106"
"59123"|"59107"
"59730"|"59108"
"59178"|"59109"
"59630"|"59110"
"59470"|"59111"
"59860"|"59112"
"59490"|"59113"
"59199"|"59114"
"59151"|"59115"
"59144"|"59116"
"59151"|"59117"
"59137"|"59118"
"59285"|"59119"
"59190"|"59120"
"59161"|"59121"
"59400"|"59122"
"59133"|"59123"
"59780"|"59124"
"59267"|"59125"
"59169"|"59126"
"59213"|"59127"
"59160"|"59128"
"59242"|"59129"
"59630"|"59130"
"59180"|"59131"
"59217"|"59132"
"59112"|"59133"
"59244"|"59134"
"59670"|"59135"
"59360"|"59136"
"59360"|"59137"
"59217"|"59138"
"59540"|"59139"
"59191"|"59140"
"59400"|"59141"
"59680"|"59142"
"59930"|"59143"
"59230"|"59144"
"59147"|"59145"
"59152"|"59146"
"59740"|"59147"
"59740"|"59148"
"59225"|"59149"
"59830"|"59150"
"59680"|"59151"
"59560"|"59152"
"59163"|"59153"
"59380"|"59154"
"59210"|"59155"
"59552"|"59156"
"59149"|"59157"
"59310"|"59158"
"59279"|"59159"
"59154"|"59160"
"59258"|"59161"
"59380"|"59162"
"59170"|"59163"
"59222"|"59164"
"59553"|"59165"
"59990"|"59166"
"59268"|"59167"
"59830"|"59168"
"59680"|"59169"
"59187"|"59170"
"59127"|"59171"
"59220"|"59172"
"59890"|"59173"
"59740"|"59174"
"59216"|"59175"
"62147"|"59176"
"59440"|"59177"
"59500"|"59178"
"59282"|"59179"
"59940"|"59180"
"59440"|"59181"
"59630"|"59182"
"59140"|"59183"
"59173"|"59184"
"59176"|"59185"
"59740"|"59186"
"59330"|"59187"
"59620"|"59188"
"59114"|"59189"
"59600"|"59190"
"59127"|"59191"
"59580"|"59192"
"59320"|"59193"
"59530"|"59194"
"59320"|"59195"
"59320"|"59196"
"59710"|"59197"
"59132"|"59198"
"59169"|"59199"
"59470"|"59200"
"59320"|"59201"
"59193"|"59202"
"59171"|"59203"
"59213"|"59204"
"59124"|"59205"
"59161"|"59206"
"59278"|"59207"
"59320"|"59208"
"59127"|"59209"
"59470"|"59210"
"59553"|"59211"
"59940"|"59212"
"59400"|"59213"
"59151"|"59214"
"59990"|"59215"
"59161"|"59216"
"59144"|"59217"
"59219"|"59218"
"59295"|"59219"
"59155"|"59220"
"59300"|"59221"
"59310"|"59222"
"59550"|"59223"
"59247"|"59224"
"59750"|"59225"
"59740"|"59226"
"59179"|"59227"
"59169"|"59228"
"59610"|"59229"
"59680"|"59230"
"59680"|"59231"
"59570"|"59232"
"59440"|"59233"
"59128"|"59234"
"59267"|"59236"
"59270"|"59237"
"59158"|"59238"
"59148"|"59239"
"59440"|"59240"
"59219"|"59241"
"59550"|"59242"
"59157"|"59243"
"59400"|"59244"
"59222"|"59246"
"59510"|"59247"
"59610"|"59249"
"59134"|"59250"
"59530"|"59251"
"59236"|"59252"
"59970"|"59253"
"59234"|"59254"
"59268"|"59255"
"59273"|"59256"
"59249"|"59257"
"59242"|"59258"
"59530"|"59259"
"59254"|"59260"
"59132"|"59261"
"59270"|"59262"
"59169"|"59263"
"59600"|"59264"
"59144"|"59265"
"59147"|"59266"
"59231"|"59267"
"59253"|"59268"
"59231"|"59269"
"59244"|"59270"
"59760"|"59271"
"59153"|"59272"
"59820"|"59273"
"59360"|"59274"
"59152"|"59275"
"59287"|"59276"
"59570"|"59277"
"59320"|"59278"
"59250"|"59279"
"59151"|"59280"
"59496"|"59281"
"59670"|"59282"
"59138"|"59283"
"59178"|"59284"
"59198"|"59285"
"59320"|"59286"
"59191"|"59287"
"59121"|"59288"
"59294"|"59289"
"59440"|"59290"
"59330"|"59291"
"59255"|"59292"
"59660"|"59293"
"59268"|"59294"
"59190"|"59295"
"59530"|"59296"
"59171"|"59297"
"59510"|"59299"
"59247"|"59300"
"59199"|"59301"
"59195"|"59302"
"59134"|"59303"
"59147"|"59304"
"59470"|"59305"
"59740"|"59306"
"59143"|"59307"
"59190"|"59308"
"59122"|"59309"
"59570"|"59310"
"59980"|"59311"
"59266"|"59312"
"59111"|"59313"
"59171"|"59314"
"59570"|"59315"
"59263"|"59316"
"59116"|"59317"
"59470"|"59318"
"59492"|"59319"
"59480"|"59320"
"59540"|"59321"
"59141"|"59322"
"59144"|"59323"
"59460"|"59324"
"59530"|"59325"
"59122"|"59326"
"59167"|"59327"
"59130"|"59328"
"59552"|"59329"
"59310"|"59330"
"59550"|"59331"
"59390"|"59332"
"59219"|"59333"
"59553"|"59334"
"59226"|"59335"
"59259"|"59336"
"59143"|"59337"
"59470"|"59338"
"59115"|"59339"
"59495"|"59340"
"59258"|"59341"
"59740"|"59342"
"59810"|"59343"
"59620"|"59344"
"59287"|"59345"
"59260"|"59346"
"59740"|"59347"
"59111"|"59348"
"59191"|"59349"
"59000"|"59350"
"59330"|"59351"
"59126"|"59352"
"59530"|"59353"
"59182"|"59354"
"59840"|"59356"
"59570"|"59357"
"59630"|"59358"
"59279"|"59359"
"59120"|"59360"
"59156"|"59361"
"59530"|"59363"
"59830"|"59364"
"59720"|"59365"
"59173"|"59366"
"59390"|"59367"
"59110"|"59368"
"59233"|"59369"
"59600"|"59370"
"59134"|"59371"
"59127"|"59372"
"59440"|"59374"
"59870"|"59375"
"59159"|"59377"
"59700"|"59378"
"59252"|"59379"
"59990"|"59381"
"59238"|"59382"
"59770"|"59383"
"59550"|"59384"
"59164"|"59385"
"59520"|"59386"
"59252"|"59387"
"59274"|"59388"
"59241"|"59389"
"59176"|"59390"
"59172"|"59391"
"59600"|"59392"
"59158"|"59393"
"59980"|"59394"
"59360"|"59395"
"59570"|"59396"
"59470"|"59397"
"59710"|"59398"
"59270"|"59399"
"59660"|"59400"
"59270"|"59401"
"59143"|"59402"
"59178"|"59403"
"59122"|"59404"
"62147"|"59405"
"59620"|"59406"
"59224"|"59407"
"59283"|"59408"
"59234"|"59409"
"59370"|"59410"
"59246"|"59411"
"59360"|"59412"
"59225"|"59413"
"59182"|"59414"
"59227"|"59415"
"59190"|"59416"
"59158"|"59418"
"59310"|"59419"
"59132"|"59420"
"59420"|"59421"
"59161"|"59422"
"59940"|"59423"
"59330"|"59424"
"59218"|"59425"
"59960"|"59426"
"59239"|"59427"
"59554"|"59428"
"59293"|"59429"
"59360"|"59430"
"59850"|"59431"
"59400"|"59432"
"59143"|"59433"
"59230"|"59434"
"59310"|"59435"
"59670"|"59436"
"59139"|"59437"
"59159"|"59438"
"59550"|"59439"
"59282"|"59440"
"59570"|"59441"
"59680"|"59442"
"59670"|"59443"
"59970"|"59444"
"59132"|"59445"
"59195"|"59446"
"59264"|"59447"
"59122"|"59448"
"59310"|"59449"
"59360"|"59450"
"59530"|"59451"
"59162"|"59452"
"59670"|"59453"
"59670"|"59454"
"59295"|"59455"
"59146"|"59456"
"59840"|"59457"
"59273"|"59458"
"59494"|"59459"
"59244"|"59461"
"59133"|"59462"
"59284"|"59463"
"59218"|"59464"
"59360"|"59465"
"59710"|"59466"
"59138"|"59467"
"59530"|"59468"
"59190"|"59469"
"59840"|"59470"
"59990"|"59471"
"59288"|"59472"
"59144"|"59473"
"59550"|"59474"
"59121"|"59475"
"59267"|"59476"
"59185"|"59477"
"59380"|"59478"
"59243"|"59479"
"59269"|"59480"
"59530"|"59481"
"59890"|"59482"
"59680"|"59483"
"59920"|"59484"
"59214"|"59485"
"59194"|"59486"
"59320"|"59487"
"59554"|"59488"
"59283"|"59489"
"59177"|"59490"
"59590"|"59491"
"59161"|"59492"
"59177"|"59493"
"59530"|"59494"
"59245"|"59495"
"59360"|"59496"
"59173"|"59497"
"59980"|"59498"
"59122"|"59499"
"59159"|"59500"
"59870"|"59501"
"59277"|"59502"
"59550"|"59503"
"59172"|"59504"
"59990"|"59505"
"59730"|"59506"
"59790"|"59507"
"59223"|"59508"
"59286"|"59509"
"59230"|"59511"
"59100"|"59512"
"59169"|"59513"
"59131"|"59514"
"59220"|"59515"
"59285"|"59516"
"59258"|"59517"
"59530"|"59518"
"59226"|"59519"
"59281"|"59520"
"59554"|"59521"
"59390"|"59522"
"59262"|"59523"
"59184"|"59524"
"59177"|"59525"
"59230"|"59526"
"59350"|"59527"
"59188"|"59528"
"59440"|"59529"
"59163"|"59530"
"59360"|"59531"
"59820"|"59532"
"59292"|"59533"
"59440"|"59534"
"59270"|"59535"
"59670"|"59536"
"59213"|"59537"
"59143"|"59538"
"59630"|"59539"
"59730"|"59541"
"59620"|"59542"
"59330"|"59543"
"59880"|"59544"
"59360"|"59545"
"59114"|"59546"
"59188"|"59547"
"59570"|"59548"
"59218"|"59549"
"59496"|"59550"
"59310"|"59551"
"59268"|"59552"
"59211"|"59553"
"59230"|"59554"
"59216"|"59555"
"59145"|"59556"
"59990"|"59557"
"59227"|"59558"
"59990"|"59559"
"59113"|"59560"
"59440"|"59562"
"59440"|"59563"
"59174"|"59564"
"59269"|"59565"
"59320"|"59566"
"59400"|"59567"
"59173"|"59568"
"59450"|"59569"
"59380"|"59570"
"59730"|"59571"
"59740"|"59572"
"59740"|"59573"
"59490"|"59574"
"59213"|"59575"
"59380"|"59576"
"59190"|"59577"
"59189"|"59578"
"59380"|"59579"
"59114"|"59580"
"59181"|"59581"
"59270"|"59582"
"59550"|"59583"
"59570"|"59584"
"59175"|"59585"
"59242"|"59586"
"59114"|"59587"
"59229"|"59588"
"59224"|"59589"
"59189"|"59590"
"59163"|"59591"
"59239"|"59592"
"59141"|"59593"
"59158"|"59594"
"59141"|"59595"
"59870"|"59596"
"59554"|"59597"
"59390"|"59598"
"59200"|"59599"
"59551"|"59600"
"59132"|"59601"
"59152"|"59602"
"59125"|"59603"
"59980"|"59604"
"59229"|"59605"
"59300"|"59606"
"59218"|"59607"
"59213"|"59608"
"59175"|"59609"
"59227"|"59610"
"59237"|"59611"
"59730"|"59612"
"59970"|"59613"
"59271"|"59614"
"59232"|"59615"
"59690"|"59616"
"59138"|"59617"
"59600"|"59618"
"59530"|"59619"
"59234"|"59620"
"59188"|"59622"
"59297"|"59623"
"59142"|"59624"
"59231"|"59625"
"59530"|"59626"
"59600"|"59627"
"59470"|"59628"
"59870"|"59629"
"59261"|"59630"
"59127"|"59631"
"59135"|"59632"
"59132"|"59633"
"59190"|"59634"
"59400"|"59635"
"59118"|"59636"
"59870"|"59637"
"59830"|"59638"
"59144"|"59639"
"59144"|"59640"
"59380"|"59641"
"59870"|"59642"
"59560"|"59643"
"59252"|"59645"
"59290"|"59646"
"59143"|"59647"
"59139"|"59648"
"59680"|"59649"
"59150"|"59650"
"59220"|"59651"
"59111"|"59652"
"59136"|"59653"
"59119"|"59654"
"59670"|"59655"
"59117"|"59656"
"59380"|"59657"
"59134"|"59658"
"59212"|"59659"
"59780"|"59660"
"59740"|"59661"
"59670"|"59662"
"59470"|"59663"
"59143"|"59664"
"59380"|"59665"
"59470"|"59666"
"59670"|"59667"
"59123"|"59668"
"59670"|"59669"
"59272"|"59670"
"60220"|"60001"
"60430"|"60002"
"60480"|"60003"
"60690"|"60004"
"60620"|"60005"
"60700"|"60006"
"60600"|"60007"
"60600"|"60008"
"60000"|"60009"
"60110"|"60010"
"60310"|"60011"
"60570"|"60012"
"60940"|"60013"
"60130"|"60014"
"60250"|"60015"
"60250"|"60016"
"60120"|"60017"
"60540"|"60018"
"60162"|"60019"
"60620"|"60020"
"60400"|"60021"
"60300"|"60022"
"60880"|"60023"
"60190"|"60024"
"60350"|"60025"
"60360"|"60026"
"60800"|"60027"
"60300"|"60028"
"60390"|"60029"
"60390"|"60030"
"60890"|"60031"
"60350"|"60032"
"60300"|"60033"
"60130"|"60034"
"60310"|"60035"
"60190"|"60036"
"60400"|"60037"
"60240"|"60038"
"60120"|"60039"
"60190"|"60040"
"60930"|"60041"
"60140"|"60042"
"60170"|"60043"
"60250"|"60044"
"60810"|"60045"
"60620"|"60046"
"60300"|"60047"
"60113"|"60048"
"60380"|"60049"
"60700"|"60050"
"60210"|"60051"
"60640"|"60052"
"60310"|"60053"
"60390"|"60054"
"60400"|"60055"
"60700"|"60056"
"60000"|"60057"
"60120"|"60058"
"60400"|"60059"
"60540"|"60060"
"60490"|"60061"
"60640"|"60062"
"60390"|"60063"
"60350"|"60064"
"60370"|"60065"
"60129"|"60066"
"60320"|"60067"
"60320"|"60068"
"60620"|"60069"
"60280"|"60070"
"60490"|"60071"
"60350"|"60072"
"60650"|"60073"
"60460"|"60074"
"60120"|"60075"
"60220"|"60076"
"60860"|"60077"
"60190"|"60078"
"60440"|"60079"
"60240"|"60080"
"60510"|"60081"
"60120"|"60082"
"60123"|"60083"
"60112"|"60084"
"60120"|"60085"
"60820"|"60086"
"60300"|"60087"
"60540"|"60088"
"60240"|"60089"
"60240"|"60090"
"60620"|"60091"
"60620"|"60092"
"60490"|"60093"
"60141"|"60094"
"60240"|"60095"
"60220"|"60096"
"60590"|"60097"
"60220"|"60098"
"60113"|"60099"
"60810"|"60100"
"60440"|"60101"
"60870"|"60102"
"60510"|"60103"
"60120"|"60104"
"60400"|"60105"
"60840"|"60106"
"60600"|"60107"
"60210"|"60108"
"60210"|"60109"
"60220"|"60110"
"60120"|"60111"
"60130"|"60112"
"60480"|"60113"
"60380"|"60114"
"60130"|"60115"
"60250"|"60116"
"60400"|"60117"
"60400"|"60118"
"60170"|"60119"
"60290"|"60120"
"60640"|"60121"
"60220"|"60122"
"60480"|"60123"
"60310"|"60124"
"60680"|"60125"
"60310"|"60126"
"60310"|"60127"
"60220"|"60128"
"60170"|"60129"
"60840"|"60130"
"60360"|"60131"
"60640"|"60132"
"60130"|"60133"
"60290"|"60134"
"60730"|"60135"
"60210"|"60136"
"60190"|"60137"
"60300"|"60138"
"60230"|"60139"
"60240"|"60140"
"60500"|"60141"
"60520"|"60142"
"60240"|"60143"
"60240"|"60144"
"60350"|"60145"
"60120"|"60146"
"60150"|"60147"
"60440"|"60148"
"60710"|"60149"
"60138"|"60150"
"60750"|"60151"
"60190"|"60152"
"60360"|"60153"
"60940"|"60154"
"60660"|"60155"
"60280"|"60156"
"60600"|"60157"
"60420"|"60158"
"60200"|"60159"
"60490"|"60160"
"60360"|"60161"
"60110"|"60162"
"60120"|"60163"
"60850"|"60164"
"60790"|"60165"
"60150"|"60166"
"60350"|"60167"
"60420"|"60168"
"60240"|"60169"
"60300"|"60170"
"60350"|"60171"
"60580"|"60172"
"60660"|"60173"
"60310"|"60174"
"60100"|"60175"
"60800"|"60176"
"60190"|"60177"
"60360"|"60178"
"60420"|"60179"
"60112"|"60180"
"60400"|"60181"
"60120"|"60182"
"60120"|"60183"
"60350"|"60184"
"60530"|"60185"
"60130"|"60186"
"60850"|"60187"
"60350"|"60188"
"60400"|"60189"
"60620"|"60190"
"60490"|"60191"
"60310"|"60192"
"60210"|"60193"
"60210"|"60194"
"60240"|"60195"
"60790"|"60196"
"60530"|"60197"
"60310"|"60198"
"60360"|"60199"
"60420"|"60200"
"60420"|"60201"
"60800"|"60203"
"60310"|"60204"
"60210"|"60205"
"60157"|"60206"
"60123"|"60207"
"60590"|"60208"
"60240"|"60209"
"60190"|"60210"
"60590"|"60211"
"60530"|"60212"
"60950"|"60213"
"60380"|"60214"
"60600"|"60215"
"60130"|"60216"
"60380"|"60217"
"60110"|"60218"
"60220"|"60219"
"60650"|"60220"
"60120"|"60221"
"60510"|"60222"
"60190"|"60223"
"60620"|"60224"
"60600"|"60225"
"60330"|"60226"
"60310"|"60227"
"60240"|"60228"
"60680"|"60229"
"60510"|"60230"
"60800"|"60231"
"60420"|"60232"
"60960"|"60233"
"60600"|"60234"
"60590"|"60235"
"60640"|"60236"
"60120"|"60237"
"60700"|"60238"
"60240"|"60239"
"60360"|"60240"
"60300"|"60241"
"60690"|"60242"
"60480"|"60243"
"60380"|"60244"
"60220"|"60245"
"60540"|"60246"
"60190"|"60247"
"60220"|"60248"
"60250"|"60249"
"60000"|"60250"
"60510"|"60251"
"60130"|"60252"
"60480"|"60253"
"60190"|"60254"
"60640"|"60255"
"60240"|"60256"
"60240"|"60257"
"60310"|"60258"
"60530"|"60259"
"60127"|"60260"
"60800"|"60261"
"60420"|"60262"
"60640"|"60263"
"60000"|"60264"
"60480"|"60265"
"60360"|"60267"
"60120"|"60268"
"60210"|"60269"
"60400"|"60270"
"60380"|"60271"
"60129"|"60272"
"60150"|"60273"
"60129"|"60274"
"60650"|"60275"
"60420"|"60276"
"60000"|"60277"
"60640"|"60278"
"60117"|"60279"
"60220"|"60280"
"60190"|"60281"
"60270"|"60282"
"60120"|"60283"
"60680"|"60284"
"60190"|"60285"
"60210"|"60286"
"60400"|"60287"
"60380"|"60288"
"60210"|"60289"
"60480"|"60290"
"60640"|"60291"
"60310"|"60292"
"60240"|"60293"
"60490"|"60294"
"60210"|"60295"
"60650"|"60296"
"60210"|"60297"
"60650"|"60298"
"60120"|"60299"
"60240"|"60300"
"60112"|"60301"
"60510"|"60302"
"60210"|"60303"
"60690"|"60304"
"60350"|"60305"
"60380"|"60306"
"60250"|"60307"
"60190"|"60308"
"60119"|"60309"
"60112"|"60310"
"60120"|"60311"
"60380"|"60312"
"60370"|"60313"
"60360"|"60314"
"60650"|"60315"
"60430"|"60316"
"60250"|"60317"
"60710"|"60318"
"60390"|"60319"
"60141"|"60320"
"60173"|"60321"
"60240"|"60322"
"60150"|"60323"
"60350"|"60324"
"60880"|"60325"
"60680"|"60326"
"60240"|"60327"
"60112"|"60328"
"60310"|"60329"
"60570"|"60330"
"60590"|"60331"
"60140"|"60332"
"60650"|"60333"
"60730"|"60334"
"60380"|"60335"
"60480"|"60336"
"60190"|"60337"
"60610"|"60338"
"60510"|"60339"
"60310"|"60340"
"60330"|"60341"
"60290"|"60342"
"60590"|"60343"
"60850"|"60344"
"60600"|"60345"
"60260"|"60346"
"60220"|"60347"
"60400"|"60348"
"60310"|"60350"
"60490"|"60351"
"60240"|"60352"
"60120"|"60353"
"60210"|"60354"
"60510"|"60355"
"60240"|"60356"
"60420"|"60357"
"60800"|"60358"
"60650"|"60359"
"60140"|"60360"
"60240"|"60361"
"60640"|"60362"
"60240"|"60363"
"60130"|"60364"
"60360"|"60365"
"60510"|"60366"
"60240"|"60367"
"60150"|"60368"
"60126"|"60369"
"60110"|"60370"
"60380"|"60371"
"60360"|"60372"
"60150"|"60373"
"60420"|"60374"
"60600"|"60375"
"60112"|"60376"
"60480"|"60377"
"60490"|"60378"
"60490"|"60379"
"60890"|"60380"
"60310"|"60381"
"60280"|"60382"
"60490"|"60383"
"60890"|"60385"
"60490"|"60386"
"60690"|"60387"
"60112"|"60388"
"60640"|"60389"
"60480"|"60390"
"60660"|"60391"
"60150"|"60392"
"60660"|"60393"
"60420"|"60394"
"60110"|"60395"
"60420"|"60396"
"60210"|"60397"
"60530"|"60398"
"60120"|"60399"
"60130"|"60400"
"60240"|"60401"
"60880"|"60402"
"60112"|"60403"
"60140"|"60404"
"60220"|"60405"
"60940"|"60406"
"60220"|"60407"
"60113"|"60408"
"60290"|"60409"
"60400"|"60410"
"60240"|"60411"
"60240"|"60412"
"60950"|"60413"
"60160"|"60414"
"60810"|"60415"
"60420"|"60416"
"60790"|"60417"
"60190"|"60418"
"60240"|"60420"
"60300"|"60421"
"60300"|"60422"
"60150"|"60423"
"60190"|"60424"
"60480"|"60425"
"60134"|"60426"
"60119"|"60427"
"60650"|"60428"
"60530"|"60429"
"60127"|"60430"
"60400"|"60431"
"60128"|"60432"
"60570"|"60433"
"60490"|"60434"
"60380"|"60435"
"60120"|"60436"
"60250"|"60437"
"60350"|"60438"
"60250"|"60439"
"60190"|"60440"
"60190"|"60441"
"60480"|"60442"
"60640"|"60443"
"60220"|"60444"
"60400"|"60445"
"60440"|"60446"
"60320"|"60447"
"60890"|"60448"
"60190"|"60449"
"60530"|"60450"
"60290"|"60451"
"60119"|"60452"
"60790"|"60453"
"60510"|"60454"
"60390"|"60455"
"60190"|"60456"
"60480"|"60457"
"60690"|"60458"
"60490"|"60459"
"60112"|"60460"
"60510"|"60461"
"60430"|"60462"
"60180"|"60463"
"60840"|"60464"
"60480"|"60465"
"60130"|"60466"
"60130"|"60468"
"60730"|"60469"
"60480"|"60470"
"60400"|"60471"
"60210"|"60472"
"60440"|"60473"
"60310"|"60474"
"60810"|"60475"
"60220"|"60476"
"60650"|"60477"
"60620"|"60478"
"60800"|"60479"
"60510"|"60480"
"60129"|"60481"
"60560"|"60482"
"60490"|"60483"
"60860"|"60484"
"60480"|"60485"
"60120"|"60486"
"60240"|"60487"
"60400"|"60488"
"60440"|"60489"
"60112"|"60490"
"60350"|"60491"
"60170"|"60492"
"60860"|"60493"
"60128"|"60494"
"60130"|"60495"
"60120"|"60496"
"60130"|"60497"
"60130"|"60498"
"60310"|"60499"
"60330"|"60500"
"60150"|"60501"
"60640"|"60502"
"60420"|"60503"
"60430"|"60504"
"60520"|"60505"
"60400"|"60506"
"60400"|"60507"
"60700"|"60508"
"60700"|"60509"
"60390"|"60510"
"60400"|"60511"
"60790"|"60512"
"60460"|"60513"
"60360"|"60514"
"60190"|"60515"
"60850"|"60516"
"60540"|"60517"
"60480"|"60518"
"60640"|"60519"
"60480"|"60520"
"60220"|"60521"
"60130"|"60522"
"60155"|"60523"
"60290"|"60524"
"60810"|"60525"
"60130"|"60526"
"60620"|"60527"
"60240"|"60528"
"60600"|"60529"
"60510"|"60530"
"60190"|"60531"
"60790"|"60532"
"60490"|"60533"
"60153"|"60534"
"60480"|"60535"
"60410"|"60536"
"60170"|"60537"
"60490"|"60538"
"60870"|"60539"
"60126"|"60540"
"60410"|"60541"
"60510"|"60542"
"60800"|"60543"
"60120"|"60544"
"60220"|"60545"
"60440"|"60546"
"60140"|"60547"
"60620"|"60548"
"60360"|"60549"
"60690"|"60550"
"60660"|"60551"
"60800"|"60552"
"60190"|"60553"
"60620"|"60554"
"60120"|"60555"
"60420"|"60556"
"60690"|"60557"
"60310"|"60558"
"60510"|"60559"
"60810"|"60560"
"60117"|"60561"
"60700"|"60562"
"60190"|"60563"
"60420"|"60564"
"60480"|"60565"
"60220"|"60566"
"60650"|"60567"
"60600"|"60568"
"60170"|"60569"
"60149"|"60570"
"60380"|"60571"
"60350"|"60572"
"60480"|"60573"
"60370"|"60574"
"60730"|"60575"
"60650"|"60576"
"60850"|"60577"
"60410"|"60578"
"60350"|"60579"
"60130"|"60581"
"60170"|"60582"
"60155"|"60583"
"60340"|"60584"
"60420"|"60585"
"60000"|"60586"
"60700"|"60587"
"60210"|"60588"
"60740"|"60589"
"60860"|"60590"
"60650"|"60591"
"60850"|"60592"
"60350"|"60593"
"60380"|"60594"
"60130"|"60595"
"60220"|"60596"
"60320"|"60597"
"60430"|"60598"
"60210"|"60599"
"60410"|"60600"
"60660"|"60601"
"60220"|"60602"
"60400"|"60603"
"60210"|"60604"
"60210"|"60605"
"60360"|"60608"
"60650"|"60609"
"60400"|"60610"
"60650"|"60611"
"60300"|"60612"
"60240"|"60613"
"60240"|"60614"
"60120"|"60615"
"60590"|"60616"
"60400"|"60617"
"60800"|"60618"
"60330"|"60619"
"60430"|"60620"
"60310"|"60621"
"60210"|"60622"
"60380"|"60623"
"60380"|"60624"
"60400"|"60625"
"60590"|"60626"
"60120"|"60627"
"60510"|"60628"
"60380"|"60629"
"60240"|"60630"
"60520"|"60631"
"60310"|"60632"
"60210"|"60633"
"60480"|"60634"
"60160"|"60635"
"60150"|"60636"
"60890"|"60637"
"60250"|"60638"
"60000"|"60639"
"60240"|"60640"
"60170"|"60641"
"60170"|"60642"
"60420"|"60643"
"60590"|"60644"
"60590"|"60645"
"60112"|"60646"
"60350"|"60647"
"60120"|"60648"
"60390"|"60649"
"60800"|"60650"
"60730"|"60651"
"60790"|"60652"
"60130"|"60653"
"60490"|"60654"
"60400"|"60655"
"60890"|"60656"
"60400"|"60657"
"60117"|"60658"
"60240"|"60659"
"60590"|"60660"
"60117"|"60661"
"60390"|"60662"
"60510"|"60663"
"60120"|"60664"
"60280"|"60665"
"60950"|"60666"
"60410"|"60667"
"60112"|"60668"
"60140"|"60669"
"60550"|"60670"
"60440"|"60671"
"60117"|"60672"
"60360"|"60673"
"60350"|"60674"
"60162"|"60675"
"60400"|"60676"
"60650"|"60677"
"60175"|"60678"
"60890"|"60679"
"60410"|"60680"
"60650"|"60681"
"60810"|"60682"
"60620"|"60683"
"60870"|"60684"
"60134"|"60685"
"60340"|"60686"
"60650"|"60687"
"60860"|"60688"
"60150"|"60689"
"60590"|"60690"
"60380"|"60691"
"60120"|"60692"
"60640"|"60693"
"60390"|"60694"
"60500"|"60695"
"60112"|"60697"
"60420"|"60698"
"60380"|"60699"
"60430"|"60700"
"60130"|"60701"
"60420"|"60702"
"60000"|"60703"
"61000"|"61001"
"61570"|"61002"
"61550"|"61003"
"61410"|"61004"
"61130"|"61005"
"61200"|"61006"
"61430"|"61007"
"61270"|"61008"
"61160"|"61009"
"61120"|"61010"
"61100"|"61011"
"61270"|"61012"
"61500"|"61013"
"61200"|"61014"
"61500"|"61015"
"61190"|"61016"
"61240"|"61017"
"61470"|"61018"
"61310"|"61019"
"61150"|"61020"
"61700"|"61021"
"61160"|"61023"
"61450"|"61024"
"61330"|"61025"
"61170"|"61026"
"61150"|"61027"
"61210"|"61028"
"61560"|"61029"
"61100"|"61030"
"61800"|"61031"
"61270"|"61032"
"61140"|"61033"
"61190"|"61034"
"61600"|"61035"
"61500"|"61036"
"61360"|"61037"
"61130"|"61038"
"61570"|"61039"
"61220"|"61040"
"61130"|"61041"
"61110"|"61042"
"61340"|"61043"
"61430"|"61044"
"61190"|"61045"
"61290"|"61046"
"61550"|"61047"
"61560"|"61048"
"61570"|"61049"
"61110"|"61050"
"61500"|"61051"
"61270"|"61052"
"61380"|"61053"
"61470"|"61054"
"61570"|"61055"
"61500"|"61056"
"61310"|"61057"
"61100"|"61058"
"61190"|"61059"
"61270"|"61060"
"61110"|"61061"
"61160"|"61062"
"61220"|"61063"
"61390"|"61064"
"61190"|"61065"
"61170"|"61066"
"61170"|"61067"
"61500"|"61068"
"61430"|"61069"
"61100"|"61070"
"61120"|"61071"
"61120"|"61072"
"61100"|"61073"
"61320"|"61074"
"61330"|"61075"
"61500"|"61076"
"61000"|"61077"
"61100"|"61078"
"61260"|"61079"
"61320"|"61080"
"61500"|"61081"
"61390"|"61082"
"61160"|"61083"
"61210"|"61084"
"61320"|"61085"
"61120"|"61086"
"61560"|"61087"
"61240"|"61088"
"61120"|"61089"
"61190"|"61090"
"61700"|"61091"
"61300"|"61092"
"61800"|"61093"
"61100"|"61094"
"61100"|"61095"
"61140"|"61096"
"61400"|"61097"
"61500"|"61098"
"61130"|"61099"
"61270"|"61100"
"61570"|"61101"
"61450"|"61102"
"61230"|"61103"
"61600"|"61104"
"61360"|"61105"
"61210"|"61106"
"61320"|"61107"
"61230"|"61108"
"61800"|"61109"
"61310"|"61110"
"61250"|"61111"
"61340"|"61112"
"61400"|"61113"
"61200"|"61114"
"61110"|"61115"
"61110"|"61116"
"61250"|"61117"
"61400"|"61118"
"61160"|"61120"
"61360"|"61121"
"61230"|"61122"
"61160"|"61123"
"61220"|"61124"
"61110"|"61125"
"61170"|"61126"
"61150"|"61127"
"61340"|"61128"
"61400"|"61129"
"61560"|"61130"
"61310"|"61131"
"61390"|"61133"
"61410"|"61135"
"61550"|"61136"
"61220"|"61137"
"61230"|"61138"
"61120"|"61139"
"61300"|"61140"
"61250"|"61141"
"61130"|"61142"
"61250"|"61143"
"61340"|"61144"
"61700"|"61145"
"61700"|"61146"
"61110"|"61147"
"61100"|"61148"
"61440"|"61149"
"61370"|"61150"
"61270"|"61151"
"61160"|"61152"
"61150"|"61153"
"61400"|"61154"
"61350"|"61155"
"61500"|"61156"
"61310"|"61157"
"61600"|"61158"
"61390"|"61159"
"61400"|"61160"
"61160"|"61161"
"61380"|"61162"
"61450"|"61163"
"61500"|"61164"
"61420"|"61165"
"61390"|"61166"
"61550"|"61167"
"61600"|"61168"
"61100"|"61169"
"61200"|"61170"
"61160"|"61171"
"61420"|"61172"
"61200"|"61173"
"61210"|"61174"
"61250"|"61175"
"61570"|"61176"
"61800"|"61177"
"61230"|"61178"
"61210"|"61179"
"61120"|"61180"
"61230"|"61181"
"61420"|"61182"
"61390"|"61183"
"61550"|"61184"
"61130"|"61185"
"61140"|"61186"
"61270"|"61187"
"61240"|"61188"
"61210"|"61189"
"61310"|"61190"
"61550"|"61191"
"61240"|"61192"
"61550"|"61193"
"61150"|"61194"
"61600"|"61195"
"61130"|"61196"
"61160"|"61197"
"61120"|"61198"
"61210"|"61199"
"61410"|"61200"
"61700"|"61201"
"61250"|"61202"
"61250"|"61203"
"61260"|"61204"
"61470"|"61205"
"61290"|"61206"
"61130"|"61207"
"61190"|"61208"
"61320"|"61209"
"61150"|"61210"
"61140"|"61211"
"61200"|"61212"
"61320"|"61213"
"61300"|"61214"
"61170"|"61215"
"61320"|"61216"
"61210"|"61217"
"61100"|"61218"
"61100"|"61219"
"61290"|"61220"
"61100"|"61221"
"61100"|"61222"
"61800"|"61223"
"61250"|"61224"
"61240"|"61225"
"61190"|"61226"
"61220"|"61227"
"61420"|"61228"
"61400"|"61229"
"61290"|"61230"
"61320"|"61231"
"61700"|"61232"
"61600"|"61233"
"61250"|"61234"
"61330"|"61235"
"61150"|"61236"
"61150"|"61237"
"61160"|"61238"
"61330"|"61239"
"61500"|"61240"
"61110"|"61241"
"61290"|"61242"
"61600"|"61243"
"61380"|"61244"
"61110"|"61245"
"61260"|"61246"
"61290"|"61247"
"61350"|"61248"
"61570"|"61249"
"61290"|"61250"
"61170"|"61251"
"61230"|"61252"
"61240"|"61253"
"61400"|"61255"
"61570"|"61256"
"61410"|"61257"
"61170"|"61258"
"61270"|"61259"
"61220"|"61260"
"61250"|"61261"
"61800"|"61262"
"61250"|"61263"
"61240"|"61264"
"61210"|"61265"
"61170"|"61266"
"61210"|"61267"
"61230"|"61268"
"61430"|"61269"
"61210"|"61270"
"61320"|"61271"
"61240"|"61272"
"61210"|"61273"
"61290"|"61274"
"61240"|"61275"
"61160"|"61276"
"61560"|"61277"
"61440"|"61278"
"61250"|"61279"
"61290"|"61280"
"61800"|"61281"
"61470"|"61282"
"61160"|"61283"
"61170"|"61284"
"61150"|"61285"
"61360"|"61286"
"61100"|"61287"
"61570"|"61288"
"61160"|"61289"
"61210"|"61290"
"61160"|"61291"
"61800"|"61292"
"61400"|"61293"
"61570"|"61294"
"61600"|"61295"
"61290"|"61296"
"61380"|"61297"
"61200"|"61298"
"61190"|"61299"
"61110"|"61300"
"61500"|"61301"
"61160"|"61302"
"61160"|"61303"
"61250"|"61304"
"61290"|"61305"
"61500"|"61306"
"61120"|"61307"
"61210"|"61308"
"61340"|"61309"
"61240"|"61310"
"61190"|"61311"
"61100"|"61313"
"61200"|"61314"
"61160"|"61315"
"61160"|"61316"
"61230"|"61317"
"61130"|"61318"
"61130"|"61319"
"61120"|"61320"
"61250"|"61321"
"61400"|"61322"
"61290"|"61323"
"61350"|"61324"
"61360"|"61325"
"61700"|"61326"
"61360"|"61327"
"61310"|"61328"
"61400"|"61329"
"61370"|"61330"
"61170"|"61331"
"61220"|"61332"
"61120"|"61333"
"61190"|"61335"
"61130"|"61336"
"61340"|"61337"
"61190"|"61338"
"61210"|"61339"
"61210"|"61340"
"61250"|"61341"
"61270"|"61342"
"61190"|"61343"
"61150"|"61344"
"61110"|"61345"
"61120"|"61346"
"61230"|"61347"
"61400"|"61348"
"61210"|"61349"
"61420"|"61350"
"61120"|"61351"
"61160"|"61352"
"61100"|"61353"
"61210"|"61354"
"61700"|"61355"
"61260"|"61356"
"61320"|"61357"
"61200"|"61358"
"61340"|"61359"
"61170"|"61360"
"61220"|"61361"
"61440"|"61362"
"61380"|"61363"
"61210"|"61364"
"61170"|"61365"
"61470"|"61366"
"61560"|"61367"
"61340"|"61368"
"61700"|"61369"
"61700"|"61370"
"61150"|"61371"
"61250"|"61372"
"61380"|"61373"
"61800"|"61374"
"61570"|"61375"
"61490"|"61376"
"61800"|"61377"
"61210"|"61378"
"61130"|"61379"
"61330"|"61380"
"61400"|"61381"
"61420"|"61382"
"61320"|"61383"
"61320"|"61384"
"61230"|"61385"
"61550"|"61386"
"61350"|"61387"
"61130"|"61388"
"61370"|"61389"
"61600"|"61390"
"61100"|"61391"
"61470"|"61392"
"61240"|"61393"
"61130"|"61394"
"61110"|"61395"
"61560"|"61396"
"61000"|"61397"
"61390"|"61398"
"61160"|"61399"
"61500"|"61400"
"61700"|"61401"
"61220"|"61402"
"61500"|"61403"
"61400"|"61404"
"61340"|"61405"
"61270"|"61406"
"61430"|"61407"
"61210"|"61408"
"61340"|"61409"
"61800"|"61410"
"61360"|"61411"
"61170"|"61412"
"61160"|"61413"
"61400"|"61414"
"61170"|"61415"
"61390"|"61416"
"61570"|"61417"
"61400"|"61418"
"61320"|"61419"
"61320"|"61420"
"61350"|"61421"
"61270"|"61422"
"61300"|"61423"
"61320"|"61424"
"61380"|"61425"
"61130"|"61426"
"61320"|"61427"
"61600"|"61428"
"61190"|"61429"
"61110"|"61430"
"61600"|"61431"
"61300"|"61432"
"61250"|"61433"
"61550"|"61434"
"61550"|"61435"
"61100"|"61436"
"61130"|"61437"
"61560"|"61438"
"61410"|"61439"
"61300"|"61440"
"61150"|"61441"
"61600"|"61442"
"61100"|"61443"
"61430"|"61444"
"61800"|"61445"
"61370"|"61446"
"61790"|"61447"
"61340"|"61448"
"61310"|"61449"
"61360"|"61450"
"61800"|"61451"
"61350"|"61452"
"61320"|"61453"
"61170"|"61454"
"61350"|"61455"
"61300"|"61456"
"61300"|"61457"
"61290"|"61458"
"61220"|"61459"
"61470"|"61460"
"61230"|"61461"
"61200"|"61462"
"61600"|"61463"
"61500"|"61464"
"61100"|"61465"
"61100"|"61466"
"61250"|"61467"
"61150"|"61468"
"61330"|"61469"
"61150"|"61470"
"61130"|"61471"
"61200"|"61472"
"61150"|"61473"
"61310"|"61474"
"61380"|"61475"
"61360"|"61476"
"61310"|"61477"
"61100"|"61478"
"61150"|"61479"
"61500"|"61480"
"61390"|"61481"
"61410"|"61482"
"61140"|"61483"
"61260"|"61484"
"61120"|"61485"
"61800"|"61486"
"61330"|"61487"
"61550"|"61488"
"61100"|"61489"
"61160"|"61490"
"61190"|"61491"
"61390"|"61492"
"61230"|"61493"
"61160"|"61494"
"61200"|"61496"
"61250"|"61497"
"61130"|"61498"
"61170"|"61499"
"61190"|"61500"
"61110"|"61501"
"61360"|"61502"
"61150"|"61503"
"61310"|"61504"
"61160"|"61505"
"61550"|"61506"
"61400"|"61507"
"61120"|"61508"
"61250"|"61509"
"61300"|"61510"
"61570"|"61511"
"61210"|"61512"
"61800"|"61513"
"62153"|"62001"
"62116"|"62002"
"62320"|"62003"
"62217"|"62004"
"62121"|"62005"
"62121"|"62006"
"62144"|"62007"
"62380"|"62008"
"62116"|"62009"
"62380"|"62010"
"62161"|"62011"
"62690"|"62012"
"62217"|"62013"
"62120"|"62014"
"62180"|"62015"
"62180"|"62016"
"62650"|"62017"
"62170"|"62018"
"62160"|"62019"
"62850"|"62020"
"62650"|"62021"
"62142"|"62022"
"62157"|"62023"
"62850"|"62024"
"62164"|"62025"
"62310"|"62026"
"62127"|"62027"
"62190"|"62028"
"62260"|"62029"
"62760"|"62030"
"62340"|"62031"
"62143"|"62032"
"62880"|"62033"
"62149"|"62034"
"62232"|"62035"
"62134"|"62036"
"62223"|"62037"
"62610"|"62038"
"62580"|"62039"
"62510"|"62040"
"62000"|"62041"
"62223"|"62042"
"62730"|"62043"
"62170"|"62044"
"62690"|"62045"
"62140"|"62046"
"62390"|"62047"
"62260"|"62048"
"62190"|"62049"
"62770"|"62050"
"62138"|"62051"
"62250"|"62052"
"62560"|"62053"
"62179"|"62054"
"62890"|"62055"
"62164"|"62056"
"62370"|"62057"
"62550"|"62058"
"62610"|"62059"
"62390"|"62060"
"62127"|"62061"
"62650"|"62062"
"62810"|"62063"
"62450"|"62064"
"62210"|"62065"
"62310"|"62066"
"62560"|"62067"
"62116"|"62068"
"62310"|"62069"
"62127"|"62070"
"62550"|"62071"
"62123"|"62072"
"62580"|"62073"
"62123"|"62074"
"62360"|"62075"
"62850"|"62076"
"62150"|"62077"
"62610"|"62078"
"62450"|"62079"
"62450"|"62080"
"62860"|"62081"
"62124"|"62082"
"62620"|"62083"
"62810"|"62084"
"62123"|"62085"
"62158"|"62086"
"62910"|"62087"
"62380"|"62088"
"62250"|"62089"
"62770"|"62090"
"62810"|"62091"
"62810"|"62092"
"62450"|"62093"
"62170"|"62094"
"62960"|"62095"
"62124"|"62096"
"62123"|"62097"
"62217"|"62099"
"62990"|"62100"
"62130"|"62101"
"62240"|"62102"
"62121"|"62103"
"62142"|"62104"
"62142"|"62105"
"62490"|"62106"
"62410"|"62107"
"62600"|"62108"
"62134"|"62109"
"62810"|"62111"
"62123"|"62112"
"62690"|"62113"
"62130"|"62114"
"62123"|"62115"
"62170"|"62116"
"62124"|"62117"
"62690"|"62118"
"62400"|"62119"
"62150"|"62120"
"62450"|"62121"
"62124"|"62122"
"62170"|"62123"
"62170"|"62124"
"62250"|"62125"
"62660"|"62126"
"62650"|"62127"
"62118"|"62128"
"62450"|"62129"
"62111"|"62130"
"62121"|"62131"
"62138"|"62132"
"62420"|"62133"
"62650"|"62134"
"62173"|"62135"
"62270"|"62137"
"62770"|"62138"
"62575"|"62139"
"62380"|"62140"
"62120"|"62141"
"62770"|"62142"
"62390"|"62143"
"62128"|"62144"
"62156"|"62145"
"62175"|"62146"
"62175"|"62147"
"62320"|"62148"
"62500"|"62149"
"62170"|"62150"
"62175"|"62151"
"62175"|"62152"
"62960"|"62153"
"62270"|"62154"
"62890"|"62155"
"62340"|"62156"
"62990"|"62157"
"62270"|"62158"
"62200"|"62160"
"62340"|"62161"
"62190"|"62162"
"62270"|"62163"
"62860"|"62164"
"62240"|"62165"
"62550"|"62166"
"62132"|"62167"
"62650"|"62168"
"62380"|"62169"
"62172"|"62170"
"62134"|"62171"
"62128"|"62172"
"62117"|"62173"
"62610"|"62174"
"62140"|"62175"
"62170"|"62176"
"62170"|"62177"
"62700"|"62178"
"62240"|"62179"
"62130"|"62180"
"62116"|"62181"
"62390"|"62182"
"62870"|"62183"
"62860"|"62184"
"62128"|"62185"
"62160"|"62186"
"62130"|"62187"
"62151"|"62188"
"62124"|"62189"
"62350"|"62190"
"62132"|"62191"
"62182"|"62192"
"62100"|"62193"
"62470"|"62194"
"62350"|"62195"
"62170"|"62196"
"62470"|"62197"
"62690"|"62198"
"62690"|"62199"
"62149"|"62200"
"62176"|"62201"
"62650"|"62202"
"62340"|"62203"
"62870"|"62204"
"62120"|"62205"
"62170"|"62206"
"62170"|"62207"
"62270"|"62208"
"62310"|"62209"
"62270"|"62210"
"62690"|"62211"
"62140"|"62212"
"62144"|"62213"
"62830"|"62214"
"62220"|"62215"
"62158"|"62216"
"62260"|"62217"
"62150"|"62218"
"62140"|"62219"
"62140"|"62220"
"62127"|"62221"
"62140"|"62222"
"62128"|"62223"
"62920"|"62224"
"62500"|"62225"
"62129"|"62226"
"62650"|"62227"
"62890"|"62228"
"62380"|"62229"
"62142"|"62230"
"62180"|"62231"
"62150"|"62232"
"62180"|"62233"
"62270"|"62234"
"62360"|"62235"
"62990"|"62236"
"62126"|"62237"
"62130"|"62238"
"62231"|"62239"
"62112"|"62240"
"62630"|"62241"
"62760"|"62242"
"62158"|"62243"
"62137"|"62244"
"62380"|"62245"
"62310"|"62246"
"62310"|"62247"
"62121"|"62248"
"62970"|"62249"
"62710"|"62250"
"62240"|"62251"
"62136"|"62252"
"62158"|"62253"
"62560"|"62254"
"62240"|"62255"
"62310"|"62256"
"62310"|"62257"
"62130"|"62258"
"62128"|"62259"
"62130"|"62260"
"62780"|"62261"
"62149"|"62262"
"62000"|"62263"
"62187"|"62264"
"62129"|"62265"
"62810"|"62266"
"62560"|"62267"
"62240"|"62268"
"62460"|"62269"
"62460"|"62270"
"62380"|"62271"
"62116"|"62272"
"62830"|"62273"
"62119"|"62274"
"62870"|"62275"
"62138"|"62276"
"62320"|"62277"
"62131"|"62278"
"62161"|"62279"
"62156"|"62280"
"62360"|"62281"
"62770"|"62282"
"62270"|"62283"
"62860"|"62284"
"62128"|"62285"
"62190"|"62286"
"62129"|"62288"
"62170"|"62289"
"62223"|"62290"
"62300"|"62291"
"62380"|"62292"
"62990"|"62293"
"62145"|"62294"
"62145"|"62295"
"62650"|"62296"
"62910"|"62297"
"62860"|"62298"
"62134"|"62299"
"62224"|"62300"
"62134"|"62301"
"62650"|"62302"
"62134"|"62303"
"62960"|"62304"
"62121"|"62306"
"62179"|"62307"
"62850"|"62308"
"62380"|"62309"
"62400"|"62310"
"62880"|"62311"
"62170"|"62312"
"62145"|"62313"
"62690"|"62314"
"62170"|"62315"
"62810"|"62316"
"62156"|"62317"
"62630"|"62318"
"62156"|"62319"
"62161"|"62320"
"62141"|"62321"
"62760"|"62322"
"62118"|"62323"
"62580"|"62324"
"62560"|"62325"
"62450"|"62326"
"62960"|"62327"
"62260"|"62328"
"62250"|"62329"
"62149"|"62330"
"62223"|"62331"
"62173"|"62332"
"62134"|"62333"
"62132"|"62334"
"62770"|"62335"
"62960"|"62336"
"62270"|"62337"
"62840"|"62338"
"62134"|"62339"
"62550"|"62340"
"62111"|"62341"
"62134"|"62342"
"62128"|"62343"
"62550"|"62344"
"62390"|"62345"
"62270"|"62346"
"62810"|"62347"
"62130"|"62348"
"62232"|"62349"
"62232"|"62350"
"62740"|"62351"
"62130"|"62352"
"62450"|"62353"
"62630"|"62354"
"62490"|"62355"
"62150"|"62356"
"62770"|"62357"
"62580"|"62358"
"62140"|"62359"
"62185"|"62360"
"62270"|"62361"
"62127"|"62362"
"62690"|"62363"
"62310"|"62364"
"62770"|"62365"
"62150"|"62366"
"62130"|"62367"
"62760"|"62368"
"62580"|"62369"
"62390"|"62370"
"62580"|"62371"
"62810"|"62372"
"62149"|"62373"
"62121"|"62374"
"62111"|"62375"
"62920"|"62376"
"62199"|"62377"
"62123"|"62378"
"62123"|"62379"
"62530"|"62380"
"62127"|"62381"
"62870"|"62382"
"62112"|"62383"
"62147"|"62384"
"62810"|"62385"
"62160"|"62386"
"62450"|"62387"
"62140"|"62388"
"62760"|"62389"
"62600"|"62390"
"62330"|"62391"
"62128"|"62392"
"62370"|"62393"
"62140"|"62395"
"62130"|"62396"
"62340"|"62397"
"62140"|"62398"
"62123"|"62399"
"62940"|"62400"
"62138"|"62401"
"62830"|"62402"
"62570"|"62403"
"62760"|"62404"
"62118"|"62405"
"62121"|"62406"
"62190"|"62407"
"62340"|"62408"
"62111"|"62409"
"62124"|"62410"
"62390"|"62411"
"62132"|"62412"
"62440"|"62413"
"62156"|"62414"
"62144"|"62415"
"62130"|"62416"
"62810"|"62418"
"62850"|"62419"
"62147"|"62421"
"62111"|"62422"
"62570"|"62423"
"62182"|"62424"
"62175"|"62425"
"62128"|"62426"
"62110"|"62427"
"62128"|"62428"
"62142"|"62429"
"62760"|"62430"
"62129"|"62431"
"62850"|"62432"
"62130"|"62433"
"62158"|"62434"
"62130"|"62435"
"62130"|"62436"
"62650"|"62437"
"62690"|"62438"
"62132"|"62439"
"62147"|"62440"
"62150"|"62441"
"62130"|"62442"
"62530"|"62443"
"62179"|"62444"
"62196"|"62445"
"62360"|"62446"
"62140"|"62447"
"62360"|"62448"
"62990"|"62449"
"62550"|"62450"
"62134"|"62451"
"62575"|"62452"
"62310"|"62453"
"62232"|"62454"
"62850"|"62455"
"62620"|"62456"
"62150"|"62457"
"62910"|"62458"
"62270"|"62459"
"62630"|"62460"
"62140"|"62461"
"62130"|"62462"
"62650"|"62463"
"62410"|"62464"
"62158"|"62465"
"62650"|"62466"
"62130"|"62467"
"62130"|"62468"
"62860"|"62469"
"62770"|"62470"
"62129"|"62471"
"62170"|"62472"
"62330"|"62473"
"62360"|"62474"
"62810"|"62475"
"62490"|"62476"
"62690"|"62477"
"62850"|"62478"
"62122"|"62479"
"62113"|"62480"
"62140"|"62481"
"62830"|"62483"
"62159"|"62484"
"62960"|"62485"
"62120"|"62486"
"62250"|"62487"
"62610"|"62488"
"62122"|"62489"
"62810"|"62490"
"62840"|"62491"
"62990"|"62492"
"62124"|"62493"
"62124"|"62494"
"62380"|"62495"
"62630"|"62496"
"62790"|"62497"
"62300"|"62498"
"62170"|"62499"
"62190"|"62500"
"62990"|"62501"
"62136"|"62502"
"62250"|"62503"
"62500"|"62504"
"62250"|"62505"
"62850"|"62506"
"62810"|"62507"
"62190"|"62508"
"62145"|"62509"
"62800"|"62510"
"62810"|"62511"
"62960"|"62512"
"62270"|"62513"
"62127"|"62514"
"62450"|"62515"
"62190"|"62516"
"62120"|"62517"
"62270"|"62518"
"62134"|"62519"
"62400"|"62520"
"62140"|"62521"
"62990"|"62522"
"62218"|"62523"
"62240"|"62524"
"62219"|"62525"
"62142"|"62526"
"62630"|"62527"
"62750"|"62528"
"62840"|"62529"
"62240"|"62530"
"62610"|"62531"
"62540"|"62532"
"62310"|"62533"
"62380"|"62534"
"62170"|"62535"
"62127"|"62536"
"62270"|"62537"
"62870"|"62538"
"62130"|"62539"
"62620"|"62540"
"62310"|"62541"
"62127"|"62542"
"62120"|"62543"
"62810"|"62544"
"62650"|"62545"
"62250"|"62546"
"62170"|"62547"
"62730"|"62548"
"62140"|"62549"
"62140"|"62550"
"62990"|"62551"
"62990"|"62552"
"62550"|"62553"
"62630"|"62554"
"62540"|"62555"
"62170"|"62556"
"62161"|"62557"
"62127"|"62558"
"62860"|"62559"
"62250"|"62560"
"62450"|"62561"
"62310"|"62562"
"62670"|"62563"
"62120"|"62564"
"62310"|"62565"
"62240"|"62566"
"62890"|"62567"
"62217"|"62568"
"62560"|"62569"
"62680"|"62570"
"62155"|"62571"
"62124"|"62572"
"62410"|"62573"
"62690"|"62574"
"62270"|"62576"
"62270"|"62577"
"62123"|"62578"
"62111"|"62579"
"62127"|"62580"
"62134"|"62581"
"62118"|"62582"
"62760"|"62583"
"62350"|"62584"
"62170"|"62585"
"62123"|"62586"
"62640"|"62587"
"62170"|"62588"
"62144"|"62589"
"62130"|"62590"
"62124"|"62591"
"62910"|"62592"
"62450"|"62593"
"62159"|"62594"
"62910"|"62595"
"62140"|"62596"
"62121"|"62597"
"62890"|"62598"
"62142"|"62599"
"62550"|"62600"
"62550"|"62601"
"62180"|"62602"
"62152"|"62603"
"62152"|"62604"
"62770"|"62605"
"62840"|"62606"
"62130"|"62607"
"62124"|"62608"
"62580"|"62609"
"62170"|"62610"
"62217"|"62611"
"62580"|"62612"
"62380"|"62613"
"62610"|"62614"
"62185"|"62615"
"62390"|"62616"
"62290"|"62617"
"62890"|"62618"
"62128"|"62619"
"62120"|"62620"
"62370"|"62621"
"62890"|"62622"
"62370"|"62623"
"62950"|"62624"
"62770"|"62625"
"62980"|"62626"
"62490"|"62627"
"62221"|"62628"
"62123"|"62629"
"62810"|"62630"
"62270"|"62631"
"62920"|"62632"
"62130"|"62633"
"62370"|"62634"
"62990"|"62635"
"62250"|"62636"
"62590"|"62637"
"62860"|"62638"
"62580"|"62639"
"62760"|"62640"
"62130"|"62641"
"62460"|"62642"
"62230"|"62643"
"62380"|"62644"
"62215"|"62645"
"62860"|"62646"
"62770"|"62647"
"62650"|"62648"
"62760"|"62649"
"62118"|"62650"
"62127"|"62651"
"62550"|"62652"
"62126"|"62653"
"62231"|"62654"
"62130"|"62655"
"62570"|"62656"
"62340"|"62657"
"62126"|"62658"
"62310"|"62659"
"62118"|"62660"
"62140"|"62661"
"62370"|"62662"
"62760"|"62663"
"62111"|"62664"
"62390"|"62665"
"62880"|"62666"
"62480"|"62667"
"62134"|"62668"
"62550"|"62669"
"62650"|"62670"
"62860"|"62671"
"62116"|"62672"
"62860"|"62673"
"62500"|"62674"
"62380"|"62675"
"62120"|"62676"
"62140"|"62677"
"62240"|"62678"
"62830"|"62679"
"62490"|"62680"
"62120"|"62681"
"62650"|"62682"
"62390"|"62683"
"62120"|"62684"
"62310"|"62685"
"62130"|"62686"
"62180"|"62688"
"62173"|"62689"
"62140"|"62690"
"62120"|"62691"
"62850"|"62692"
"62150"|"62693"
"62270"|"62694"
"62270"|"62695"
"62560"|"62696"
"62860"|"62697"
"62170"|"62698"
"62890"|"62699"
"62140"|"62700"
"62120"|"62701"
"62380"|"62702"
"62156"|"62703"
"62560"|"62704"
"62720"|"62705"
"62136"|"62706"
"62450"|"62708"
"62182"|"62709"
"62990"|"62710"
"62720"|"62711"
"62173"|"62712"
"62350"|"62713"
"62223"|"62714"
"62450"|"62715"
"62610"|"62716"
"62130"|"62717"
"62118"|"62718"
"62770"|"62719"
"62120"|"62720"
"62120"|"62721"
"62390"|"62722"
"62870"|"62723"
"62320"|"62724"
"62990"|"62725"
"62310"|"62726"
"62620"|"62727"
"62860"|"62728"
"62650"|"62729"
"62370"|"62730"
"62124"|"62731"
"62550"|"62732"
"62111"|"62733"
"62490"|"62734"
"62113"|"62735"
"62840"|"62736"
"62114"|"62737"
"62310"|"62738"
"62860"|"62739"
"62550"|"62740"
"62760"|"62741"
"62170"|"62742"
"62140"|"62743"
"62223"|"62744"
"62990"|"62745"
"62360"|"62746"
"62350"|"62747"
"62370"|"62748"
"62770"|"62749"
"62120"|"62750"
"62250"|"62751"
"62170"|"62752"
"62223"|"62753"
"62128"|"62754"
"62360"|"62755"
"62370"|"62756"
"62500"|"62757"
"62280"|"62758"
"62240"|"62759"
"62560"|"62760"
"62128"|"62761"
"62650"|"62762"
"62130"|"62763"
"62223"|"62764"
"62500"|"62765"
"62162"|"62766"
"62130"|"62767"
"62870"|"62768"
"62185"|"62769"
"62350"|"62770"
"62430"|"62771"
"62500"|"62772"
"62830"|"62773"
"62231"|"62774"
"62850"|"62775"
"62121"|"62776"
"62450"|"62777"
"62810"|"62778"
"62760"|"62779"
"62860"|"62780"
"62860"|"62781"
"62860"|"62782"
"62870"|"62783"
"62158"|"62784"
"62690"|"62785"
"62240"|"62786"
"62170"|"62787"
"62380"|"62788"
"62240"|"62789"
"62310"|"62790"
"62270"|"62791"
"62910"|"62792"
"62530"|"62793"
"62380"|"62794"
"62270"|"62795"
"62123"|"62796"
"62130"|"62797"
"62810"|"62798"
"62170"|"62799"
"62111"|"62800"
"62153"|"62801"
"62810"|"62802"
"62850"|"62803"
"62810"|"62804"
"62550"|"62805"
"62179"|"62806"
"62500"|"62807"
"62134"|"62808"
"62127"|"62809"
"62580"|"62810"
"62129"|"62811"
"62560"|"62812"
"62130"|"62813"
"62760"|"62814"
"62180"|"62815"
"62690"|"62816"
"62217"|"62817"
"62134"|"62818"
"62500"|"62819"
"62127"|"62820"
"62830"|"62821"
"62390"|"62822"
"62310"|"62823"
"62140"|"62824"
"62490"|"62825"
"62520"|"62826"
"62890"|"62827"
"62310"|"62828"
"62450"|"62829"
"62147"|"62830"
"62130"|"62831"
"62630"|"62832"
"62270"|"62833"
"62140"|"62834"
"62550"|"62835"
"62131"|"62836"
"62380"|"62837"
"62390"|"62838"
"62159"|"62839"
"62124"|"62840"
"62232"|"62841"
"62880"|"62842"
"62310"|"62843"
"62560"|"62844"
"62830"|"62845"
"62980"|"62846"
"62113"|"62847"
"62131"|"62848"
"62180"|"62849"
"62770"|"62850"
"62136"|"62851"
"62162"|"62852"
"62240"|"62853"
"62144"|"62854"
"62450"|"62855"
"62690"|"62856"
"62690"|"62857"
"62182"|"62858"
"62390"|"62859"
"62127"|"62860"
"62580"|"62861"
"62310"|"62862"
"62138"|"62863"
"62156"|"62864"
"62490"|"62865"
"62180"|"62866"
"62250"|"62867"
"62770"|"62868"
"62217"|"62869"
"62170"|"62870"
"62140"|"62871"
"62770"|"62872"
"62128"|"62873"
"62123"|"62874"
"62120"|"62875"
"62450"|"62876"
"62760"|"62877"
"62123"|"62878"
"62810"|"62879"
"62142"|"62880"
"62390"|"62881"
"62380"|"62882"
"62130"|"62883"
"62960"|"62885"
"62650"|"62886"
"62630"|"62887"
"62830"|"62888"
"62720"|"62889"
"62770"|"62890"
"62390"|"62891"
"62580"|"62892"
"62930"|"62893"
"62126"|"62894"
"62410"|"62895"
"62240"|"62896"
"62380"|"62897"
"62219"|"62898"
"62179"|"62899"
"62120"|"62900"
"62120"|"62901"
"62570"|"62902"
"62650"|"62903"
"62890"|"62904"
"62500"|"62905"
"62370"|"62906"
"62820"|"62907"
"62360"|"62908"
"62124"|"62909"
"63260"|"63001"
"63980"|"63002"
"63600"|"63003"
"63770"|"63004"
"63340"|"63005"
"63420"|"63006"
"63420"|"63007"
"63250"|"63008"
"63420"|"63009"
"63220"|"63010"
"63700"|"63011"
"63460"|"63012"
"63260"|"63013"
"63170"|"63014"
"63120"|"63015"
"63930"|"63016"
"63340"|"63017"
"63500"|"63018"
"63510"|"63019"
"63210"|"63020"
"63114"|"63021"
"63570"|"63022"
"63590"|"63023"
"63690"|"63024"
"63390"|"63025"
"63970"|"63026"
"63600"|"63027"
"63810"|"63028"
"63570"|"63029"
"63310"|"63030"
"63570"|"63031"
"63110"|"63032"
"63310"|"63033"
"63116"|"63034"
"63460"|"63035"
"63500"|"63036"
"63480"|"63037"
"63610"|"63038"
"63220"|"63039"
"63160"|"63040"
"63640"|"63041"
"63112"|"63042"
"63440"|"63043"
"63160"|"63044"
"63190"|"63045"
"63340"|"63046"
"63150"|"63047"
"63760"|"63048"
"63910"|"63049"
"63570"|"63050"
"63500"|"63051"
"63340"|"63052"
"63820"|"63053"
"63500"|"63054"
"63230"|"63055"
"63490"|"63056"
"63880"|"63057"
"63350"|"63058"
"63270"|"63059"
"63330"|"63060"
"63260"|"63061"
"63700"|"63062"
"63118"|"63063"
"63620"|"63064"
"63520"|"63065"
"63250"|"63066"
"63330"|"63067"
"63200"|"63068"
"63670"|"63069"
"63122"|"63070"
"63210"|"63071"
"63250"|"63072"
"63320"|"63073"
"63340"|"63074"
"63400"|"63075"
"63980"|"63076"
"63790"|"63077"
"63580"|"63078"
"63580"|"63079"
"63320"|"63080"
"63600"|"63081"
"63440"|"63082"
"63530"|"63083"
"63450"|"63084"
"63230"|"63085"
"63590"|"63086"
"63420"|"63087"
"63580"|"63088"
"63720"|"63089"
"63260"|"63090"
"63340"|"63091"
"63410"|"63092"
"63410"|"63093"
"63640"|"63094"
"63290"|"63095"
"63160"|"63096"
"63320"|"63097"
"63680"|"63098"
"63119"|"63099"
"63390"|"63100"
"63330"|"63101"
"63290"|"63102"
"63140"|"63103"
"63660"|"63104"
"63220"|"63105"
"63117"|"63106"
"63720"|"63107"
"63200"|"63108"
"63320"|"63109"
"63740"|"63110"
"63320"|"63111"
"63720"|"63112"
"63000"|"63113"
"63340"|"63114"
"63380"|"63115"
"63460"|"63116"
"63610"|"63117"
"63380"|"63118"
"63490"|"63119"
"63730"|"63120"
"63114"|"63121"
"63320"|"63122"
"63450"|"63123"
"63800"|"63124"
"63120"|"63125"
"63450"|"63126"
"63320"|"63127"
"63350"|"63128"
"63810"|"63129"
"63700"|"63130"
"63350"|"63131"
"63590"|"63132"
"63111"|"63133"
"63340"|"63134"
"63200"|"63135"
"63520"|"63136"
"63220"|"63137"
"63300"|"63138"
"63220"|"63139"
"63700"|"63140"
"63830"|"63141"
"63980"|"63142"
"63260"|"63143"
"63850"|"63144"
"63490"|"63145"
"63160"|"63146"
"63840"|"63147"
"63720"|"63148"
"63720"|"63149"
"63530"|"63150"
"63300"|"63151"
"63390"|"63152"
"63850"|"63153"
"63160"|"63154"
"63520"|"63155"
"63570"|"63156"
"63160"|"63157"
"63630"|"63158"
"63620"|"63159"
"63500"|"63160"
"63600"|"63161"
"63980"|"63162"
"63740"|"63163"
"63360"|"63164"
"63620"|"63165"
"63340"|"63166"
"63200"|"63167"
"63160"|"63168"
"63850"|"63169"
"63230"|"63170"
"63390"|"63171"
"63320"|"63172"
"63600"|"63173"
"63890"|"63174"
"63470"|"63175"
"63210"|"63176"
"63270"|"63177"
"63500"|"63178"
"63990"|"63179"
"63350"|"63180"
"63460"|"63181"
"63570"|"63182"
"63690"|"63183"
"63290"|"63184"
"63570"|"63185"
"63380"|"63186"
"63700"|"63187"
"63270"|"63188"
"63820"|"63189"
"63690"|"63190"
"63760"|"63191"
"63680"|"63192"
"63370"|"63193"
"63190"|"63194"
"63190"|"63195"
"63290"|"63196"
"63440"|"63197"
"63410"|"63198"
"63320"|"63199"
"63360"|"63200"
"63350"|"63201"
"63340"|"63202"
"63200"|"63203"
"63510"|"63204"
"63270"|"63205"
"63410"|"63206"
"63480"|"63207"
"63440"|"63208"
"63340"|"63209"
"63350"|"63210"
"63940"|"63211"
"63200"|"63212"
"63430"|"63213"
"63730"|"63214"
"63720"|"63215"
"63160"|"63216"
"63220"|"63218"
"63230"|"63219"
"63420"|"63220"
"63220"|"63221"
"63320"|"63222"
"63560"|"63223"
"63200"|"63224"
"63750"|"63225"
"63115"|"63226"
"63730"|"63227"
"63380"|"63228"
"63190"|"63229"
"63890"|"63230"
"63650"|"63231"
"63310"|"63232"
"63700"|"63233"
"63320"|"63234"
"63460"|"63235"
"63240"|"63236"
"63380"|"63237"
"63230"|"63238"
"63160"|"63239"
"63260"|"63240"
"63114"|"63241"
"63340"|"63242"
"63700"|"63243"
"63200"|"63244"
"63200"|"63245"
"63150"|"63246"
"63790"|"63247"
"63210"|"63248"
"63120"|"63249"
"63320"|"63250"
"63560"|"63251"
"63160"|"63252"
"63290"|"63253"
"63830"|"63254"
"63340"|"63255"
"63220"|"63256"
"63210"|"63257"
"63880"|"63258"
"63450"|"63259"
"63880"|"63260"
"63500"|"63261"
"63670"|"63262"
"63870"|"63263"
"63210"|"63264"
"63190"|"63265"
"63340"|"63266"
"63550"|"63267"
"63500"|"63268"
"63270"|"63269"
"63500"|"63270"
"63290"|"63271"
"63170"|"63272"
"63800"|"63273"
"63210"|"63274"
"63500"|"63275"
"63920"|"63276"
"63580"|"63277"
"63200"|"63278"
"63113"|"63279"
"63270"|"63280"
"63330"|"63281"
"63730"|"63282"
"63380"|"63283"
"63430"|"63284"
"63230"|"63285"
"63440"|"63286"
"63500"|"63287"
"63200"|"63288"
"63470"|"63289"
"63230"|"63290"
"63290"|"63291"
"63470"|"63292"
"63330"|"63293"
"63780"|"63294"
"63310"|"63295"
"63190"|"63296"
"63160"|"63297"
"63930"|"63298"
"63420"|"63299"
"63200"|"63300"
"63290"|"63301"
"63670"|"63302"
"63420"|"63303"
"63330"|"63304"
"63210"|"63305"
"63800"|"63306"
"63540"|"63307"
"63130"|"63308"
"63840"|"63309"
"63120"|"63310"
"63260"|"63311"
"63220"|"63312"
"63420"|"63313"
"63890"|"63314"
"63450"|"63315"
"63310"|"63317"
"63410"|"63318"
"63660"|"63319"
"63380"|"63320"
"63500"|"63321"
"63360"|"63322"
"63630"|"63323"
"63630"|"63324"
"63800"|"63325"
"63210"|"63326"
"63200"|"63327"
"63580"|"63328"
"63390"|"63329"
"63320"|"63330"
"63660"|"63331"
"63310"|"63332"
"63310"|"63333"
"63520"|"63334"
"63320"|"63335"
"63680"|"63336"
"63890"|"63337"
"63700"|"63338"
"63380"|"63339"
"63580"|"63340"
"63600"|"63341"
"63320"|"63342"
"63520"|"63343"
"63440"|"63344"
"63122"|"63345"
"63850"|"63346"
"63260"|"63347"
"63580"|"63348"
"63780"|"63349"
"63800"|"63350"
"63470"|"63351"
"63340"|"63352"
"63630"|"63353"
"63390"|"63354"
"63880"|"63355"
"63340"|"63356"
"63340"|"63357"
"63440"|"63358"
"63380"|"63359"
"63330"|"63360"
"63720"|"63362"
"63230"|"63363"
"63190"|"63364"
"63520"|"63365"
"63490"|"63366"
"63570"|"63367"
"63160"|"63368"
"63390"|"63369"
"63820"|"63370"
"63600"|"63371"
"63350"|"63372"
"63330"|"63373"
"63600"|"63374"
"63570"|"63375"
"63580"|"63376"
"63330"|"63377"
"63270"|"63378"
"63460"|"63379"
"63710"|"63380"
"63230"|"63381"
"63440"|"63382"
"63610"|"63383"
"63480"|"63384"
"63230"|"63385"
"63210"|"63386"
"63310"|"63387"
"63640"|"63388"
"63490"|"63389"
"63440"|"63390"
"63440"|"63391"
"63500"|"63392"
"63550"|"63393"
"63660"|"63394"
"63450"|"63395"
"63450"|"63396"
"63950"|"63397"
"63220"|"63398"
"63760"|"63399"
"63310"|"63400"
"63790"|"63401"
"63550"|"63402"
"63320"|"63403"
"63500"|"63404"
"63270"|"63405"
"63260"|"63406"
"63970"|"63407"
"63390"|"63408"
"63320"|"63409"
"63470"|"63410"
"63500"|"63411"
"63840"|"63412"
"63730"|"63413"
"63120"|"63414"
"63490"|"63415"
"63750"|"63416"
"63530"|"63417"
"63120"|"63418"
"63560"|"63419"
"63190"|"63420"
"63690"|"63421"
"63500"|"63422"
"63490"|"63423"
"63720"|"63424"
"63450"|"63425"
"63690"|"63426"
"63460"|"63427"
"63560"|"63428"
"63340"|"63429"
"63300"|"63430"
"63600"|"63431"
"63260"|"63432"
"63470"|"63433"
"63590"|"63434"
"63320"|"63435"
"63380"|"63436"
"63810"|"63437"
"63520"|"63438"
"63490"|"63439"
"63610"|"63440"
"63600"|"63441"
"63580"|"63442"
"63720"|"63443"
"63500"|"63444"
"63910"|"63445"
"63260"|"63446"
"63330"|"63447"
"63580"|"63448"
"63710"|"63449"
"63470"|"63450"
"63210"|"63451"
"63320"|"63452"
"63910"|"63453"
"63480"|"63454"
"63960"|"63455"
"63340"|"63456"
"63270"|"63457"
"63340"|"63458"
"63310"|"63459"
"63380"|"63460"
"63350"|"63461"
"63330"|"63462"
"63250"|"63463"
"63410"|"63464"
"63840"|"63465"
"63500"|"63466"
"63620"|"63467"
"63120"|"63468"
"63120"|"63469"
"63530"|"63470"
"63700"|"63471"
"63270"|"63472"
"63200"|"63473"
"64460"|"64001"
"64160"|"64002"
"64150"|"64003"
"64390"|"64004"
"64360"|"64005"
"64490"|"64006"
"64400"|"64007"
"64220"|"64008"
"64210"|"64009"
"64120"|"64010"
"64220"|"64011"
"64130"|"64012"
"64220"|"64013"
"64250"|"64014"
"64470"|"64015"
"64430"|"64016"
"64470"|"64017"
"64120"|"64018"
"64120"|"64019"
"64570"|"64020"
"64420"|"64021"
"64390"|"64022"
"64510"|"64023"
"64600"|"64024"
"64190"|"64025"
"64220"|"64026"
"64160"|"64027"
"64350"|"64028"
"64570"|"64029"
"64270"|"64031"
"64190"|"64032"
"64190"|"64033"
"64120"|"64034"
"64210"|"64035"
"64120"|"64036"
"64230"|"64037"
"64200"|"64038"
"64400"|"64039"
"64570"|"64040"
"64320"|"64041"
"64300"|"64042"
"64450"|"64043"
"64410"|"64044"
"64120"|"64045"
"64640"|"64046"
"64220"|"64047"
"64370"|"64048"
"64120"|"64049"
"64130"|"64050"
"64120"|"64051"
"64350"|"64052"
"64420"|"64053"
"64800"|"64054"
"64350"|"64056"
"64370"|"64057"
"64800"|"64058"
"64420"|"64059"
"64230"|"64060"
"64170"|"64061"
"64260"|"64062"
"64410"|"64063"
"64660"|"64064"
"64310"|"64065"
"64220"|"64066"
"64510"|"64067"
"64800"|"64068"
"64260"|"64069"
"64450"|"64070"
"64390"|"64071"
"64290"|"64072"
"64230"|"64073"
"64330"|"64074"
"64190"|"64075"
"64450"|"64077"
"64450"|"64078"
"64350"|"64079"
"64230"|"64080"
"64130"|"64081"
"64270"|"64082"
"64390"|"64083"
"64330"|"64084"
"64490"|"64085"
"64240"|"64086"
"64300"|"64087"
"64300"|"64088"
"64460"|"64089"
"64330"|"64090"
"64510"|"64091"
"64430"|"64092"
"64130"|"64093"
"64520"|"64094"
"64160"|"64095"
"64390"|"64096"
"64530"|"64097"
"64350"|"64098"
"64190"|"64099"
"64200"|"64100"
"64800"|"64101"
"64100"|"64102"
"64460"|"64103"
"64490"|"64104"
"64120"|"64105"
"64120"|"64106"
"64220"|"64107"
"64270"|"64108"
"64800"|"64109"
"64440"|"64110"
"64460"|"64111"
"64300"|"64112"
"64270"|"64113"
"64160"|"64114"
"64130"|"64115"
"64260"|"64116"
"64150"|"64117"
"64350"|"64118"
"64800"|"64119"
"64120"|"64120"
"64230"|"64121"
"64200"|"64122"
"64520"|"64123"
"64780"|"64124"
"64210"|"64125"
"64400"|"64126"
"64260"|"64127"
"64260"|"64128"
"64140"|"64129"
"64700"|"64130"
"64300"|"64131"
"64320"|"64132"
"64510"|"64133"
"64240"|"64134"
"64300"|"64135"
"64490"|"64136"
"64800"|"64137"
"64510"|"64138"
"64290"|"64139"
"64340"|"64140"
"64330"|"64141"
"64230"|"64142"
"64410"|"64143"
"64370"|"64144"
"64800"|"64145"
"64450"|"64146"
"64240"|"64147"
"64800"|"64148"
"64190"|"64149"
"64120"|"64150"
"64390"|"64151"
"64160"|"64152"
"64330"|"64153"
"64220"|"64154"
"64220"|"64155"
"64680"|"64156"
"64260"|"64157"
"64410"|"64158"
"64330"|"64159"
"64250"|"64160"
"64520"|"64161"
"64470"|"64162"
"64360"|"64165"
"64220"|"64166"
"64160"|"64167"
"64270"|"64168"
"64270"|"64170"
"64170"|"64171"
"64370"|"64172"
"64460"|"64173"
"64460"|"64174"
"64260"|"64175"
"64190"|"64176"
"64300"|"64177"
"64190"|"64178"
"64300"|"64179"
"64330"|"64180"
"64370"|"64181"
"64350"|"64182"
"64230"|"64183"
"64170"|"64184"
"64490"|"64185"
"64190"|"64186"
"64130"|"64187"
"64130"|"64188"
"64500"|"64189"
"64330"|"64190"
"64800"|"64191"
"64330"|"64192"
"64350"|"64193"
"64160"|"64194"
"64410"|"64195"
"64350"|"64196"
"64360"|"64197"
"64230"|"64198"
"64330"|"64199"
"64370"|"64200"
"64190"|"64201"
"64120"|"64202"
"64450"|"64203"
"64440"|"64204"
"64270"|"64205"
"64490"|"64206"
"64870"|"64207"
"64160"|"64208"
"64870"|"64209"
"64350"|"64210"
"64420"|"64211"
"64160"|"64212"
"64250"|"64213"
"64130"|"64214"
"64390"|"64215"
"64420"|"64216"
"64400"|"64217"
"64220"|"64218"
"64290"|"64219"
"64400"|"64220"
"64120"|"64221"
"64470"|"64222"
"64490"|"64223"
"64400"|"64224"
"64570"|"64225"
"64410"|"64226"
"64160"|"64227"
"64120"|"64228"
"64220"|"64229"
"64290"|"64230"
"64130"|"64231"
"64450"|"64232"
"64330"|"64233"
"64410"|"64234"
"64120"|"64235"
"64350"|"64236"
"64110"|"64237"
"64530"|"64238"
"64160"|"64239"
"64260"|"64240"
"64400"|"64241"
"64190"|"64242"
"64370"|"64243"
"64400"|"64244"
"64400"|"64245"
"64420"|"64246"
"64130"|"64247"
"64210"|"64249"
"64520"|"64250"
"64390"|"64251"
"64400"|"64252"
"64190"|"64253"
"64370"|"64254"
"64480"|"64255"
"64240"|"64256"
"64800"|"64257"
"64470"|"64258"
"64640"|"64259"
"64700"|"64260"
"64680"|"64261"
"64160"|"64262"
"64270"|"64263"
"64130"|"64264"
"64120"|"64265"
"64420"|"64266"
"64120"|"64267"
"64130"|"64268"
"64320"|"64269"
"64800"|"64270"
"64640"|"64271"
"64120"|"64272"
"64780"|"64273"
"64220"|"64274"
"64220"|"64275"
"64570"|"64276"
"64240"|"64277"
"64250"|"64279"
"64260"|"64280"
"64190"|"64281"
"64480"|"64282"
"64220"|"64283"
"64110"|"64284"
"64120"|"64285"
"64300"|"64286"
"64390"|"64287"
"64170"|"64288"
"64240"|"64289"
"64170"|"64290"
"64270"|"64291"
"64530"|"64292"
"64460"|"64293"
"64120"|"64294"
"64300"|"64295"
"64300"|"64296"
"64220"|"64297"
"64470"|"64298"
"64360"|"64299"
"64170"|"64300"
"64150"|"64301"
"64800"|"64302"
"64470"|"64303"
"64990"|"64304"
"64270"|"64305"
"64150"|"64306"
"64350"|"64307"
"64450"|"64308"
"64460"|"64309"
"64570"|"64310"
"64350"|"64311"
"64300"|"64312"
"64640"|"64313"
"64120"|"64314"
"64110"|"64315"
"64560"|"64316"
"64480"|"64317"
"64410"|"64318"
"64120"|"64319"
"64440"|"64320"
"64450"|"64321"
"64220"|"64322"
"64350"|"64323"
"64290"|"64324"
"64290"|"64325"
"64190"|"64326"
"64220"|"64327"
"64400"|"64328"
"64320"|"64329"
"64490"|"64330"
"64350"|"64331"
"64450"|"64332"
"64270"|"64334"
"64230"|"64335"
"64490"|"64336"
"64350"|"64337"
"64160"|"64338"
"64800"|"64339"
"64470"|"64340"
"64130"|"64341"
"64560"|"64342"
"64420"|"64343"
"64530"|"64344"
"64120"|"64345"
"64160"|"64346"
"64410"|"64347"
"64140"|"64348"
"64300"|"64349"
"64250"|"64350"
"64570"|"64351"
"64420"|"64352"
"64260"|"64353"
"64440"|"64354"
"64410"|"64355"
"64350"|"64356"
"64350"|"64357"
"64420"|"64358"
"64360"|"64359"
"64660"|"64360"
"64160"|"64361"
"64120"|"64362"
"64260"|"64363"
"64240"|"64364"
"64410"|"64365"
"64330"|"64366"
"64300"|"64367"
"64120"|"64368"
"64350"|"64369"
"64160"|"64370"
"64130"|"64371"
"64460"|"64372"
"64110"|"64373"
"64230"|"64374"
"64120"|"64375"
"64510"|"64376"
"64240"|"64377"
"64130"|"64378"
"64220"|"64379"
"64410"|"64380"
"64190"|"64381"
"64370"|"64382"
"64410"|"64383"
"64450"|"64385"
"64800"|"64386"
"64230"|"64387"
"64350"|"64388"
"64160"|"64389"
"64350"|"64390"
"64130"|"64391"
"64330"|"64392"
"64360"|"64393"
"64350"|"64394"
"64460"|"64395"
"64300"|"64396"
"64410"|"64397"
"64460"|"64398"
"64121"|"64399"
"64800"|"64400"
"64330"|"64401"
"64190"|"64403"
"64470"|"64404"
"64160"|"64405"
"64370"|"64406"
"64990"|"64407"
"64330"|"64408"
"64400"|"64409"
"64150"|"64410"
"64130"|"64411"
"64190"|"64412"
"64510"|"64413"
"64190"|"64414"
"64450"|"64415"
"64190"|"64416"
"64800"|"64417"
"64150"|"64418"
"64420"|"64419"
"64190"|"64420"
"64680"|"64421"
"64400"|"64422"
"64390"|"64423"
"64130"|"64424"
"64120"|"64425"
"64400"|"64426"
"64390"|"64427"
"64390"|"64428"
"64120"|"64429"
"64300"|"64430"
"64150"|"64431"
"64470"|"64432"
"64490"|"64433"
"64190"|"64434"
"64390"|"64435"
"64780"|"64436"
"64120"|"64437"
"64160"|"64438"
"64320"|"64439"
"64300"|"64440"
"64120"|"64441"
"64360"|"64442"
"64150"|"64443"
"64800"|"64444"
"64000"|"64445"
"64350"|"64446"
"64410"|"64447"
"64230"|"64448"
"64400"|"64449"
"64370"|"64450"
"64460"|"64451"
"64460"|"64452"
"64530"|"64453"
"64460"|"64454"
"64330"|"64455"
"64410"|"64456"
"64410"|"64457"
"64190"|"64458"
"64190"|"64459"
"64400"|"64460"
"64270"|"64461"
"64270"|"64462"
"64260"|"64463"
"64330"|"64464"
"64160"|"64465"
"64190"|"64466"
"64110"|"64467"
"64130"|"64468"
"64800"|"64469"
"64160"|"64470"
"64300"|"64471"
"64160"|"64472"
"64260"|"64473"
"64270"|"64474"
"64560"|"64475"
"64640"|"64476"
"64430"|"64477"
"64110"|"64478"
"64300"|"64479"
"64390"|"64480"
"64400"|"64481"
"64160"|"64482"
"64500"|"64483"
"64220"|"64484"
"64220"|"64485"
"64330"|"64486"
"64120"|"64487"
"64160"|"64488"
"64640"|"64489"
"64780"|"64490"
"64370"|"64491"
"64220"|"64492"
"64120"|"64493"
"64270"|"64494"
"64310"|"64495"
"64990"|"64496"
"64800"|"64498"
"64270"|"64499"
"64300"|"64500"
"64300"|"64501"
"64520"|"64502"
"64350"|"64503"
"64310"|"64504"
"64300"|"64505"
"64490"|"64506"
"64420"|"64507"
"64400"|"64508"
"64470"|"64509"
"64300"|"64510"
"64230"|"64511"
"64150"|"64512"
"64390"|"64513"
"64410"|"64514"
"64160"|"64515"
"64160"|"64516"
"64350"|"64517"
"64320"|"64518"
"64121"|"64519"
"64160"|"64520"
"64170"|"64521"
"64260"|"64522"
"64160"|"64523"
"64350"|"64524"
"64230"|"64525"
"64420"|"64526"
"64250"|"64527"
"64780"|"64528"
"64190"|"64529"
"64190"|"64530"
"64190"|"64531"
"64330"|"64532"
"64470"|"64533"
"64330"|"64534"
"64360"|"64535"
"64450"|"64536"
"64470"|"64537"
"64220"|"64538"
"64120"|"64539"
"64990"|"64540"
"64370"|"64541"
"64490"|"64542"
"64430"|"64543"
"64160"|"64544"
"64122"|"64545"
"64240"|"64546"
"64480"|"64547"
"64370"|"64548"
"64230"|"64549"
"64110"|"64550"
"64400"|"64551"
"64330"|"64552"
"64170"|"64554"
"64190"|"64555"
"64150"|"64556"
"64410"|"64557"
"64990"|"64558"
"64130"|"64559"
"64450"|"64560"
"65260"|"65001"
"65100"|"65002"
"65240"|"65003"
"65400"|"65004"
"65360"|"65005"
"65440"|"65006"
"65390"|"65007"
"65150"|"65009"
"65690"|"65010"
"65100"|"65011"
"65370"|"65012"
"65140"|"65013"
"65370"|"65014"
"65220"|"65015"
"65200"|"65016"
"65170"|"65017"
"65560"|"65018"
"65360"|"65019"
"65100"|"65020"
"65400"|"65021"
"65400"|"65022"
"65240"|"65023"
"65200"|"65024"
"65400"|"65025"
"65230"|"65026"
"65240"|"65027"
"65670"|"65028"
"65400"|"65029"
"65240"|"65031"
"65400"|"65032"
"65100"|"65033"
"65130"|"65034"
"65500"|"65035"
"65400"|"65036"
"65130"|"65037"
"65100"|"65038"
"65240"|"65039"
"65100"|"65040"
"65130"|"65041"
"65200"|"65042"
"65200"|"65043"
"65350"|"65044"
"65400"|"65045"
"65240"|"65046"
"65800"|"65047"
"65390"|"65048"
"65700"|"65049"
"65240"|"65050"
"65660"|"65051"
"65380"|"65052"
"65370"|"65053"
"65130"|"65054"
"65400"|"65055"
"65400"|"65056"
"65380"|"65057"
"65170"|"65058"
"65200"|"65059"
"65200"|"65060"
"65140"|"65061"
"65690"|"65062"
"65360"|"65063"
"65240"|"65064"
"65100"|"65065"
"65240"|"65066"
"65380"|"65067"
"65230"|"65068"
"65250"|"65069"
"65100"|"65070"
"65130"|"65071"
"65460"|"65072"
"65140"|"65073"
"65670"|"65074"
"65170"|"65075"
"65250"|"65076"
"65400"|"65077"
"65710"|"65078"
"65190"|"65079"
"65380"|"65080"
"65130"|"65081"
"65100"|"65082"
"65360"|"65083"
"65360"|"65084"
"65220"|"65085"
"65190"|"65086"
"65370"|"65087"
"65230"|"65088"
"65120"|"65089"
"65230"|"65090"
"65130"|"65091"
"65410"|"65092"
"65150"|"65093"
"65150"|"65094"
"65220"|"65095"
"65130"|"65096"
"65330"|"65097"
"65400"|"65098"
"65590"|"65099"
"65320"|"65100"
"65190"|"65101"
"65140"|"65102"
"65350"|"65103"
"65350"|"65104"
"65130"|"65105"
"65170"|"65106"
"65100"|"65107"
"65460"|"65108"
"65370"|"65109"
"65220"|"65110"
"65130"|"65111"
"65400"|"65112"
"65190"|"65113"
"65140"|"65114"
"65350"|"65115"
"65240"|"65116"
"65170"|"65117"
"65190"|"65118"
"65500"|"65119"
"65190"|"65120"
"65500"|"65121"
"65410"|"65122"
"65710"|"65123"
"65170"|"65124"
"65300"|"65125"
"65230"|"65126"
"65130"|"65127"
"65330"|"65128"
"65230"|"65129"
"65700"|"65130"
"65350"|"65131"
"65190"|"65132"
"65350"|"65133"
"65230"|"65134"
"65130"|"65135"
"65230"|"65136"
"65700"|"65137"
"65110"|"65138"
"65370"|"65139"
"65590"|"65140"
"65240"|"65141"
"65350"|"65142"
"65130"|"65143"
"65100"|"65144"
"65120"|"65145"
"65800"|"65146"
"65200"|"65147"
"65230"|"65148"
"65190"|"65149"
"65300"|"65150"
"65350"|"65151"
"65350"|"65153"
"65370"|"65154"
"65230"|"65155"
"65350"|"65156"
"65170"|"65157"
"65370"|"65158"
"65250"|"65159"
"65500"|"65160"
"65140"|"65161"
"65130"|"65162"
"65130"|"65163"
"65100"|"65164"
"65130"|"65165"
"65130"|"65166"
"65130"|"65167"
"65120"|"65168"
"65400"|"65169"
"65220"|"65170"
"65240"|"65171"
"65170"|"65172"
"65120"|"65173"
"65700"|"65174"
"65370"|"65175"
"65560"|"65176"
"65220"|"65177"
"65220"|"65178"
"65130"|"65179"
"65240"|"65180"
"65190"|"65181"
"65400"|"65182"
"65330"|"65183"
"65330"|"65184"
"65320"|"65185"
"65370"|"65186"
"65670"|"65187"
"65120"|"65188"
"65320"|"65189"
"65250"|"65190"
"65100"|"65191"
"65120"|"65192"
"65370"|"65193"
"65150"|"65194"
"65240"|"65195"
"65140"|"65196"
"65100"|"65197"
"65200"|"65198"
"65240"|"65199"
"65200"|"65200"
"65100"|"65201"
"65400"|"65202"
"65100"|"65203"
"65350"|"65204"
"65240"|"65205"
"65190"|"65206"
"65130"|"65207"
"65170"|"65208"
"65240"|"65209"
"65120"|"65210"
"65170"|"65211"
"65240"|"65212"
"65230"|"65213"
"65230"|"65214"
"65700"|"65215"
"65200"|"65216"
"65150"|"65217"
"65250"|"65218"
"65700"|"65219"
"65380"|"65220"
"65200"|"65221"
"65190"|"65222"
"65310"|"65223"
"65330"|"65224"
"65350"|"65225"
"65420"|"65226"
"65410"|"65228"
"65370"|"65229"
"65370"|"65230"
"65250"|"65231"
"65350"|"65232"
"65100"|"65233"
"65240"|"65234"
"65290"|"65235"
"65100"|"65236"
"65100"|"65237"
"65200"|"65238"
"65130"|"65239"
"65700"|"65240"
"65130"|"65241"
"65140"|"65242"
"65700"|"65243"
"65320"|"65244"
"65300"|"65245"
"65100"|"65247"
"65700"|"65248"
"65230"|"65249"
"65220"|"65250"
"65310"|"65251"
"65380"|"65252"
"65220"|"65253"
"65140"|"65254"
"65240"|"65255"
"65190"|"65256"
"65380"|"65257"
"65300"|"65258"
"65350"|"65259"
"65220"|"65260"
"65670"|"65261"
"65700"|"65262"
"65230"|"65263"
"65700"|"65264"
"65350"|"65265"
"65670"|"65266"
"65400"|"65267"
"65380"|"65268"
"65140"|"65269"
"65190"|"65270"
"65100"|"65271"
"65190"|"65272"
"65140"|"65273"
"65330"|"65274"
"65200"|"65275"
"65350"|"65276"
"65150"|"65277"
"65130"|"65278"
"65250"|"65279"
"65100"|"65280"
"65200"|"65281"
"65510"|"65282"
"65240"|"65283"
"65290"|"65284"
"65350"|"65285"
"65100"|"65286"
"65370"|"65287"
"65220"|"65288"
"65220"|"65289"
"65190"|"65290"
"65100"|"65291"
"65320"|"65292"
"65220"|"65293"
"65300"|"65294"
"65120"|"65295"
"65700"|"65296"
"65140"|"65297"
"65350"|"65298"
"65500"|"65299"
"65200"|"65300"
"65350"|"65301"
"65190"|"65303"
"65700"|"65304"
"65370"|"65305"
"65130"|"65306"
"65150"|"65307"
"65220"|"65308"
"65250"|"65309"
"65200"|"65310"
"65140"|"65311"
"65130"|"65312"
"65360"|"65313"
"65140"|"65314"
"65670"|"65315"
"65670"|"65316"
"65240"|"65317"
"65330"|"65318"
"65150"|"65319"
"65200"|"65320"
"65690"|"65321"
"65250"|"65322"
"65150"|"65323"
"65190"|"65324"
"65140"|"65325"
"65350"|"65326"
"65150"|"65327"
"65200"|"65328"
"65150"|"65329"
"65500"|"65330"
"65310"|"65331"
"65350"|"65332"
"65190"|"65333"
"65100"|"65334"
"65200"|"65335"
"65230"|"65336"
"65190"|"65337"
"65200"|"65338"
"65380"|"65339"
"65800"|"65340"
"65320"|"65341"
"65350"|"65342"
"65100"|"65343"
"65380"|"65344"
"65100"|"65345"
"65190"|"65346"
"65370"|"65347"
"65100"|"65348"
"65100"|"65349"
"65490"|"65350"
"65100"|"65351"
"65400"|"65352"
"65190"|"65353"
"65240"|"65354"
"65100"|"65355"
"65130"|"65356"
"65190"|"65357"
"65230"|"65358"
"65350"|"65359"
"65270"|"65360"
"65140"|"65361"
"65260"|"65362"
"65300"|"65363"
"65320"|"65364"
"65100"|"65366"
"65190"|"65367"
"65230"|"65368"
"65350"|"65369"
"65200"|"65370"
"65400"|"65371"
"65500"|"65372"
"65230"|"65373"
"65220"|"65374"
"65140"|"65375"
"65330"|"65376"
"65300"|"65377"
"65190"|"65378"
"65590"|"65379"
"65350"|"65380"
"65330"|"65381"
"65370"|"65382"
"65220"|"65383"
"65170"|"65384"
"65250"|"65385"
"65100"|"65386"
"65700"|"65387"
"65170"|"65388"
"65150"|"65389"
"65500"|"65390"
"65370"|"65391"
"65360"|"65392"
"65400"|"65393"
"65150"|"65394"
"65270"|"65395"
"65400"|"65396"
"65140"|"65397"
"65370"|"65398"
"65120"|"65399"
"65400"|"65400"
"65360"|"65401"
"65370"|"65402"
"65500"|"65403"
"65230"|"65404"
"65130"|"65405"
"65390"|"65406"
"65370"|"65407"
"65410"|"65408"
"65140"|"65409"
"65600"|"65410"
"65120"|"65411"
"65700"|"65412"
"65120"|"65413"
"65140"|"65414"
"65100"|"65415"
"65150"|"65416"
"65600"|"65417"
"65140"|"65418"
"65330"|"65419"
"65400"|"65420"
"65100"|"65421"
"65320"|"65422"
"65220"|"65423"
"65120"|"65424"
"65500"|"65425"
"65190"|"65426"
"65370"|"65427"
"65400"|"65428"
"65700"|"65429"
"65350"|"65430"
"65370"|"65431"
"65700"|"65432"
"65430"|"65433"
"65260"|"65435"
"65350"|"65436"
"65300"|"65437"
"65500"|"65438"
"65320"|"65439"
"65000"|"65440"
"65370"|"65441"
"65230"|"65442"
"65350"|"65443"
"65150"|"65444"
"65130"|"65445"
"65140"|"65446"
"65190"|"65447"
"65220"|"65448"
"65330"|"65449"
"65170"|"65450"
"65200"|"65451"
"65220"|"65452"
"65370"|"65453"
"65140"|"65454"
"65150"|"65455"
"65300"|"65456"
"65140"|"65457"
"65400"|"65458"
"65200"|"65459"
"65500"|"65460"
"65220"|"65461"
"65700"|"65462"
"65120"|"65463"
"65360"|"65464"
"65170"|"65465"
"65240"|"65466"
"65400"|"65467"
"65230"|"65468"
"65120"|"65469"
"65100"|"65470"
"65170"|"65471"
"65700"|"65472"
"65260"|"65473"
"65220"|"65474"
"65230"|"65475"
"65500"|"65476"
"65500"|"65477"
"65120"|"65478"
"65200"|"65479"
"65120"|"65480"
"65120"|"65481"
"65150"|"65482"
"66480"|"66001"
"66200"|"66002"
"66110"|"66003"
"66210"|"66004"
"66760"|"66005"
"66220"|"66006"
"66320"|"66007"
"66700"|"66008"
"66150"|"66009"
"66360"|"66010"
"66670"|"66011"
"66540"|"66012"
"66320"|"66013"
"66390"|"66014"
"66300"|"66015"
"66650"|"66016"
"66420"|"66017"
"66110"|"66018"
"66720"|"66019"
"66210"|"66020"
"66430"|"66021"
"66130"|"66022"
"66130"|"66023"
"66160"|"66024"
"66760"|"66025"
"66620"|"66026"
"66210"|"66027"
"66330"|"66028"
"66300"|"66029"
"66600"|"66030"
"66400"|"66032"
"66300"|"66033"
"66500"|"66034"
"66730"|"66035"
"66360"|"66036"
"66140"|"66037"
"66680"|"66038"
"66720"|"66039"
"66130"|"66040"
"66600"|"66041"
"66720"|"66042"
"66820"|"66043"
"66300"|"66044"
"66500"|"66045"
"66220"|"66046"
"66360"|"66047"
"66290"|"66048"
"66400"|"66049"
"66530"|"66050"
"66500"|"66051"
"66500"|"66052"
"66190"|"66053"
"66500"|"66054"
"66130"|"66055"
"66130"|"66056"
"66820"|"66057"
"66550"|"66058"
"66200"|"66059"
"66150"|"66060"
"66260"|"66061"
"66760"|"66062"
"66480"|"66063"
"66120"|"66064"
"66200"|"66065"
"66760"|"66066"
"66800"|"66067"
"66360"|"66068"
"66600"|"66069"
"66320"|"66070"
"66310"|"66071"
"66800"|"66072"
"66320"|"66073"
"66500"|"66074"
"66800"|"66075"
"66730"|"66076"
"66220"|"66077"
"66820"|"66078"
"66320"|"66079"
"66360"|"66080"
"66210"|"66081"
"66210"|"66082"
"66220"|"66083"
"66300"|"66084"
"66820"|"66085"
"66320"|"66086"
"66130"|"66088"
"66320"|"66089"
"66360"|"66090"
"66230"|"66091"
"66720"|"66092"
"66740"|"66093"
"66200"|"66094"
"66760"|"66095"
"66720"|"66096"
"66220"|"66097"
"66210"|"66098"
"66300"|"66099"
"66800"|"66100"
"66300"|"66101"
"66360"|"66102"
"66320"|"66103"
"66500"|"66104"
"66210"|"66105"
"66480"|"66106"
"66460"|"66107"
"66170"|"66108"
"66500"|"66109"
"66130"|"66111"
"66300"|"66112"
"66110"|"66113"
"66200"|"66114"
"66740"|"66115"
"66150"|"66116"
"66210"|"66117"
"66720"|"66118"
"66500"|"66119"
"66340"|"66120"
"66170"|"66121"
"66500"|"66122"
"66360"|"66123"
"66120"|"66124"
"66360"|"66125"
"66400"|"66126"
"66600"|"66127"
"66360"|"66128"
"66560"|"66129"
"66340"|"66130"
"66340"|"66132"
"66690"|"66133"
"66300"|"66134"
"66000"|"66136"
"66480"|"66137"
"66600"|"66138"
"66730"|"66139"
"66370"|"66140"
"66380"|"66141"
"66210"|"66142"
"66720"|"66143"
"66450"|"66144"
"66300"|"66145"
"66760"|"66146"
"66760"|"66147"
"66660"|"66148"
"66500"|"66149"
"66230"|"66150"
"66730"|"66151"
"66220"|"66152"
"66130"|"66153"
"66210"|"66154"
"66360"|"66155"
"66730"|"66156"
"66360"|"66157"
"66720"|"66158"
"66210"|"66159"
"66400"|"66160"
"66500"|"66161"
"66320"|"66162"
"66600"|"66164"
"66320"|"66165"
"66360"|"66166"
"66800"|"66167"
"66690"|"66168"
"66220"|"66169"
"66300"|"66170"
"66750"|"66171"
"66240"|"66172"
"66170"|"66173"
"66170"|"66174"
"66740"|"66175"
"66510"|"66176"
"66300"|"66177"
"66490"|"66178"
"66260"|"66179"
"66250"|"66180"
"66800"|"66181"
"66470"|"66182"
"66110"|"66183"
"66220"|"66184"
"66130"|"66185"
"66570"|"66186"
"66220"|"66187"
"66210"|"66188"
"66280"|"66189"
"66600"|"66190"
"66360"|"66191"
"66210"|"66192"
"66360"|"66193"
"66230"|"66194"
"66270"|"66195"
"66690"|"66196"
"66360"|"66197"
"66730"|"66198"
"66400"|"66199"
"66320"|"66201"
"66120"|"66202"
"66110"|"66203"
"66500"|"66204"
"66720"|"66205"
"66230"|"66206"
"66300"|"66207"
"66200"|"66208"
"66360"|"66209"
"66300"|"66210"
"66300"|"66211"
"66440"|"66212"
"66350"|"66213"
"66300"|"66214"
"66130"|"66215"
"66220"|"66216"
"66300"|"66217"
"66760"|"66218"
"66500"|"66219"
"66340"|"66220"
"66320"|"66221"
"66820"|"66222"
"66500"|"66223"
"66410"|"66224"
"66740"|"66225"
"66300"|"66226"
"66180"|"66227"
"66610"|"66228"
"66320"|"66230"
"66600"|"66231"
"66220"|"66232"
"66490"|"66233"
"66730"|"66234"
"67204"|"67001"
"67320"|"67002"
"67220"|"67003"
"67310"|"67004"
"67270"|"67005"
"67490"|"67006"
"67120"|"67008"
"67260"|"67009"
"67140"|"67010"
"67390"|"67011"
"67250"|"67012"
"67320"|"67013"
"67480"|"67014"
"67120"|"67016"
"67320"|"67017"
"67310"|"67018"
"67600"|"67019"
"67130"|"67020"
"67140"|"67021"
"67220"|"67022"
"67500"|"67023"
"67930"|"67025"
"67130"|"67026"
"67130"|"67027"
"67230"|"67028"
"67320"|"67029"
"67310"|"67030"
"67210"|"67031"
"67140"|"67032"
"67170"|"67033"
"67370"|"67034"
"67170"|"67035"
"67320"|"67036"
"67360"|"67037"
"67720"|"67038"
"67170"|"67039"
"67600"|"67040"
"67440"|"67041"
"67800"|"67043"
"67340"|"67044"
"67870"|"67045"
"67240"|"67046"
"67260"|"67047"
"67350"|"67048"
"67113"|"67049"
"67130"|"67050"
"67650"|"67051"
"67530"|"67052"
"67390"|"67053"
"67150"|"67054"
"67860"|"67055"
"67390"|"67056"
"67330"|"67057"
"67270"|"67058"
"67420"|"67059"
"67140"|"67060"
"67330"|"67061"
"67220"|"67062"
"67220"|"67063"
"67112"|"67065"
"67130"|"67066"
"67170"|"67067"
"67350"|"67068"
"67470"|"67069"
"67260"|"67070"
"67320"|"67071"
"67430"|"67072"
"67730"|"67073"
"67160"|"67074"
"67510"|"67075"
"67420"|"67076"
"67310"|"67077"
"67310"|"67078"
"67470"|"67079"
"67120"|"67080"
"67310"|"67081"
"67770"|"67082"
"67110"|"67083"
"67650"|"67084"
"67310"|"67085"
"67150"|"67086"
"67350"|"67087"
"67430"|"67088"
"67490"|"67089"
"67230"|"67090"
"67260"|"67091"
"67220"|"67092"
"67360"|"67093"
"67650"|"67094"
"67430"|"67095"
"67440"|"67096"
"67370"|"67097"
"67190"|"67098"
"67430"|"67099"
"67170"|"67100"
"67120"|"67101"
"67117"|"67102"
"67330"|"67103"
"67160"|"67104"
"67320"|"67105"
"67410"|"67106"
"67270"|"67107"
"67120"|"67108"
"67270"|"67109"
"67360"|"67110"
"67320"|"67111"
"67120"|"67112"
"67470"|"67113"
"67600"|"67115"
"67600"|"67116"
"67700"|"67117"
"67201"|"67118"
"67550"|"67119"
"67140"|"67120"
"67390"|"67121"
"67710"|"67122"
"67350"|"67123"
"67960"|"67124"
"67680"|"67125"
"67290"|"67126"
"67120"|"67127"
"67120"|"67128"
"67330"|"67129"
"67150"|"67130"
"67114"|"67131"
"67360"|"67132"
"67320"|"67133"
"67320"|"67134"
"67350"|"67135"
"67320"|"67136"
"67640"|"67137"
"67117"|"67138"
"67310"|"67139"
"67480"|"67140"
"67580"|"67141"
"67480"|"67142"
"67220"|"67143"
"67130"|"67144"
"67490"|"67145"
"67860"|"67146"
"67360"|"67147"
"67290"|"67148"
"67700"|"67149"
"67117"|"67150"
"67760"|"67151"
"67118"|"67152"
"67270"|"67153"
"67150"|"67154"
"67140"|"67155"
"67170"|"67156"
"67270"|"67158"
"67320"|"67159"
"67360"|"67160"
"67700"|"67161"
"67490"|"67162"
"67270"|"67163"
"67210"|"67164"
"67130"|"67165"
"67350"|"67166"
"67190"|"67167"
"67190"|"67168"
"67240"|"67169"
"67870"|"67172"
"67370"|"67173"
"67110"|"67174"
"67110"|"67176"
"67360"|"67177"
"67320"|"67178"
"67700"|"67179"
"67500"|"67180"
"67117"|"67181"
"67980"|"67182"
"67260"|"67183"
"67690"|"67184"
"67330"|"67185"
"67360"|"67186"
"67390"|"67187"
"67190"|"67188"
"67140"|"67189"
"67440"|"67190"
"67260"|"67191"
"67230"|"67192"
"67850"|"67194"
"67390"|"67195"
"67600"|"67196"
"67150"|"67197"
"67290"|"67198"
"67260"|"67199"
"67150"|"67200"
"67320"|"67201"
"67270"|"67202"
"67170"|"67203"
"67800"|"67204"
"67720"|"67205"
"67250"|"67206"
"67170"|"67207"
"67310"|"67208"
"67270"|"67209"
"67140"|"67210"
"67810"|"67212"
"67250"|"67213"
"67117"|"67214"
"67270"|"67215"
"67230"|"67216"
"67640"|"67217"
"67400"|"67218"
"67270"|"67220"
"67250"|"67221"
"67340"|"67222"
"67880"|"67223"
"67330"|"67225"
"67117"|"67226"
"67140"|"67227"
"67370"|"67228"
"67440"|"67229"
"67240"|"67230"
"67480"|"67231"
"67250"|"67232"
"67230"|"67233"
"67260"|"67234"
"67930"|"67235"
"67270"|"67236"
"67840"|"67237"
"67350"|"67238"
"67600"|"67239"
"67520"|"67240"
"67320"|"67241"
"67330"|"67242"
"67440"|"67244"
"67310"|"67245"
"67230"|"67246"
"67120"|"67247"
"67880"|"67248"
"67170"|"67249"
"67170"|"67250"
"67240"|"67252"
"67520"|"67253"
"67250"|"67254"
"67220"|"67255"
"67450"|"67256"
"67250"|"67257"
"67700"|"67258"
"67360"|"67259"
"67580"|"67260"
"67630"|"67261"
"67510"|"67263"
"67480"|"67264"
"67340"|"67265"
"67150"|"67266"
"67380"|"67267"
"67640"|"67268"
"67490"|"67269"
"67270"|"67270"
"67250"|"67271"
"67440"|"67272"
"67290"|"67273"
"67430"|"67274"
"67490"|"67275"
"67130"|"67276"
"67390"|"67277"
"67430"|"67278"
"67700"|"67279"
"67220"|"67280"
"67390"|"67281"
"67520"|"67282"
"67440"|"67283"
"67150"|"67285"
"67210"|"67286"
"67270"|"67287"
"67250"|"67288"
"67340"|"67289"
"67250"|"67290"
"67580"|"67291"
"67580"|"67292"
"67270"|"67293"
"67140"|"67295"
"67206"|"67296"
"67170"|"67297"
"67170"|"67298"
"67190"|"67299"
"67120"|"67300"
"67670"|"67301"
"67700"|"67302"
"67360"|"67303"
"67350"|"67304"
"67470"|"67305"
"67130"|"67306"
"67350"|"67307"
"67470"|"67308"
"67450"|"67309"
"67600"|"67310"
"67600"|"67311"
"67270"|"67312"
"67190"|"67313"
"67130"|"67314"
"67630"|"67315"
"67220"|"67317"
"67480"|"67319"
"67220"|"67320"
"67130"|"67321"
"67330"|"67322"
"67110"|"67324"
"67280"|"67325"
"67207"|"67326"
"67630"|"67327"
"67350"|"67328"
"67210"|"67329"
"67470"|"67330"
"67500"|"67331"
"67330"|"67333"
"67510"|"67334"
"67520"|"67335"
"67150"|"67336"
"67680"|"67337"
"67230"|"67338"
"67660"|"67339"
"67110"|"67340"
"67360"|"67341"
"67280"|"67342"
"67205"|"67343"
"67160"|"67344"
"67240"|"67345"
"67160"|"67346"
"67330"|"67347"
"67210"|"67348"
"67250"|"67349"
"67203"|"67350"
"67160"|"67351"
"67330"|"67352"
"67510"|"67353"
"67520"|"67354"
"67970"|"67355"
"67850"|"67356"
"67340"|"67358"
"67590"|"67359"
"67390"|"67360"
"67170"|"67361"
"67600"|"67362"
"67990"|"67363"
"67150"|"67364"
"67540"|"67365"
"67700"|"67366"
"67700"|"67367"
"67530"|"67368"
"67320"|"67369"
"67290"|"67370"
"67290"|"67371"
"67350"|"67372"
"67320"|"67373"
"67370"|"67374"
"67370"|"67375"
"67420"|"67377"
"67115"|"67378"
"67250"|"67379"
"67490"|"67380"
"67290"|"67381"
"67117"|"67382"
"67310"|"67383"
"67420"|"67384"
"67430"|"67385"
"67320"|"67386"
"67140"|"67387"
"67110"|"67388"
"67116"|"67389"
"67440"|"67391"
"67340"|"67392"
"67250"|"67394"
"67440"|"67395"
"67320"|"67396"
"67860"|"67397"
"67390"|"67398"
"67160"|"67400"
"67260"|"67401"
"67350"|"67402"
"67350"|"67403"
"67690"|"67404"
"67480"|"67405"
"67270"|"67406"
"67410"|"67407"
"67310"|"67408"
"67480"|"67409"
"67560"|"67410"
"67560"|"67411"
"67230"|"67412"
"67290"|"67413"
"67570"|"67414"
"67340"|"67415"
"67160"|"67416"
"67170"|"67417"
"67480"|"67418"
"67130"|"67420"
"67420"|"67421"
"67390"|"67422"
"67270"|"67423"
"67420"|"67424"
"67700"|"67425"
"67220"|"67426"
"67220"|"67427"
"67530"|"67428"
"67140"|"67429"
"67220"|"67430"
"67440"|"67431"
"67160"|"67432"
"67230"|"67433"
"67260"|"67434"
"67260"|"67435"
"67420"|"67436"
"67700"|"67437"
"67150"|"67438"
"67270"|"67439"
"67470"|"67440"
"67350"|"67441"
"67310"|"67442"
"67630"|"67443"
"67270"|"67444"
"67750"|"67445"
"67340"|"67446"
"67300"|"67447"
"67130"|"67448"
"67240"|"67449"
"67240"|"67450"
"67160"|"67451"
"67370"|"67452"
"67390"|"67453"
"67320"|"67454"
"67250"|"67455"
"67260"|"67456"
"67590"|"67458"
"67440"|"67459"
"67270"|"67460"
"67390"|"67461"
"67600"|"67462"
"67470"|"67463"
"67230"|"67464"
"67770"|"67465"
"67160"|"67466"
"67320"|"67467"
"67260"|"67468"
"67440"|"67469"
"67130"|"67470"
"67460"|"67471"
"67620"|"67472"
"67120"|"67473"
"67250"|"67474"
"67340"|"67475"
"67770"|"67476"
"67220"|"67477"
"67790"|"67478"
"67160"|"67479"
"67190"|"67480"
"67140"|"67481"
"67000"|"67482"
"67290"|"67483"
"67250"|"67484"
"67370"|"67485"
"67920"|"67486"
"67250"|"67487"
"67320"|"67488"
"67440"|"67489"
"67220"|"67490"
"67290"|"67491"
"67310"|"67492"
"67220"|"67493"
"67470"|"67494"
"67370"|"67495"
"67350"|"67496"
"67350"|"67497"
"67350"|"67498"
"67220"|"67499"
"67280"|"67500"
"67150"|"67501"
"67110"|"67502"
"67330"|"67503"
"67210"|"67504"
"67730"|"67505"
"67550"|"67506"
"67220"|"67507"
"67430"|"67508"
"67290"|"67509"
"67170"|"67510"
"67360"|"67511"
"67350"|"67512"
"67130"|"67513"
"67430"|"67514"
"67700"|"67515"
"67670"|"67516"
"67520"|"67517"
"67610"|"67519"
"67310"|"67520"
"67340"|"67521"
"67290"|"67522"
"67500"|"67523"
"67340"|"67524"
"67310"|"67525"
"67230"|"67526"
"67440"|"67527"
"67320"|"67528"
"67720"|"67529"
"67270"|"67530"
"67130"|"67531"
"67370"|"67532"
"67270"|"67534"
"67290"|"67535"
"67110"|"67536"
"67510"|"67537"
"67290"|"67538"
"67170"|"67539"
"67590"|"67540"
"67470"|"67541"
"67370"|"67542"
"67130"|"67543"
"67160"|"67544"
"67230"|"67545"
"67670"|"67546"
"67820"|"67547"
"67370"|"67548"
"67360"|"67550"
"67202"|"67551"
"67260"|"67552"
"67700"|"67553"
"67120"|"67554"
"67310"|"67555"
"67310"|"67556"
"67140"|"67557"
"67110"|"67558"
"67290"|"67559"
"67270"|"67560"
"68600"|"68001"
"68210"|"68002"
"68130"|"68004"
"68770"|"68005"
"68210"|"68006"
"68280"|"68007"
"68280"|"68008"
"68320"|"68009"
"68130"|"68010"
"68700"|"68011"
"68700"|"68012"
"68220"|"68013"
"68150"|"68014"
"68390"|"68015"
"68740"|"68016"
"68210"|"68017"
"68210"|"68018"
"68320"|"68019"
"68490"|"68020"
"68870"|"68021"
"68390"|"68022"
"68980"|"68023"
"68210"|"68024"
"68480"|"68025"
"68630"|"68026"
"68130"|"68027"
"68750"|"68028"
"68500"|"68029"
"68500"|"68030"
"68210"|"68031"
"68500"|"68032"
"68560"|"68033"
"68480"|"68034"
"68480"|"68035"
"68600"|"68036"
"68127"|"68037"
"68320"|"68038"
"68580"|"68039"
"68620"|"68040"
"68740"|"68041"
"68730"|"68042"
"68540"|"68043"
"68650"|"68044"
"68290"|"68045"
"68290"|"68046"
"68480"|"68049"
"68210"|"68050"
"68380"|"68051"
"68780"|"68052"
"68870"|"68054"
"68440"|"68055"
"68350"|"68056"
"68210"|"68057"
"68530"|"68058"
"68520"|"68059"
"68520"|"68060"
"68220"|"68061"
"68130"|"68062"
"68700"|"68063"
"68490"|"68064"
"68210"|"68065"
"68000"|"68066"
"68480"|"68067"
"68210"|"68068"
"68600"|"68069"
"68350"|"68070"
"68780"|"68071"
"68440"|"68072"
"68290"|"68073"
"68480"|"68074"
"68480"|"68075"
"68320"|"68076"
"68720"|"68077"
"68420"|"68078"
"68210"|"68079"
"68130"|"68080"
"68720"|"68081"
"68190"|"68082"
"68140"|"68083"
"68440"|"68084"
"68210"|"68085"
"68210"|"68086"
"68640"|"68087"
"68540"|"68088"
"68470"|"68089"
"68480"|"68090"
"68740"|"68091"
"68480"|"68092"
"68720"|"68093"
"68220"|"68094"
"68320"|"68095"
"68130"|"68096"
"68240"|"68097"
"68580"|"68098"
"68720"|"68099"
"68210"|"68100"
"68990"|"68101"
"68690"|"68102"
"68510"|"68103"
"68600"|"68104"
"68210"|"68105"
"68760"|"68106"
"68210"|"68107"
"68960"|"68108"
"68140"|"68109"
"68320"|"68110"
"68420"|"68111"
"68500"|"68112"
"68970"|"68113"
"68210"|"68114"
"68116"|"68115"
"68250"|"68116"
"68140"|"68117"
"68440"|"68118"
"68210"|"68119"
"68220"|"68120"
"68220"|"68121"
"68500"|"68122"
"68420"|"68123"
"68130"|"68124"
"68210"|"68125"
"68220"|"68126"
"68720"|"68127"
"68560"|"68128"
"68990"|"68129"
"68600"|"68130"
"68130"|"68131"
"68510"|"68132"
"68960"|"68133"
"68420"|"68134"
"68220"|"68135"
"68600"|"68136"
"68580"|"68137"
"68560"|"68138"
"68118"|"68139"
"68740"|"68140"
"68720"|"68141"
"68140"|"68142"
"68320"|"68143"
"68490"|"68144"
"68180"|"68145"
"68125"|"68146"
"68150"|"68147"
"68130"|"68148"
"68330"|"68149"
"68420"|"68150"
"68470"|"68151"
"68720"|"68152"
"68970"|"68153"
"68110"|"68154"
"68040"|"68155"
"68500"|"68156"
"68320"|"68157"
"68130"|"68158"
"68500"|"68159"
"68510"|"68160"
"68230"|"68161"
"68240"|"68162"
"68680"|"68163"
"68240"|"68164"
"68480"|"68165"
"68260"|"68166"
"68290"|"68167"
"68220"|"68168"
"68480"|"68169"
"68510"|"68170"
"68820"|"68171"
"68320"|"68172"
"68910"|"68173"
"68440"|"68174"
"68650"|"68175"
"68580"|"68176"
"68610"|"68177"
"68610"|"68178"
"68290"|"68179"
"68800"|"68180"
"68480"|"68181"
"68220"|"68182"
"68220"|"68183"
"68480"|"68184"
"68660"|"68185"
"68480"|"68186"
"68480"|"68187"
"68610"|"68188"
"68280"|"68189"
"68480"|"68190"
"68720"|"68191"
"68210"|"68192"
"68140"|"68193"
"68480"|"68194"
"68460"|"68195"
"68210"|"68196"
"68510"|"68197"
"68510"|"68198"
"68550"|"68199"
"68210"|"68200"
"68290"|"68201"
"68210"|"68202"
"68500"|"68203"
"68380"|"68204"
"68890"|"68205"
"68700"|"68206"
"68730"|"68207"
"68220"|"68208"
"68630"|"68209"
"68380"|"68210"
"68470"|"68211"
"68480"|"68212"
"68470"|"68213"
"68210"|"68214"
"68210"|"68215"
"68580"|"68216"
"68690"|"68217"
"68790"|"68218"
"68780"|"68219"
"68640"|"68221"
"68640"|"68222"
"68380"|"68223"
"68100"|"68224"
"68740"|"68225"
"68140"|"68226"
"68320"|"68227"
"68250"|"68228"
"68530"|"68229"
"68740"|"68230"
"68600"|"68231"
"68220"|"68232"
"68290"|"68233"
"68127"|"68234"
"68127"|"68235"
"68230"|"68237"
"68680"|"68238"
"68290"|"68239"
"68960"|"68240"
"68127"|"68241"
"68127"|"68242"
"68480"|"68243"
"68420"|"68244"
"68130"|"68245"
"68600"|"68246"
"68830"|"68247"
"68480"|"68248"
"68370"|"68249"
"68500"|"68250"
"68570"|"68251"
"68150"|"68252"
"68490"|"68253"
"68490"|"68254"
"68250"|"68255"
"68120"|"68256"
"68480"|"68257"
"68840"|"68258"
"68480"|"68259"
"68190"|"68260"
"68800"|"68261"
"68470"|"68262"
"68730"|"68263"
"68220"|"68264"
"68510"|"68265"
"68890"|"68266"
"68950"|"68267"
"68210"|"68268"
"68150"|"68269"
"68120"|"68270"
"68400"|"68271"
"68320"|"68272"
"68640"|"68273"
"68500"|"68274"
"68290"|"68275"
"68500"|"68276"
"68340"|"68277"
"68170"|"68278"
"68800"|"68279"
"68590"|"68280"
"68740"|"68281"
"68210"|"68282"
"68660"|"68283"
"68480"|"68284"
"68590"|"68285"
"68128"|"68286"
"68250"|"68287"
"68560"|"68288"
"68270"|"68289"
"68740"|"68290"
"68740"|"68291"
"68550"|"68292"
"68210"|"68293"
"68160"|"68294"
"68127"|"68295"
"68590"|"68296"
"68300"|"68297"
"68160"|"68298"
"68210"|"68299"
"68390"|"68300"
"68440"|"68301"
"68520"|"68302"
"68130"|"68303"
"68780"|"68304"
"68580"|"68305"
"68580"|"68306"
"68290"|"68307"
"68290"|"68308"
"68510"|"68309"
"68240"|"68310"
"68380"|"68311"
"68480"|"68312"
"68780"|"68313"
"68780"|"68314"
"68360"|"68315"
"68230"|"68316"
"68140"|"68317"
"68570"|"68318"
"68720"|"68319"
"68720"|"68320"
"68850"|"68321"
"68700"|"68322"
"68440"|"68323"
"68440"|"68324"
"68640"|"68325"
"68780"|"68326"
"68510"|"68327"
"68470"|"68328"
"68140"|"68329"
"68580"|"68330"
"68280"|"68331"
"68720"|"68332"
"68130"|"68333"
"68800"|"68334"
"68590"|"68335"
"68210"|"68336"
"68210"|"68337"
"68230"|"68338"
"68580"|"68340"
"68510"|"68341"
"68700"|"68342"
"68190"|"68343"
"68121"|"68344"
"68320"|"68345"
"68480"|"68347"
"68800"|"68348"
"68128"|"68349"
"68420"|"68350"
"68600"|"68351"
"68600"|"68352"
"68130"|"68353"
"68230"|"68354"
"68640"|"68355"
"68130"|"68356"
"68510"|"68357"
"68230"|"68358"
"68700"|"68359"
"68600"|"68360"
"68290"|"68361"
"68220"|"68362"
"68480"|"68363"
"68250"|"68364"
"68920"|"68365"
"68320"|"68366"
"68320"|"68367"
"68230"|"68368"
"68820"|"68370"
"68960"|"68371"
"68760"|"68372"
"68480"|"68373"
"68920"|"68374"
"68310"|"68375"
"68270"|"68376"
"68130"|"68377"
"68210"|"68378"
"68600"|"68379"
"68480"|"68380"
"68500"|"68381"
"68130"|"68382"
"68340"|"68383"
"68720"|"68384"
"68230"|"68385"
"68440"|"68386"
"69170"|"69001"
"69790"|"69002"
"69250"|"69003"
"69380"|"69004"
"69480"|"69005"
"69550"|"69006"
"69420"|"69007"
"69490"|"69008"
"69480"|"69009"
"69210"|"69010"
"69430"|"69012"
"69400"|"69013"
"69610"|"69014"
"69430"|"69015"
"69790"|"69016"
"69620"|"69017"
"69430"|"69018"
"69220"|"69019"
"69380"|"69020"
"69690"|"69021"
"69690"|"69022"
"69460"|"69023"
"69620"|"69024"
"69240"|"69025"
"69620"|"69026"
"69530"|"69027"
"69126"|"69028"
"69500"|"69029"
"69690"|"69030"
"69690"|"69031"
"69210"|"69032"
"69270"|"69033"
"69300"|"69034"
"69840"|"69035"
"69220"|"69036"
"69870"|"69037"
"69770"|"69038"
"69620"|"69039"
"69410"|"69040"
"69240"|"69041"
"69590"|"69042"
"69630"|"69043"
"69260"|"69044"
"69220"|"69045"
"69390"|"69046"
"69380"|"69047"
"69700"|"69048"
"69380"|"69049"
"69380"|"69050"
"69440"|"69051"
"69380"|"69052"
"69840"|"69053"
"69430"|"69054"
"69380"|"69055"
"69380"|"69056"
"69210"|"69057"
"69115"|"69058"
"69380"|"69059"
"69870"|"69060"
"69640"|"69061"
"69590"|"69062"
"69660"|"69063"
"69420"|"69064"
"69220"|"69065"
"69470"|"69066"
"69690"|"69067"
"69270"|"69068"
"69290"|"69069"
"69550"|"69070"
"69250"|"69071"
"69570"|"69072"
"69490"|"69073"
"69640"|"69074"
"69170"|"69075"
"69380"|"69076"
"69220"|"69077"
"69850"|"69078"
"69700"|"69080"
"69130"|"69081"
"69840"|"69082"
"69210"|"69083"
"69820"|"69084"
"69250"|"69085"
"69210"|"69086"
"69270"|"69087"
"69270"|"69088"
"69340"|"69089"
"69620"|"69090"
"69700"|"69091"
"69400"|"69092"
"69870"|"69093"
"69290"|"69094"
"69610"|"69095"
"69520"|"69096"
"69420"|"69097"
"69610"|"69098"
"69610"|"69099"
"69540"|"69100"
"69640"|"69101"
"69170"|"69102"
"69840"|"69103"
"69840"|"69104"
"69640"|"69105"
"69480"|"69106"
"69870"|"69107"
"69220"|"69108"
"69430"|"69109"
"69590"|"69110"
"69620"|"69111"
"69210"|"69112"
"69620"|"69113"
"69400"|"69114"
"69400"|"69115"
"69760"|"69116"
"69380"|"69117"
"69700"|"69118"
"69420"|"69119"
"69770"|"69120"
"69380"|"69121"
"69480"|"69122"
"69430"|"69124"
"69380"|"69125"
"69480"|"69126"
"69280"|"69127"
"69240"|"69128"
"69240"|"69129"
"69550"|"69130"
"69510"|"69131"
"69610"|"69132"
"69390"|"69133"
"69620"|"69134"
"69860"|"69135"
"69700"|"69136"
"69640"|"69137"
"69610"|"69138"
"69770"|"69139"
"69480"|"69140"
"69440"|"69141"
"69350"|"69142"
"69250"|"69143"
"69210"|"69144"
"69460"|"69145"
"69620"|"69146"
"69490"|"69147"
"69530"|"69148"
"69600"|"69149"
"69860"|"69150"
"69460"|"69151"
"69310"|"69152"
"69250"|"69153"
"69290"|"69154"
"69590"|"69155"
"69480"|"69156"
"69490"|"69157"
"69240"|"69158"
"69400"|"69159"
"69870"|"69160"
"69790"|"69161"
"69430"|"69162"
"69650"|"69163"
"69470"|"69164"
"69430"|"69165"
"69440"|"69166"
"69640"|"69167"
"69270"|"69168"
"69550"|"69169"
"69510"|"69170"
"69210"|"69171"
"69460"|"69172"
"69490"|"69173"
"69170"|"69174"
"69210"|"69175"
"69510"|"69176"
"69210"|"69177"
"69610"|"69178"
"69700"|"69179"
"69440"|"69180"
"69170"|"69181"
"69790"|"69182"
"69870"|"69183"
"69440"|"69184"
"69860"|"69185"
"69790"|"69186"
"69930"|"69187"
"69170"|"69188"
"69560"|"69189"
"69280"|"69190"
"69450"|"69191"
"69870"|"69192"
"69560"|"69193"
"69370"|"69194"
"69440"|"69195"
"69430"|"69196"
"69460"|"69197"
"69460"|"69198"
"69190"|"69199"
"69490"|"69200"
"69610"|"69201"
"69110"|"69202"
"69610"|"69203"
"69230"|"69204"
"69290"|"69205"
"69830"|"69206"
"69650"|"69207"
"69210"|"69208"
"69790"|"69209"
"69860"|"69210"
"69220"|"69211"
"69380"|"69212"
"69700"|"69213"
"69550"|"69214"
"69640"|"69215"
"69690"|"69216"
"69870"|"69217"
"69220"|"69218"
"69440"|"69219"
"69930"|"69220"
"69670"|"69221"
"69620"|"69222"
"69490"|"69223"
"69860"|"69224"
"69170"|"69225"
"69850"|"69227"
"69440"|"69228"
"69870"|"69229"
"69620"|"69230"
"69210"|"69231"
"69270"|"69233"
"69490"|"69234"
"69560"|"69235"
"69700"|"69236"
"69440"|"69237"
"69590"|"69238"
"69620"|"69239"
"69240"|"69240"
"69440"|"69241"
"69220"|"69242"
"69170"|"69243"
"69160"|"69244"
"69620"|"69245"
"69620"|"69246"
"69470"|"69247"
"69240"|"69248"
"69510"|"69249"
"69890"|"69250"
"69860"|"69251"
"69420"|"69252"
"69420"|"69253"
"69170"|"69254"
"69670"|"69255"
"69120"|"69256"
"69460"|"69257"
"69820"|"69258"
"69200"|"69259"
"69390"|"69260"
"69430"|"69261"
"69770"|"69263"
"69400"|"69264"
"69640"|"69265"
"69100"|"69266"
"69910"|"69267"
"69390"|"69268"
"69510"|"69269"
"69970"|"69270"
"69680"|"69271"
"69360"|"69272"
"69960"|"69273"
"69150"|"69275"
"69320"|"69276"
"69740"|"69277"
"69730"|"69278"
"69330"|"69279"
"69330"|"69280"
"69970"|"69281"
"69330"|"69282"
"69780"|"69283"
"69250"|"69284"
"69330"|"69285"
"69140"|"69286"
"69720"|"69287"
"69720"|"69288"
"69780"|"69289"
"69800"|"69290"
"69360"|"69291"
"69580"|"69292"
"69580"|"69293"
"69360"|"69294"
"69360"|"69295"
"69360"|"69296"
"69360"|"69297"
"69780"|"69298"
"69124"|"69299"
"69001"|"69381"
"69002"|"69382"
"69003"|"69383"
"69004"|"69384"
"69005"|"69385"
"69006"|"69386"
"69007"|"69387"
"69008"|"69388"
"69009"|"69389"
"70300"|"70001"
"70500"|"70002"
"70180"|"70003"
"70200"|"70004"
"70110"|"70005"
"70320"|"70006"
"70300"|"70007"
"70800"|"70008"
"70500"|"70009"
"70210"|"70010"
"70280"|"70011"
"70160"|"70012"
"70210"|"70013"
"70200"|"70014"
"70170"|"70015"
"70310"|"70016"
"70210"|"70017"
"70100"|"70018"
"70000"|"70019"
"70000"|"70020"
"70200"|"70021"
"70700"|"70022"
"70800"|"70023"
"70100"|"70024"
"70120"|"70025"
"70100"|"70026"
"70600"|"70027"
"70360"|"70028"
"70200"|"70029"
"70100"|"70030"
"70110"|"70031"
"70100"|"70032"
"70500"|"70035"
"70190"|"70036"
"70180"|"70037"
"70190"|"70038"
"70700"|"70039"
"70110"|"70040"
"70100"|"70041"
"70110"|"70042"
"70100"|"70043"
"70000"|"70044"
"70150"|"70045"
"70200"|"70046"
"70000"|"70047"
"70140"|"70048"
"70500"|"70049"
"70190"|"70050"
"70210"|"70051"
"70800"|"70052"
"70130"|"70053"
"70100"|"70054"
"70300"|"70055"
"70160"|"70056"
"70150"|"70057"
"70100"|"70058"
"70190"|"70059"
"70150"|"70060"
"70290"|"70061"
"70270"|"70062"
"70270"|"70063"
"70400"|"70064"
"70230"|"70065"
"70500"|"70066"
"70300"|"70067"
"70210"|"70069"
"70500"|"70070"
"70310"|"70071"
"70110"|"70072"
"70500"|"70074"
"70150"|"70075"
"70700"|"70076"
"70110"|"70077"
"70500"|"70078"
"70170"|"70079"
"70100"|"70080"
"70200"|"70081"
"70230"|"70082"
"70800"|"70083"
"70190"|"70084"
"70190"|"70085"
"70500"|"70086"
"70800"|"70087"
"70190"|"70088"
"70120"|"70089"
"70000"|"70090"
"70500"|"70091"
"70140"|"70092"
"70300"|"70093"
"70280"|"70094"
"70160"|"70095"
"70400"|"70096"
"70800"|"70097"
"70300"|"70098"
"70180"|"70099"
"70100"|"70100"
"70140"|"70101"
"70150"|"70102"
"70280"|"70103"
"70700"|"70104"
"70360"|"70105"
"70500"|"70106"
"70190"|"70107"
"70190"|"70109"
"70240"|"70111"
"70500"|"70112"
"70230"|"70113"
"70500"|"70114"
"70000"|"70115"
"70400"|"70116"
"70400"|"70117"
"70190"|"70118"
"70150"|"70119"
"70290"|"70120"
"70400"|"70121"
"70600"|"70122"
"70100"|"70124"
"70100"|"70125"
"70140"|"70126"
"70360"|"70127"
"70300"|"70128"
"70700"|"70129"
"70700"|"70130"
"70100"|"70132"
"70170"|"70133"
"70000"|"70134"
"70120"|"70135"
"70000"|"70136"
"70230"|"70137"
"70360"|"70138"
"70240"|"70140"
"70240"|"70141"
"70140"|"70142"
"70500"|"70143"
"70500"|"70144"
"70190"|"70145"
"70170"|"70146"
"70400"|"70147"
"70360"|"70148"
"70400"|"70149"
"70150"|"70150"
"70140"|"70151"
"70700"|"70152"
"70120"|"70153"
"70190"|"70154"
"70300"|"70155"
"70700"|"70156"
"70200"|"70157"
"70000"|"70158"
"70230"|"70159"
"70400"|"70160"
"70000"|"70162"
"70000"|"70163"
"70240"|"70164"
"70120"|"70165"
"70000"|"70166"
"70170"|"70167"
"70800"|"70168"
"70120"|"70169"
"70160"|"70170"
"70320"|"70171"
"70300"|"70172"
"70190"|"70174"
"70120"|"70175"
"70310"|"70176"
"70500"|"70177"
"70200"|"70178"
"70000"|"70179"
"70110"|"70180"
"70150"|"70181"
"70400"|"70182"
"70600"|"70183"
"70400"|"70184"
"70100"|"70185"
"70240"|"70186"
"70400"|"70187"
"70240"|"70188"
"70190"|"70189"
"70160"|"70190"
"70700"|"70192"
"70150"|"70193"
"70800"|"70194"
"70200"|"70195"
"70800"|"70196"
"70230"|"70197"
"70180"|"70198"
"70000"|"70199"
"70210"|"70200"
"70180"|"70201"
"70210"|"70202"
"70000"|"70203"
"70180"|"70204"
"70400"|"70205"
"70400"|"70206"
"70000"|"70207"
"70000"|"70208"
"70270"|"70210"
"70600"|"70211"
"70300"|"70213"
"70160"|"70214"
"70400"|"70215"
"70300"|"70216"
"70310"|"70217"
"70100"|"70218"
"70110"|"70219"
"70100"|"70220"
"70400"|"70221"
"70700"|"70222"
"70150"|"70224"
"70100"|"70225"
"70110"|"70226"
"70310"|"70227"
"70160"|"70228"
"70200"|"70229"
"70120"|"70230"
"70130"|"70231"
"70360"|"70232"
"70310"|"70233"
"70230"|"70234"
"70000"|"70235"
"70160"|"70236"
"70120"|"70237"
"70800"|"70238"
"70190"|"70239"
"70800"|"70240"
"70210"|"70242"
"70230"|"70243"
"70160"|"70244"
"70220"|"70245"
"70600"|"70247"
"70400"|"70248"
"70800"|"70249"
"70200"|"70250"
"70180"|"70251"
"70600"|"70252"
"70700"|"70253"
"70200"|"70254"
"70130"|"70255"
"70270"|"70256"
"70130"|"70257"
"70300"|"70258"
"70200"|"70259"
"70200"|"70260"
"70000"|"70261"
"70240"|"70262"
"70240"|"70263"
"70110"|"70264"
"70100"|"70265"
"70500"|"70267"
"70700"|"70268"
"70210"|"70269"
"70110"|"70271"
"70120"|"70272"
"70110"|"70273"
"70120"|"70274"
"70190"|"70275"
"70400"|"70276"
"70400"|"70277"
"70170"|"70278"
"70100"|"70279"
"70100"|"70280"
"70130"|"70281"
"70700"|"70282"
"70440"|"70283"
"70800"|"70284"
"70400"|"70285"
"70150"|"70286"
"70210"|"70287"
"70190"|"70288"
"70700"|"70289"
"70800"|"70290"
"70500"|"70291"
"70500"|"70292"
"70500"|"70293"
"70200"|"70294"
"70270"|"70295"
"70230"|"70296"
"70600"|"70297"
"70120"|"70298"
"70120"|"70299"
"70190"|"70301"
"70140"|"70302"
"70240"|"70303"
"70200"|"70304"
"70100"|"70305"
"70200"|"70306"
"70110"|"70307"
"70310"|"70308"
"70230"|"70309"
"70200"|"70310"
"70300"|"70311"
"70400"|"70312"
"70200"|"70313"
"70300"|"70314"
"70800"|"70315"
"70000"|"70316"
"70110"|"70317"
"70200"|"70318"
"70200"|"70319"
"70500"|"70320"
"70200"|"70321"
"70240"|"70322"
"70210"|"70323"
"70000"|"70324"
"70190"|"70325"
"70190"|"70326"
"70140"|"70327"
"70200"|"70328"
"70120"|"70329"
"70400"|"70330"
"70100"|"70331"
"70110"|"70332"
"70150"|"70334"
"70230"|"70335"
"70110"|"70336"
"70120"|"70337"
"70210"|"70338"
"70270"|"70339"
"70180"|"70340"
"70160"|"70341"
"70130"|"70342"
"70160"|"70343"
"70300"|"70344"
"70440"|"70345"
"70400"|"70347"
"70200"|"70348"
"70110"|"70349"
"70120"|"70350"
"70240"|"70351"
"70310"|"70352"
"70140"|"70353"
"70190"|"70355"
"70700"|"70356"
"70230"|"70357"
"70000"|"70358"
"70500"|"70359"
"70210"|"70360"
"70270"|"70361"
"70500"|"70362"
"70000"|"70363"
"70110"|"70364"
"70700"|"70366"
"70000"|"70367"
"70180"|"70368"
"70120"|"70369"
"70100"|"70371"
"70500"|"70372"
"70120"|"70373"
"70140"|"70374"
"70130"|"70375"
"70100"|"70376"
"70000"|"70378"
"70160"|"70380"
"70000"|"70381"
"70190"|"70383"
"70130"|"70384"
"70200"|"70385"
"70360"|"70386"
"70130"|"70387"
"70000"|"70388"
"70100"|"70389"
"70000"|"70390"
"70120"|"70392"
"70700"|"70393"
"70100"|"70394"
"70110"|"70395"
"70110"|"70396"
"70230"|"70397"
"70300"|"70398"
"70500"|"70399"
"70500"|"70400"
"70360"|"70401"
"70600"|"70402"
"70200"|"70403"
"70210"|"70404"
"70190"|"70405"
"70600"|"70406"
"70190"|"70407"
"70140"|"70408"
"70600"|"70409"
"70150"|"70410"
"70800"|"70411"
"70800"|"70412"
"70290"|"70413"
"70290"|"70414"
"70210"|"70415"
"70240"|"70416"
"70360"|"70417"
"70130"|"70418"
"70210"|"70419"
"70110"|"70420"
"70170"|"70421"
"70100"|"70422"
"70120"|"70423"
"70310"|"70425"
"70170"|"70426"
"70160"|"70427"
"70000"|"70428"
"70000"|"70429"
"70120"|"70430"
"70190"|"70431"
"70200"|"70432"
"70000"|"70433"
"70280"|"70435"
"70500"|"70436"
"70500"|"70437"
"70130"|"70438"
"70000"|"70439"
"70130"|"70440"
"70190"|"70441"
"70120"|"70442"
"70140"|"70443"
"70140"|"70444"
"70200"|"70445"
"70100"|"70446"
"70190"|"70447"
"70180"|"70448"
"70230"|"70449"
"70120"|"70450"
"70250"|"70451"
"70000"|"70452"
"70310"|"70453"
"70500"|"70454"
"70200"|"70455"
"70190"|"70456"
"70360"|"70457"
"70270"|"70459"
"70280"|"70460"
"70100"|"70461"
"70110"|"70462"
"70130"|"70463"
"70200"|"70464"
"70100"|"70466"
"70800"|"70467"
"70500"|"70468"
"70310"|"70469"
"70300"|"70470"
"70700"|"70471"
"70160"|"70472"
"70300"|"70473"
"70110"|"70474"
"70300"|"70475"
"70210"|"70476"
"70400"|"70477"
"70240"|"70478"
"70100"|"70479"
"70140"|"70480"
"70130"|"70481"
"70360"|"70482"
"70170"|"70483"
"70400"|"70484"
"70210"|"70485"
"70120"|"70486"
"70110"|"70487"
"70160"|"70488"
"70440"|"70489"
"70240"|"70490"
"70130"|"70491"
"70130"|"70492"
"70190"|"70493"
"70150"|"70494"
"70500"|"70496"
"70400"|"70497"
"70270"|"70498"
"70120"|"70499"
"70230"|"70500"
"70230"|"70501"
"70120"|"70502"
"70190"|"70503"
"70360"|"70504"
"70100"|"70505"
"70400"|"70506"
"70190"|"70507"
"70150"|"70509"
"70140"|"70510"
"70180"|"70511"
"70320"|"70512"
"70000"|"70513"
"70140"|"70514"
"70200"|"70515"
"70000"|"70516"
"70000"|"70517"
"70160"|"70518"
"70190"|"70519"
"70130"|"70520"
"70700"|"70521"
"70240"|"70522"
"70600"|"70523"
"70170"|"70524"
"70120"|"70525"
"70210"|"70526"
"70700"|"70527"
"70100"|"70528"
"70100"|"70529"
"70110"|"70530"
"70700"|"70531"
"70000"|"70532"
"70700"|"70533"
"70240"|"70534"
"70000"|"70535"
"70000"|"70536"
"70240"|"70537"
"70700"|"70538"
"70130"|"70539"
"70700"|"70540"
"70300"|"70541"
"70100"|"70542"
"70200"|"70544"
"70500"|"70545"
"70180"|"70546"
"70400"|"70547"
"70500"|"70548"
"70130"|"70549"
"70000"|"70550"
"70130"|"70551"
"70110"|"70552"
"70110"|"70553"
"70500"|"70554"
"70160"|"70555"
"70700"|"70557"
"70240"|"70558"
"70000"|"70559"
"70190"|"70560"
"70110"|"70561"
"70110"|"70562"
"70000"|"70563"
"70300"|"70564"
"70190"|"70565"
"70170"|"70566"
"70400"|"70567"
"70120"|"70568"
"70240"|"70569"
"70300"|"70571"
"70500"|"70572"
"70310"|"70573"
"70180"|"70574"
"70190"|"70575"
"70500"|"70576"
"70200"|"70577"
"70150"|"70578"
"70400"|"70579"
"70130"|"70580"
"70200"|"70581"
"70120"|"70582"
"70230"|"70583"
"71290"|"71001"
"71370"|"71002"
"71350"|"71003"
"71380"|"71004"
"71510"|"71005"
"71800"|"71006"
"71460"|"71007"
"71170"|"71008"
"71550"|"71009"
"71400"|"71010"
"71110"|"71011"
"71110"|"71012"
"71270"|"71013"
"71400"|"71014"
"71400"|"71015"
"71260"|"71016"
"71220"|"71017"
"71500"|"71018"
"71640"|"71019"
"71540"|"71020"
"71120"|"71021"
"71800"|"71022"
"71370"|"71023"
"71110"|"71024"
"71220"|"71025"
"71240"|"71026"
"71580"|"71027"
"71270"|"71028"
"71270"|"71029"
"71250"|"71030"
"71960"|"71031"
"71960"|"71032"
"71620"|"71033"
"71390"|"71034"
"71260"|"71035"
"71460"|"71036"
"71460"|"71037"
"71710"|"71038"
"71250"|"71039"
"71450"|"71040"
"71800"|"71041"
"71460"|"71042"
"71350"|"71043"
"71330"|"71044"
"71330"|"71045"
"71320"|"71046"
"71140"|"71047"
"71110"|"71048"
"71520"|"71050"
"71150"|"71051"
"71700"|"71052"
"71350"|"71054"
"71520"|"71055"
"71500"|"71056"
"71250"|"71057"
"71460"|"71058"
"71670"|"71059"
"71110"|"71060"
"71290"|"71061"
"71190"|"71062"
"71190"|"71063"
"71500"|"71064"
"71250"|"71065"
"71260"|"71066"
"71460"|"71067"
"71460"|"71068"
"71960"|"71069"
"71390"|"71070"
"71110"|"71071"
"71390"|"71072"
"71150"|"71073"
"71570"|"71074"
"71140"|"71075"
"71100"|"71076"
"71110"|"71077"
"71510"|"71078"
"71480"|"71079"
"71460"|"71080"
"71530"|"71081"
"71120"|"71082"
"71570"|"71084"
"71340"|"71085"
"71120"|"71086"
"71460"|"71087"
"71130"|"71088"
"71240"|"71089"
"71570"|"71090"
"71520"|"71091"
"71500"|"71092"
"71310"|"71093"
"71700"|"71094"
"71800"|"71095"
"71190"|"71096"
"71470"|"71097"
"71320"|"71098"
"71260"|"71099"
"71700"|"71100"
"71270"|"71101"
"71100"|"71102"
"71710"|"71103"
"71350"|"71104"
"71850"|"71105"
"71120"|"71106"
"71510"|"71107"
"71570"|"71108"
"71150"|"71109"
"71170"|"71110"
"71130"|"71111"
"71250"|"71112"
"71740"|"71113"
"71510"|"71115"
"71800"|"71116"
"71380"|"71117"
"71880"|"71118"
"71150"|"71119"
"71170"|"71120"
"71310"|"71121"
"71150"|"71122"
"71340"|"71123"
"71390"|"71124"
"71250"|"71125"
"71960"|"71126"
"71220"|"71127"
"71220"|"71128"
"71540"|"71129"
"71460"|"71130"
"71350"|"71131"
"71420"|"71132"
"71800"|"71133"
"71520"|"71134"
"71260"|"71135"
"71130"|"71136"
"71250"|"71137"
"71270"|"71138"
"71460"|"71139"
"71360"|"71140"
"71800"|"71141"
"71990"|"71142"
"71480"|"71143"
"71540"|"71144"
"71460"|"71145"
"71250"|"71146"
"71460"|"71147"
"71170"|"71148"
"71490"|"71149"
"71680"|"71150"
"71490"|"71151"
"71760"|"71152"
"71200"|"71153"
"71530"|"71154"
"71140"|"71155"
"71260"|"71156"
"71480"|"71157"
"71290"|"71158"
"71460"|"71159"
"71800"|"71160"
"71130"|"71161"
"71400"|"71162"
"71520"|"71163"
"71460"|"71164"
"71550"|"71165"
"71320"|"71166"
"71620"|"71167"
"71310"|"71168"
"71960"|"71169"
"71150"|"71170"
"71510"|"71171"
"71190"|"71172"
"71330"|"71173"
"71150"|"71174"
"71330"|"71175"
"71160"|"71176"
"71480"|"71177"
"71520"|"71178"
"71420"|"71179"
"71250"|"71180"
"71250"|"71181"
"71640"|"71182"
"71490"|"71183"
"71400"|"71184"
"71800"|"71185"
"71350"|"71186"
"71210"|"71187"
"71360"|"71188"
"71380"|"71189"
"71360"|"71190"
"71510"|"71191"
"71190"|"71192"
"71240"|"71193"
"71150"|"71194"
"71700"|"71195"
"71580"|"71196"
"71580"|"71198"
"71250"|"71199"
"71340"|"71200"
"71390"|"71201"
"71150"|"71202"
"71120"|"71203"
"71530"|"71204"
"71330"|"71205"
"71440"|"71206"
"71270"|"71207"
"71270"|"71208"
"71580"|"71209"
"71960"|"71210"
"71420"|"71212"
"71290"|"71213"
"71460"|"71214"
"71590"|"71215"
"71460"|"71216"
"71520"|"71217"
"71800"|"71218"
"71240"|"71219"
"71160"|"71220"
"71640"|"71221"
"71300"|"71222"
"71990"|"71223"
"71430"|"71224"
"71390"|"71225"
"71700"|"71226"
"71760"|"71227"
"71620"|"71228"
"71160"|"71229"
"71130"|"71230"
"71220"|"71231"
"71600"|"71232"
"71600"|"71233"
"71290"|"71234"
"71870"|"71235"
"71960"|"71236"
"71540"|"71237"
"71340"|"71238"
"71760"|"71239"
"71250"|"71240"
"71640"|"71241"
"71460"|"71242"
"71480"|"71243"
"71290"|"71244"
"71240"|"71245"
"71440"|"71246"
"71390"|"71247"
"71700"|"71248"
"71240"|"71249"
"71870"|"71250"
"71190"|"71251"
"71240"|"71252"
"71380"|"71253"
"71270"|"71254"
"71140"|"71255"
"71440"|"71256"
"71530"|"71257"
"71570"|"71258"
"71110"|"71259"
"71290"|"71261"
"71270"|"71262"
"71500"|"71263"
"71250"|"71264"
"71530"|"71265"
"71540"|"71266"
"71260"|"71267"
"71120"|"71268"
"71100"|"71269"
"71000"|"71270"
"71340"|"71271"
"71460"|"71272"
"71140"|"71273"
"71240"|"71274"
"71110"|"71275"
"71120"|"71276"
"71390"|"71277"
"71300"|"71278"
"71220"|"71279"
"71760"|"71280"
"71420"|"71281"
"71710"|"71282"
"71240"|"71283"
"71700"|"71284"
"71220"|"71285"
"71300"|"71286"
"71250"|"71287"
"71250"|"71288"
"71520"|"71289"
"71250"|"71290"
"71340"|"71291"
"71640"|"71292"
"71470"|"71293"
"71640"|"71294"
"71310"|"71295"
"71390"|"71296"
"71190"|"71297"
"71960"|"71299"
"71480"|"71300"
"71140"|"71301"
"71390"|"71302"
"71500"|"71303"
"71520"|"71304"
"71260"|"71305"
"71300"|"71306"
"71110"|"71307"
"71240"|"71308"
"71710"|"71309"
"71210"|"71310"
"71500"|"71311"
"71620"|"71312"
"71400"|"71313"
"71310"|"71314"
"71270"|"71315"
"71520"|"71316"
"71320"|"71317"
"71470"|"71318"
"71440"|"71319"
"71300"|"71320"
"71510"|"71321"
"71360"|"71322"
"71220"|"71323"
"71390"|"71324"
"71160"|"71325"
"71270"|"71326"
"71170"|"71327"
"71240"|"71328"
"71270"|"71329"
"71130"|"71330"
"71600"|"71331"
"71290"|"71332"
"71380"|"71333"
"71420"|"71334"
"71800"|"71335"
"71370"|"71336"
"71800"|"71337"
"71700"|"71338"
"71120"|"71339"
"71430"|"71340"
"71350"|"71341"
"71600"|"71342"
"71150"|"71343"
"71220"|"71344"
"71260"|"71345"
"71420"|"71346"
"71510"|"71347"
"71160"|"71348"
"71400"|"71349"
"71960"|"71350"
"71270"|"71351"
"71330"|"71352"
"71700"|"71353"
"71600"|"71354"
"71270"|"71355"
"71230"|"71356"
"71270"|"71357"
"71220"|"71358"
"71290"|"71359"
"71960"|"71360"
"71800"|"71361"
"71570"|"71362"
"71460"|"71363"
"71310"|"71364"
"71290"|"71365"
"71290"|"71366"
"71500"|"71367"
"71540"|"71368"
"71150"|"71369"
"71160"|"71370"
"71960"|"71371"
"71570"|"71372"
"71470"|"71373"
"71390"|"71374"
"71220"|"71375"
"71550"|"71376"
"71700"|"71377"
"71150"|"71378"
"71580"|"71379"
"71580"|"71380"
"71250"|"71381"
"71160"|"71382"
"71260"|"71383"
"71240"|"71384"
"71570"|"71385"
"71440"|"71386"
"71220"|"71387"
"71430"|"71388"
"71140"|"71389"
"71300"|"71390"
"71510"|"71391"
"71390"|"71392"
"71340"|"71393"
"71220"|"71394"
"71430"|"71395"
"71310"|"71396"
"71250"|"71397"
"71370"|"71398"
"71800"|"71399"
"71460"|"71400"
"71470"|"71401"
"71240"|"71402"
"71640"|"71403"
"71390"|"71404"
"71620"|"71405"
"71110"|"71406"
"71190"|"71407"
"71740"|"71408"
"71490"|"71409"
"71370"|"71410"
"71190"|"71411"
"71210"|"71412"
"71670"|"71413"
"71400"|"71414"
"71110"|"71415"
"71260"|"71416"
"71460"|"71417"
"71330"|"71419"
"71370"|"71420"
"71800"|"71421"
"71390"|"71422"
"71350"|"71423"
"71490"|"71424"
"71510"|"71425"
"71390"|"71426"
"71460"|"71427"
"71170"|"71428"
"71640"|"71430"
"71490"|"71431"
"71800"|"71433"
"71110"|"71434"
"71210"|"71435"
"71210"|"71436"
"71800"|"71437"
"71360"|"71438"
"71600"|"71439"
"71990"|"71440"
"71520"|"71441"
"71510"|"71442"
"71350"|"71443"
"71240"|"71444"
"71380"|"71445"
"71460"|"71446"
"71640"|"71447"
"71118"|"71448"
"71390"|"71449"
"71490"|"71450"
"71740"|"71451"
"71220"|"71452"
"71110"|"71453"
"71580"|"71454"
"71460"|"71455"
"71620"|"71456"
"71350"|"71457"
"71460"|"71458"
"71640"|"71459"
"71260"|"71460"
"71460"|"71461"
"71620"|"71462"
"71740"|"71463"
"71490"|"71464"
"71460"|"71465"
"71190"|"71466"
"71670"|"71468"
"71520"|"71469"
"71520"|"71470"
"71390"|"71471"
"71990"|"71472"
"71800"|"71473"
"71320"|"71474"
"71100"|"71475"
"71230"|"71477"
"71420"|"71478"
"71200"|"71479"
"71510"|"71480"
"71570"|"71481"
"71710"|"71482"
"71800"|"71483"
"71500"|"71484"
"71390"|"71485"
"71230"|"71486"
"71570"|"71487"
"71250"|"71488"
"71440"|"71489"
"71430"|"71490"
"71600"|"71491"
"71460"|"71492"
"71360"|"71493"
"71260"|"71494"
"71250"|"71495"
"71150"|"71496"
"71000"|"71497"
"71460"|"71498"
"71410"|"71499"
"71110"|"71500"
"71390"|"71501"
"71530"|"71502"
"71390"|"71503"
"71350"|"71504"
"71460"|"71505"
"71580"|"71506"
"71460"|"71507"
"71440"|"71508"
"71400"|"71509"
"71110"|"71510"
"71240"|"71512"
"71260"|"71513"
"71330"|"71514"
"71460"|"71515"
"71310"|"71516"
"71350"|"71517"
"71960"|"71518"
"71310"|"71519"
"71100"|"71520"
"71250"|"71521"
"71290"|"71522"
"71330"|"71523"
"71220"|"71524"
"71960"|"71525"
"71960"|"71526"
"71540"|"71527"
"71500"|"71528"
"71220"|"71529"
"71360"|"71530"
"71190"|"71531"
"71250"|"71532"
"71740"|"71533"
"71330"|"71534"
"71400"|"71535"
"71190"|"71537"
"71440"|"71538"
"71490"|"71539"
"71210"|"71540"
"71270"|"71541"
"71320"|"71542"
"71700"|"71543"
"71350"|"71544"
"71520"|"71545"
"71520"|"71546"
"71520"|"71547"
"71440"|"71548"
"71290"|"71549"
"71700"|"71550"
"71190"|"71551"
"71130"|"71552"
"71800"|"71553"
"71110"|"71554"
"71240"|"71555"
"71000"|"71556"
"71600"|"71557"
"71480"|"71558"
"71800"|"71559"
"71800"|"71561"
"71120"|"71562"
"71460"|"71563"
"71120"|"71564"
"71130"|"71565"
"71350"|"71566"
"71960"|"71567"
"71440"|"71568"
"71590"|"71570"
"71220"|"71571"
"71240"|"71572"
"71110"|"71573"
"71960"|"71574"
"71700"|"71576"
"71620"|"71577"
"71270"|"71578"
"71390"|"71579"
"71500"|"71580"
"71110"|"71581"
"71250"|"71582"
"71680"|"71583"
"71260"|"71584"
"71530"|"71585"
"71120"|"71586"
"71250"|"71587"
"71600"|"71588"
"71140"|"71589"
"71600"|"71590"
"71260"|"71591"
"72650"|"72001"
"72600"|"72002"
"72700"|"72003"
"72540"|"72004"
"72610"|"72005"
"72610"|"72006"
"72370"|"72007"
"72230"|"72008"
"72270"|"72009"
"72430"|"72010"
"72130"|"72011"
"72170"|"72012"
"72800"|"72013"
"72600"|"72015"
"72300"|"72016"
"72540"|"72017"
"72260"|"72018"
"72350"|"72019"
"72400"|"72020"
"72430"|"72021"
"72200"|"72022"
"72290"|"72023"
"72650"|"72024"
"72200"|"72025"
"72110"|"72026"
"72340"|"72027"
"72500"|"72028"
"72170"|"72029"
"72160"|"72031"
"72320"|"72032"
"72240"|"72033"
"72610"|"72034"
"72310"|"72035"
"72610"|"72036"
"72600"|"72037"
"72400"|"72038"
"72110"|"72039"
"72400"|"72040"
"72390"|"72041"
"72440"|"72042"
"72610"|"72043"
"72270"|"72044"
"72550"|"72045"
"72370"|"72046"
"72250"|"72047"
"72110"|"72048"
"72500"|"72049"
"72350"|"72050"
"72330"|"72051"
"72340"|"72052"
"72250"|"72053"
"72470"|"72054"
"72610"|"72056"
"72320"|"72057"
"72560"|"72058"
"72430"|"72059"
"72800"|"72060"
"72300"|"72061"
"72400"|"72062"
"72310"|"72063"
"72310"|"72064"
"72650"|"72065"
"72240"|"72066"
"72160"|"72067"
"72340"|"72068"
"72600"|"72069"
"72540"|"72070"
"72500"|"72071"
"72510"|"72072"
"72550"|"72073"
"72540"|"72074"
"72210"|"72075"
"72610"|"72076"
"72500"|"72077"
"72170"|"72078"
"72610"|"72079"
"72400"|"72080"
"72400"|"72081"
"72610"|"72082"
"72350"|"72083"
"72200"|"72084"
"72310"|"72085"
"72600"|"72086"
"72120"|"72087"
"72290"|"72088"
"72240"|"72089"
"72160"|"72090"
"72600"|"72091"
"72400"|"72093"
"72440"|"72094"
"72190"|"72095"
"72550"|"72096"
"72130"|"72097"
"72800"|"72098"
"72290"|"72099"
"72270"|"72100"
"72110"|"72101"
"72110"|"72102"
"72150"|"72103"
"72260"|"72104"
"72320"|"72105"
"72300"|"72106"
"72540"|"72107"
"72200"|"72108"
"72140"|"72109"
"72200"|"72110"
"72240"|"72111"
"72260"|"72112"
"72550"|"72113"
"72400"|"72114"
"72500"|"72115"
"72260"|"72116"
"72800"|"72117"
"72390"|"72118"
"72240"|"72119"
"72170"|"72120"
"72130"|"72121"
"72160"|"72122"
"72270"|"72123"
"72220"|"72124"
"72120"|"72125"
"72540"|"72126"
"72700"|"72127"
"72120"|"72128"
"72470"|"72129"
"72550"|"72130"
"72430"|"72131"
"72400"|"72132"
"72210"|"72133"
"72500"|"72134"
"72330"|"72135"
"72350"|"72136"
"72600"|"72137"
"72130"|"72138"
"72610"|"72139"
"72130"|"72141"
"72610"|"72142"
"72150"|"72143"
"72320"|"72144"
"72140"|"72145"
"72230"|"72146"
"72380"|"72147"
"72110"|"72148"
"72540"|"72149"
"72380"|"72150"
"72300"|"72151"
"72170"|"72152"
"72500"|"72153"
"72200"|"72154"
"72220"|"72155"
"72320"|"72156"
"72240"|"72157"
"72390"|"72158"
"72310"|"72159"
"72500"|"72160"
"72340"|"72161"
"72610"|"72162"
"72270"|"72163"
"72610"|"72164"
"72450"|"72165"
"72540"|"72166"
"72300"|"72167"
"72540"|"72168"
"72210"|"72169"
"72600"|"72170"
"72600"|"72171"
"72390"|"72172"
"72500"|"72173"
"72290"|"72174"
"72800"|"72175"
"72800"|"72176"
"72210"|"72177"
"72440"|"72178"
"72270"|"72179"
"72600"|"72180"
"72000"|"72181"
"72510"|"72182"
"72340"|"72183"
"72540"|"72184"
"72200"|"72185"
"72170"|"72186"
"72220"|"72187"
"72600"|"72188"
"72260"|"72189"
"72120"|"72190"
"72360"|"72191"
"72260"|"72192"
"72320"|"72193"
"72170"|"72194"
"72270"|"72195"
"72290"|"72196"
"72240"|"72197"
"72650"|"72198"
"72170"|"72199"
"72230"|"72200"
"72260"|"72201"
"72260"|"72202"
"72500"|"72203"
"72120"|"72204"
"72380"|"72205"
"72600"|"72207"
"72320"|"72208"
"72130"|"72209"
"72150"|"72210"
"72140"|"72211"
"72130"|"72212"
"72230"|"72213"
"72260"|"72214"
"72600"|"72215"
"72240"|"72216"
"72190"|"72217"
"72140"|"72218"
"72240"|"72219"
"72110"|"72220"
"72500"|"72221"
"72260"|"72222"
"72430"|"72223"
"72370"|"72224"
"72610"|"72225"
"72330"|"72226"
"72600"|"72227"
"72300"|"72228"
"72140"|"72229"
"72330"|"72230"
"72250"|"72231"
"72300"|"72232"
"72260"|"72233"
"72140"|"72234"
"72170"|"72235"
"72300"|"72236"
"72430"|"72237"
"72600"|"72238"
"72350"|"72239"
"72340"|"72240"
"72450"|"72241"
"72510"|"72243"
"72300"|"72244"
"72400"|"72245"
"72110"|"72246"
"72700"|"72247"
"72150"|"72248"
"72550"|"72249"
"72120"|"72250"
"72260"|"72251"
"72510"|"72252"
"72210"|"72253"
"72610"|"72254"
"72140"|"72255"
"72140"|"72256"
"72700"|"72257"
"72600"|"72258"
"72110"|"72259"
"72230"|"72260"
"72240"|"72261"
"72340"|"72262"
"72300"|"72264"
"72110"|"72265"
"72130"|"72266"
"72400"|"72267"
"72220"|"72268"
"72120"|"72269"
"72600"|"72270"
"72110"|"72271"
"72120"|"72272"
"72170"|"72273"
"72540"|"72274"
"72460"|"72275"
"72110"|"72276"
"72110"|"72277"
"72350"|"72278"
"72150"|"72279"
"72700"|"72280"
"72110"|"72281"
"72130"|"72282"
"72800"|"72283"
"72130"|"72284"
"72120"|"72286"
"72220"|"72287"
"72160"|"72288"
"72380"|"72289"
"72380"|"72290"
"72510"|"72291"
"72320"|"72292"
"72430"|"72293"
"72130"|"72294"
"72600"|"72295"
"72320"|"72296"
"72170"|"72297"
"72440"|"72298"
"72220"|"72299"
"72470"|"72300"
"72290"|"72301"
"72400"|"72302"
"72440"|"72303"
"72120"|"72304"
"72130"|"72305"
"72220"|"72306"
"72350"|"72307"
"72610"|"72308"
"72130"|"72309"
"72190"|"72310"
"72500"|"72311"
"72430"|"72312"
"72600"|"72313"
"72150"|"72314"
"72140"|"72315"
"72600"|"72316"
"72600"|"72317"
"72610"|"72318"
"72380"|"72319"
"72650"|"72320"
"72240"|"72321"
"72320"|"72322"
"72130"|"72323"
"72600"|"72324"
"72150"|"72325"
"72600"|"72326"
"72360"|"72327"
"72190"|"72328"
"72460"|"72329"
"72800"|"72330"
"72160"|"72331"
"72170"|"72332"
"72390"|"72333"
"72140"|"72334"
"72460"|"72335"
"72300"|"72336"
"72130"|"72337"
"72380"|"72338"
"72210"|"72339"
"72290"|"72340"
"72370"|"72341"
"72400"|"72342"
"72300"|"72343"
"72700"|"72344"
"72370"|"72345"
"72210"|"72346"
"72430"|"72347"
"72540"|"72348"
"72290"|"72349"
"72220"|"72350"
"72240"|"72351"
"72110"|"72352"
"72320"|"72353"
"72260"|"72354"
"72610"|"72355"
"72500"|"72356"
"72800"|"72357"
"72160"|"72358"
"72110"|"72359"
"72650"|"72360"
"72440"|"72361"
"72170"|"72362"
"72160"|"72363"
"72500"|"72364"
"72320"|"72366"
"72540"|"72367"
"72310"|"72368"
"72360"|"72369"
"72170"|"72370"
"72600"|"72372"
"72320"|"72373"
"72600"|"72374"
"72400"|"72375"
"72150"|"72376"
"72270"|"72377"
"72300"|"72378"
"72350"|"72379"
"72170"|"72380"
"72210"|"72381"
"72440"|"72382"
"72160"|"72383"
"72500"|"72384"
"72330"|"72385"
"72530"|"72386"
"73610"|"73001"
"73220"|"73002"
"73260"|"73003"
"73340"|"73004"
"73340"|"73005"
"73210"|"73006"
"73220"|"73007"
"73100"|"73008"
"73410"|"73010"
"73200"|"73011"
"73300"|"73012"
"73300"|"73013"
"73200"|"73014"
"73550"|"73015"
"73190"|"73017"
"73800"|"73018"
"73220"|"73019"
"73340"|"73020"
"73110"|"73021"
"73610"|"73022"
"73500"|"73023"
"73260"|"73024"
"73240"|"73025"
"73500"|"73026"
"73470"|"73027"
"73170"|"73028"
"73000"|"73029"
"73230"|"73030"
"73000"|"73031"
"73540"|"73032"
"73360"|"73033"
"73270"|"73034"
"73340"|"73036"
"73210"|"73038"
"73330"|"73039"
"73480"|"73040"
"73390"|"73041"
"73170"|"73042"
"73410"|"73043"
"73260"|"73045"
"73260"|"73046"
"73480"|"73047"
"73460"|"73048"
"73220"|"73049"
"73370"|"73050"
"73370"|"73051"
"73110"|"73052"
"73390"|"73053"
"73700"|"73054"
"73350"|"73055"
"73500"|"73056"
"73570"|"73057"
"73520"|"73058"
"73100"|"73059"
"73200"|"73061"
"73410"|"73062"
"73730"|"73063"
"73190"|"73064"
"73000"|"73065"
"73130"|"73067"
"73390"|"73068"
"73390"|"73069"
"73240"|"73070"
"73350"|"73071"
"73390"|"73072"
"73310"|"73073"
"73660"|"73074"
"73110"|"73075"
"73370"|"73076"
"73700"|"73077"
"73170"|"73078"
"73390"|"73079"
"73300"|"73080"
"73630"|"73081"
"73800"|"73082"
"73660"|"73083"
"73800"|"73084"
"73310"|"73085"
"73460"|"73086"
"73160"|"73087"
"73400"|"73088"
"73800"|"73089"
"73630"|"73090"
"73310"|"73091"
"73160"|"73092"
"73210"|"73093"
"73590"|"73094"
"73110"|"73095"
"73800"|"73096"
"73190"|"73097"
"73230"|"73098"
"73110"|"73099"
"73330"|"73100"
"73630"|"73101"
"73420"|"73103"
"73610"|"73104"
"73360"|"73105"
"73630"|"73106"
"73670"|"73107"
"73410"|"73108"
"73220"|"73109"
"73540"|"73110"
"73110"|"73111"
"73260"|"73112"
"73350"|"73113"
"73590"|"73114"
"73600"|"73115"
"73300"|"73116"
"73500"|"73117"
"73800"|"73118"
"73500"|"73119"
"73250"|"73120"
"73460"|"73121"
"73470"|"73122"
"73590"|"73123"
"73200"|"73124"
"73210"|"73126"
"73240"|"73127"
"73100"|"73128"
"73460"|"73129"
"73200"|"73130"
"73600"|"73131"
"73620"|"73132"
"73390"|"73133"
"73300"|"73135"
"73000"|"73137"
"73300"|"73138"
"73630"|"73139"
"73170"|"73140"
"73800"|"73141"
"73210"|"73142"
"73480"|"73143"
"73480"|"73144"
"73610"|"73145"
"73340"|"73146"
"73170"|"73147"
"73170"|"73149"
"73210"|"73150"
"73800"|"73151"
"73470"|"73152"
"73400"|"73153"
"73200"|"73154"
"73420"|"73155"
"73170"|"73156"
"73500"|"73157"
"73410"|"73158"
"73800"|"73159"
"73000"|"73160"
"73350"|"73161"
"73460"|"73162"
"73130"|"73163"
"73100"|"73164"
"73390"|"73166"
"73130"|"73167"
"73220"|"73168"
"73210"|"73169"
"73200"|"73170"
"73800"|"73171"
"73870"|"73173"
"73220"|"73175"
"73700"|"73176"
"73300"|"73177"
"73340"|"73178"
"73290"|"73179"
"73310"|"73180"
"73600"|"73181"
"73100"|"73182"
"73800"|"73183"
"73470"|"73184"
"73590"|"73186"
"73260"|"73187"
"73460"|"73188"
"73130"|"73189"
"73600"|"73190"
"73470"|"73191"
"73340"|"73192"
"73310"|"73193"
"73140"|"73194"
"73200"|"73196"
"73210"|"73197"
"73120"|"73198"
"73800"|"73200"
"73350"|"73201"
"73200"|"73202"
"73300"|"73203"
"73330"|"73204"
"73110"|"73205"
"73710"|"73206"
"73110"|"73207"
"73100"|"73208"
"73190"|"73210"
"73720"|"73211"
"73220"|"73212"
"73490"|"73213"
"73240"|"73214"
"73110"|"73215"
"73730"|"73216"
"73110"|"73217"
"73310"|"73218"
"73610"|"73219"
"73220"|"73220"
"73130"|"73221"
"73230"|"73222"
"73500"|"73223"
"73130"|"73224"
"73190"|"73225"
"73520"|"73226"
"73120"|"73227"
"73160"|"73228"
"73360"|"73229"
"73130"|"73230"
"73130"|"73231"
"73640"|"73232"
"73360"|"73233"
"73340"|"73234"
"73130"|"73235"
"73240"|"73236"
"73220"|"73237"
"73410"|"73238"
"73410"|"73239"
"73800"|"73240"
"73460"|"73241"
"73530"|"73242"
"73230"|"73243"
"73440"|"73244"
"73170"|"73245"
"73160"|"73246"
"73250"|"73247"
"73300"|"73248"
"73190"|"73249"
"73870"|"73250"
"73220"|"73252"
"73600"|"73253"
"73240"|"73254"
"73130"|"73255"
"73140"|"73256"
"73440"|"73257"
"73140"|"73258"
"73130"|"73259"
"73240"|"73260"
"73140"|"73261"
"73590"|"73262"
"73100"|"73263"
"73100"|"73264"
"73410"|"73265"
"73260"|"73266"
"73300"|"73267"
"73730"|"73268"
"73170"|"73269"
"73250"|"73270"
"73170"|"73271"
"73220"|"73272"
"73310"|"73273"
"73670"|"73274"
"73360"|"73275"
"73800"|"73276"
"73630"|"73277"
"73660"|"73278"
"73530"|"73280"
"73160"|"73281"
"73160"|"73282"
"73460"|"73283"
"73600"|"73284"
"73700"|"73285"
"73310"|"73286"
"73500"|"73287"
"73000"|"73288"
"73110"|"73289"
"73500"|"73290"
"73200"|"73292"
"73230"|"73293"
"73190"|"73294"
"73320"|"73296"
"73460"|"73297"
"73790"|"73298"
"73170"|"73299"
"73100"|"73300"
"73100"|"73301"
"73110"|"73302"
"73400"|"73303"
"73150"|"73304"
"73210"|"73305"
"73450"|"73306"
"73450"|"73307"
"73200"|"73308"
"73330"|"73309"
"73230"|"73310"
"73110"|"73311"
"73460"|"73312"
"73170"|"73313"
"73800"|"73314"
"73390"|"73315"
"73110"|"73316"
"73270"|"73317"
"73300"|"73318"
"73300"|"73320"
"73600"|"73321"
"73500"|"73322"
"73640"|"73323"
"73110"|"73324"
"73160"|"73326"
"73310"|"73327"
"73420"|"73328"
"73420"|"73329"
"73170"|"73330"
"74360"|"74001"
"74540"|"74002"
"74290"|"74003"
"74540"|"74004"
"74200"|"74005"
"74350"|"74006"
"74800"|"74007"
"74100"|"74008"
"74350"|"74009"
"74000"|"74010"
"74940"|"74011"
"74100"|"74012"
"74200"|"74013"
"74300"|"74014"
"74930"|"74015"
"74160"|"74016"
"74800"|"74018"
"74370"|"74019"
"74200"|"74020"
"74380"|"74021"
"74570"|"74022"
"74130"|"74024"
"74140"|"74025"
"74330"|"74026"
"74230"|"74027"
"74910"|"74029"
"74430"|"74030"
"74160"|"74031"
"74470"|"74032"
"74500"|"74033"
"74430"|"74034"
"74150"|"74035"
"74290"|"74036"
"74420"|"74037"
"74250"|"74038"
"74380"|"74040"
"74360"|"74041"
"74130"|"74042"
"74890"|"74043"
"74160"|"74044"
"74230"|"74045"
"74150"|"74046"
"74890"|"74048"
"74130"|"74049"
"74420"|"74050"
"74350"|"74051"
"74350"|"74052"
"74550"|"74053"
"74540"|"74054"
"74910"|"74055"
"74400"|"74056"
"74500"|"74057"
"74360"|"74058"
"74800"|"74059"
"74410"|"74060"
"74540"|"74061"
"74370"|"74062"
"74390"|"74063"
"74300"|"74064"
"74270"|"74065"
"74270"|"74066"
"74650"|"74067"
"74270"|"74068"
"74520"|"74069"
"74140"|"74070"
"74270"|"74071"
"74210"|"74072"
"74500"|"74073"
"74520"|"74074"
"74270"|"74075"
"74330"|"74076"
"74270"|"74077"
"74270"|"74078"
"74230"|"74079"
"74220"|"74080"
"74300"|"74081"
"74160"|"74082"
"74920"|"74083"
"74210"|"74084"
"74170"|"74085"
"74270"|"74086"
"74130"|"74087"
"74350"|"74088"
"74700"|"74089"
"74800"|"74090"
"74110"|"74091"
"74960"|"74093"
"74380"|"74094"
"74150"|"74095"
"74350"|"74096"
"74540"|"74097"
"74350"|"74098"
"74120"|"74099"
"74270"|"74100"
"74520"|"74101"
"74230"|"74102"
"74700"|"74103"
"74210"|"74104"
"74140"|"74105"
"74550"|"74106"
"74270"|"74107"
"74410"|"74108"
"1200"|"74109"
"74130"|"74110"
"74410"|"74111"
"74330"|"74112"
"74110"|"74114"
"74800"|"74116"
"74150"|"74117"
"74100"|"74118"
"74500"|"74119"
"74570"|"74120"
"74140"|"74121"
"74130"|"74122"
"74210"|"74123"
"74160"|"74124"
"74890"|"74126"
"74500"|"74127"
"74250"|"74128"
"74200"|"74129"
"74910"|"74130"
"74270"|"74131"
"74240"|"74133"
"74260"|"74134"
"74210"|"74135"
"74450"|"74136"
"74570"|"74137"
"74540"|"74138"
"74420"|"74139"
"74420"|"74140"
"74150"|"74141"
"74540"|"74142"
"74310"|"74143"
"74520"|"74144"
"74100"|"74145"
"74500"|"74146"
"74210"|"74147"
"74320"|"74148"
"74140"|"74150"
"74150"|"74151"
"74330"|"74152"
"74380"|"74153"
"74500"|"74154"
"74470"|"74155"
"74890"|"74156"
"74200"|"74157"
"74140"|"74158"
"74300"|"74159"
"74230"|"74160"
"74150"|"74161"
"74250"|"74162"
"74200"|"74163"
"74970"|"74164"
"74150"|"74165"
"74200"|"74166"
"74210"|"74167"
"74270"|"74168"
"74460"|"74169"
"74150"|"74170"
"74140"|"74171"
"74500"|"74172"
"74120"|"74173"
"74490"|"74174"
"74500"|"74175"
"74290"|"74176"
"74350"|"74177"
"74270"|"74178"
"74330"|"74179"
"74140"|"74180"
"74370"|"74181"
"74960"|"74182"
"74440"|"74183"
"74270"|"74184"
"74560"|"74185"
"74600"|"74186"
"74210"|"74187"
"74110"|"74188"
"74130"|"74189"
"74440"|"74190"
"74110"|"74191"
"74150"|"74192"
"74560"|"74193"
"74540"|"74194"
"74270"|"74195"
"74300"|"74196"
"74380"|"74197"
"74370"|"74198"
"74140"|"74199"
"74500"|"74200"
"74160"|"74201"
"74330"|"74202"
"74500"|"74203"
"74370"|"74204"
"74490"|"74205"
"74550"|"74206"
"74190"|"74208"
"74250"|"74209"
"74550"|"74210"
"74930"|"74211"
"74130"|"74212"
"74330"|"74213"
"74120"|"74215"
"74160"|"74216"
"74370"|"74217"
"74500"|"74218"
"74600"|"74219"
"74930"|"74220"
"74950"|"74221"
"74200"|"74222"
"74440"|"74223"
"74800"|"74224"
"74150"|"74225"
"74420"|"74226"
"74350"|"74228"
"74140"|"74229"
"74150"|"74231"
"74410"|"74232"
"74540"|"74233"
"74210"|"74234"
"74910"|"74235"
"74170"|"74236"
"74500"|"74237"
"74430"|"74238"
"74450"|"74239"
"74250"|"74240"
"74490"|"74241"
"74410"|"74242"
"74160"|"74243"
"74800"|"74244"
"74370"|"74245"
"74500"|"74249"
"74800"|"74250"
"74300"|"74252"
"74800"|"74253"
"74540"|"74254"
"74150"|"74255"
"74700"|"74256"
"74270"|"74257"
"74340"|"74258"
"74350"|"74259"
"74520"|"74260"
"74420"|"74261"
"74930"|"74262"
"74140"|"74263"
"74950"|"74264"
"74230"|"74265"
"74310"|"74266"
"74320"|"74267"
"74600"|"74268"
"74910"|"74269"
"74210"|"74270"
"74430"|"74271"
"74330"|"74272"
"74740"|"74273"
"74150"|"74274"
"74290"|"74275"
"74440"|"74276"
"74300"|"74278"
"74500"|"74279"
"74230"|"74280"
"74200"|"74281"
"74570"|"74282"
"74150"|"74283"
"74250"|"74284"
"74910"|"74285"
"74360"|"74286"
"74470"|"74287"
"74520"|"74288"
"74150"|"74289"
"74660"|"74290"
"74270"|"74291"
"74150"|"74292"
"74140"|"74293"
"74440"|"74294"
"74200"|"74295"
"74160"|"74296"
"74150"|"74297"
"74100"|"74298"
"74290"|"74299"
"74420"|"74301"
"74230"|"74302"
"74370"|"74303"
"74250"|"74304"
"74100"|"74305"
"74350"|"74306"
"74350"|"74307"
"74500"|"74308"
"74580"|"74309"
"74540"|"74310"
"74250"|"74311"
"74130"|"74312"
"74350"|"74313"
"74520"|"74314"
"74140"|"74315"
"75001"|"75101"
"75002"|"75102"
"75003"|"75103"
"75004"|"75104"
"75005"|"75105"
"75006"|"75106"
"75007"|"75107"
"75008"|"75108"
"75009"|"75109"
"75010"|"75110"
"75011"|"75111"
"75012"|"75112"
"75013"|"75113"
"75014"|"75114"
"75015"|"75115"
"75016"|"75116"
"75017"|"75117"
"75018"|"75118"
"75019"|"75119"
"75020"|"75120"
"76190"|"76001"
"76640"|"76002"
"76550"|"76004"
"76920"|"76005"
"76560"|"76006"
"76710"|"76007"
"76370"|"76008"
"76560"|"76009"
"76760"|"76010"
"76540"|"76011"
"76110"|"76012"
"76540"|"76013"
"76280"|"76014"
"76740"|"76015"
"76740"|"76016"
"76280"|"76017"
"76890"|"76018"
"76590"|"76019"
"76480"|"76020"
"76110"|"76021"
"76490"|"76022"
"76560"|"76023"
"76680"|"76024"
"76780"|"76025"
"76880"|"76026"
"76630"|"76027"
"76390"|"76028"
"76340"|"76029"
"76550"|"76030"
"76170"|"76031"
"76450"|"76032"
"76110"|"76033"
"76720"|"76034"
"76390"|"76035"
"76730"|"76036"
"76630"|"76037"
"76690"|"76038"
"76520"|"76039"
"76740"|"76040"
"76190"|"76041"
"76270"|"76042"
"76190"|"76043"
"76640"|"76044"
"76760"|"76045"
"76116"|"76046"
"76730"|"76047"
"76220"|"76048"
"76630"|"76049"
"76730"|"76050"
"76730"|"76051"
"76660"|"76052"
"76660"|"76053"
"76630"|"76054"
"76190"|"76055"
"76480"|"76056"
"76360"|"76057"
"76260"|"76058"
"76340"|"76059"
"76440"|"76060"
"76850"|"76062"
"76890"|"76063"
"76280"|"76064"
"76870"|"76065"
"76890"|"76066"
"76220"|"76067"
"76110"|"76068"
"76240"|"76069"
"76680"|"76070"
"76630"|"76071"
"76890"|"76072"
"76370"|"76073"
"76440"|"76074"
"76590"|"76075"
"76110"|"76076"
"76560"|"76077"
"76640"|"76078"
"76790"|"76079"
"76640"|"76080"
"76370"|"76081"
"76210"|"76082"
"76450"|"76083"
"76450"|"76084"
"76590"|"76085"
"76890"|"76086"
"76560"|"76087"
"76480"|"76088"
"76190"|"76089"
"76210"|"76090"
"76450"|"76091"
"76210"|"76092"
"76220"|"76093"
"76750"|"76094"
"76890"|"76096"
"76730"|"76097"
"76630"|"76098"
"76190"|"76099"
"76116"|"76100"
"76340"|"76101"
"76240"|"76103"
"76460"|"76104"
"76690"|"76105"
"76160"|"76106"
"76750"|"76107"
"76230"|"76108"
"76750"|"76109"
"76190"|"76110"
"76160"|"76111"
"76590"|"76112"
"76750"|"76113"
"76210"|"76114"
"76210"|"76115"
"76520"|"76116"
"76790"|"76117"
"76110"|"76118"
"76680"|"76119"
"76750"|"76120"
"76750"|"76121"
"76270"|"76122"
"76710"|"76123"
"76220"|"76124"
"76850"|"76125"
"76680"|"76126"
"76750"|"76127"
"76450"|"76128"
"76560"|"76129"
"76270"|"76130"
"76530"|"76131"
"76760"|"76132"
"76740"|"76133"
"76740"|"76134"
"76360"|"76135"
"76730"|"76136"
"76370"|"76137"
"76850"|"76138"
"76680"|"76139"
"76740"|"76140"
"76110"|"76141"
"76220"|"76142"
"76110"|"76143"
"76560"|"76144"
"76630"|"76145"
"76750"|"76146"
"76270"|"76147"
"76660"|"76148"
"76890"|"76149"
"76460"|"76151"
"76690"|"76152"
"76890"|"76153"
"76340"|"76154"
"76260"|"76155"
"76450"|"76156"
"76380"|"76157"
"76560"|"76158"
"76450"|"76159"
"76190"|"76160"
"76560"|"76161"
"76590"|"76162"
"76116"|"76163"
"76490"|"76164"
"76320"|"76165"
"76390"|"76166"
"76930"|"76167"
"76590"|"76168"
"76430"|"76169"
"76590"|"76170"
"76780"|"76171"
"76740"|"76172"
"76590"|"76173"
"76570"|"76174"
"76660"|"76175"
"76450"|"76176"
"76690"|"76177"
"76410"|"76178"
"76690"|"76179"
"76450"|"76180"
"76640"|"76181"
"76640"|"76182"
"76400"|"76183"
"76550"|"76184"
"76440"|"76185"
"76390"|"76186"
"76400"|"76187"
"76850"|"76188"
"76450"|"76189"
"76740"|"76190"
"76720"|"76191"
"76910"|"76192"
"76850"|"76193"
"76111"|"76194"
"76540"|"76195"
"76280"|"76196"
"76590"|"76197"
"76760"|"76198"
"76390"|"76199"
"76680"|"76200"
"76780"|"76201"
"76660"|"76202"
"76190"|"76203"
"76720"|"76204"
"76590"|"76205"
"76280"|"76206"
"76260"|"76207"
"76220"|"76208"
"76220"|"76209"
"76510"|"76210"
"76340"|"76211"
"76160"|"76212"
"76110"|"76213"
"76590"|"76214"
"76370"|"76215"
"76250"|"76216"
"76200"|"76217"
"76220"|"76218"
"76560"|"76219"
"76630"|"76220"
"76460"|"76221"
"76480"|"76222"
"76190"|"76223"
"76110"|"76224"
"76190"|"76225"
"76540"|"76226"
"76760"|"76227"
"76970"|"76228"
"76220"|"76229"
"76780"|"76230"
"76500"|"76231"
"76540"|"76232"
"76390"|"76233"
"76570"|"76234"
"76630"|"76235"
"76640"|"76236"
"76480"|"76237"
"76133"|"76238"
"76430"|"76239"
"76400"|"76240"
"76740"|"76241"
"76220"|"76242"
"76750"|"76243"
"76270"|"76244"
"76710"|"76245"
"76690"|"76247"
"76750"|"76248"
"76850"|"76249"
"76430"|"76250"
"76560"|"76251"
"76260"|"76252"
"76190"|"76253"
"76790"|"76254"
"76260"|"76255"
"76340"|"76257"
"76640"|"76258"
"76400"|"76259"
"76220"|"76260"
"76440"|"76261"
"76270"|"76262"
"76220"|"76263"
"76970"|"76264"
"76270"|"76265"
"76260"|"76266"
"76190"|"76267"
"76280"|"76268"
"76440"|"76269"
"76290"|"76270"
"76690"|"76271"
"76740"|"76272"
"76160"|"76273"
"76890"|"76274"
"76290"|"76275"
"76440"|"76276"
"76440"|"76277"
"76340"|"76278"
"76640"|"76279"
"76660"|"76280"
"76170"|"76281"
"76410"|"76282"
"76270"|"76283"
"76850"|"76284"
"76520"|"76285"
"76660"|"76286"
"76570"|"76287"
"76510"|"76288"
"76190"|"76289"
"76690"|"76290"
"76400"|"76291"
"76780"|"76292"
"76560"|"76293"
"76740"|"76294"
"76870"|"76295"
"76700"|"76296"
"76220"|"76297"
"76400"|"76298"
"76540"|"76299"
"76790"|"76300"
"76630"|"76301"
"76110"|"76302"
"76430"|"76303"
"76110"|"76304"
"76700"|"76305"
"76730"|"76306"
"76280"|"76307"
"76590"|"76308"
"76560"|"76309"
"76630"|"76310"
"76570"|"76311"
"76220"|"76312"
"76520"|"76313"
"76430"|"76314"
"76450"|"76315"
"76116"|"76316"
"76110"|"76317"
"76170"|"76318"
"76530"|"76319"
"76660"|"76320"
"76950"|"76321"
"76120"|"76322"
"76270"|"76323"
"76370"|"76324"
"76970"|"76325"
"76630"|"76326"
"76810"|"76327"
"76850"|"76328"
"76210"|"76329"
"76810"|"76330"
"76690"|"76331"
"76440"|"76332"
"76340"|"76333"
"76730"|"76334"
"76890"|"76335"
"76460"|"76336"
"76630"|"76337"
"76780"|"76338"
"76450"|"76339"
"76560"|"76340"
"76700"|"76341"
"76640"|"76342"
"76440"|"76343"
"76390"|"76344"
"76440"|"76345"
"76450"|"76346"
"76190"|"76347"
"76190"|"76348"
"76550"|"76349"
"76113"|"76350"
"76600"|"76351"
"76780"|"76352"
"76740"|"76353"
"76840"|"76354"
"76560"|"76355"
"76730"|"76356"
"76280"|"76357"
"76780"|"76358"
"76750"|"76359"
"76720"|"76360"
"76280"|"76361"
"76940"|"76362"
"76340"|"76363"
"76780"|"76364"
"76740"|"76365"
"76770"|"76366"
"76770"|"76367"
"76110"|"76368"
"76690"|"76369"
"76570"|"76370"
"76630"|"76371"
"76390"|"76372"
"76890"|"76373"
"76117"|"76374"
"76460"|"76375"
"76630"|"76376"
"76230"|"76377"
"76480"|"76378"
"76730"|"76379"
"76730"|"76380"
"76390"|"76381"
"76210"|"76382"
"76730"|"76383"
"76170"|"76384"
"76570"|"76385"
"76540"|"76386"
"76760"|"76387"
"76210"|"76388"
"76590"|"76389"
"76790"|"76390"
"76500"|"76391"
"76660"|"76392"
"76440"|"76393"
"76260"|"76394"
"76860"|"76395"
"76750"|"76396"
"76590"|"76397"
"76490"|"76398"
"76270"|"76399"
"76810"|"76400"
"76940"|"76401"
"76770"|"76402"
"76450"|"76403"
"76133"|"76404"
"76590"|"76405"
"76400"|"76406"
"76460"|"76407"
"76110"|"76408"
"76290"|"76409"
"76150"|"76410"
"76390"|"76411"
"76116"|"76412"
"76880"|"76413"
"76370"|"76414"
"76270"|"76415"
"76680"|"76416"
"76680"|"76417"
"76490"|"76418"
"76530"|"76419"
"76440"|"76420"
"76170"|"76421"
"76260"|"76422"
"76220"|"76423"
"76270"|"76424"
"76110"|"76425"
"76780"|"76426"
"76270"|"76427"
"76460"|"76428"
"76240"|"76429"
"76660"|"76430"
"76780"|"76431"
"76440"|"76432"
"76570"|"76433"
"76520"|"76434"
"76260"|"76435"
"76480"|"76436"
"76510"|"76437"
"76260"|"76438"
"76210"|"76439"
"76220"|"76440"
"76340"|"76441"
"76260"|"76442"
"76690"|"76443"
"76190"|"76444"
"76680"|"76445"
"76380"|"76446"
"76290"|"76447"
"76520"|"76448"
"76850"|"76449"
"76220"|"76450"
"76130"|"76451"
"76710"|"76452"
"76750"|"76453"
"76270"|"76454"
"76780"|"76455"
"76970"|"76456"
"76530"|"76457"
"76590"|"76458"
"76270"|"76459"
"76340"|"76460"
"76680"|"76461"
"76270"|"76462"
"76220"|"76463"
"76520"|"76464"
"76270"|"76465"
"76460"|"76467"
"76210"|"76468"
"76780"|"76469"
"76640"|"76470"
"76330"|"76471"
"76510"|"76472"
"76940"|"76473"
"76960"|"76474"
"76520"|"76475"
"76330"|"76476"
"76133"|"76477"
"76590"|"76478"
"76390"|"76479"
"76450"|"76480"
"76930"|"76481"
"76550"|"76482"
"76560"|"76483"
"76350"|"76484"
"76730"|"76485"
"76500"|"76486"
"76660"|"76487"
"76450"|"76488"
"76430"|"76489"
"76450"|"76490"
"76760"|"76491"
"76860"|"76492"
"76450"|"76493"
"76210"|"76494"
"76570"|"76495"
"76630"|"76496"
"76650"|"76497"
"76140"|"76498"
"76330"|"76499"
"76340"|"76500"
"76280"|"76501"
"76750"|"76502"
"76360"|"76503"
"76460"|"76504"
"76440"|"76505"
"76680"|"76506"
"76260"|"76507"
"76280"|"76508"
"76160"|"76509"
"76560"|"76510"
"76660"|"76511"
"76660"|"76512"
"76840"|"76513"
"76520"|"76514"
"76860"|"76515"
"76270"|"76516"
"76230"|"76517"
"76210"|"76518"
"76730"|"76519"
"76340"|"76520"
"76750"|"76521"
"76430"|"76522"
"76340"|"76523"
"76560"|"76524"
"76640"|"76525"
"76510"|"76526"
"76390"|"76527"
"76340"|"76528"
"76540"|"76529"
"76560"|"76530"
"76640"|"76531"
"76680"|"76532"
"76700"|"76533"
"76133"|"76534"
"76440"|"76535"
"76160"|"76536"
"76390"|"76537"
"76680"|"76538"
"76000"|"76540"
"76480"|"76541"
"76560"|"76542"
"76210"|"76543"
"76440"|"76544"
"76370"|"76545"
"76730"|"76546"
"76690"|"76547"
"76116"|"76548"
"76730"|"76549"
"76113"|"76550"
"76430"|"76551"
"76310"|"76552"
"76660"|"76553"
"76116"|"76554"
"76690"|"76555"
"76170"|"76556"
"76490"|"76557"
"76520"|"76558"
"76190"|"76559"
"76160"|"76560"
"76410"|"76561"
"76510"|"76562"
"76430"|"76563"
"76740"|"76564"
"76550"|"76565"
"76570"|"76566"
"76270"|"76567"
"76190"|"76568"
"76460"|"76569"
"76590"|"76570"
"76750"|"76571"
"76860"|"76572"
"76116"|"76573"
"76890"|"76574"
"76800"|"76575"
"76210"|"76576"
"76590"|"76577"
"76440"|"76578"
"76690"|"76580"
"76750"|"76581"
"76590"|"76582"
"76690"|"76583"
"76270"|"76584"
"76490"|"76585"
"76430"|"76586"
"76400"|"76587"
"76680"|"76588"
"76590"|"76589"
"76510"|"76590"
"76160"|"76591"
"76170"|"76592"
"76210"|"76593"
"76150"|"76594"
"76280"|"76595"
"76700"|"76596"
"76560"|"76597"
"76340"|"76598"
"76160"|"76599"
"76400"|"76600"
"76890"|"76602"
"76110"|"76603"
"76730"|"76604"
"76119"|"76605"
"76390"|"76606"
"76640"|"76607"
"76480"|"76608"
"76280"|"76609"
"76190"|"76610"
"76760"|"76611"
"76340"|"76612"
"76450"|"76613"
"76840"|"76614"
"76133"|"76615"
"76290"|"76616"
"76160"|"76617"
"76370"|"76618"
"76260"|"76619"
"76270"|"76620"
"76680"|"76621"
"76330"|"76622"
"76440"|"76623"
"76510"|"76624"
"76940"|"76625"
"76490"|"76626"
"76170"|"76627"
"76890"|"76628"
"76730"|"76629"
"76630"|"76630"
"76480"|"76631"
"76890"|"76632"
"76113"|"76634"
"76660"|"76635"
"76480"|"76636"
"76540"|"76637"
"76260"|"76638"
"76640"|"76639"
"76320"|"76640"
"76740"|"76641"
"76740"|"76642"
"76630"|"76643"
"76260"|"76644"
"76340"|"76645"
"76460"|"76646"
"76430"|"76647"
"76680"|"76648"
"76270"|"76649"
"76110"|"76650"
"76460"|"76651"
"76510"|"76652"
"76450"|"76653"
"76890"|"76654"
"76460"|"76655"
"76890"|"76656"
"76430"|"76657"
"76430"|"76658"
"76490"|"76659"
"76430"|"76660"
"76730"|"76662"
"76540"|"76663"
"76450"|"76664"
"76630"|"76665"
"76440"|"76666"
"76550"|"76667"
"76760"|"76668"
"76110"|"76669"
"76400"|"76670"
"76260"|"76671"
"76440"|"76672"
"76116"|"76673"
"76850"|"76674"
"76690"|"76675"
"76780"|"76676"
"76660"|"76677"
"76440"|"76678"
"76560"|"76679"
"76540"|"76680"
"76300"|"76681"
"76410"|"76682"
"76740"|"76683"
"76430"|"76684"
"76540"|"76685"
"76540"|"76686"
"76540"|"76688"
"76540"|"76689"
"76730"|"76690"
"76440"|"76691"
"76450"|"76692"
"76790"|"76693"
"76730"|"76694"
"76110"|"76695"
"76910"|"76696"
"76590"|"76697"
"76590"|"76698"
"76560"|"76699"
"76890"|"76700"
"76170"|"76701"
"76190"|"76702"
"76910"|"76703"
"76630"|"76704"
"76410"|"76705"
"76400"|"76706"
"76550"|"76707"
"76400"|"76708"
"76580"|"76709"
"76640"|"76710"
"76470"|"76711"
"76170"|"76712"
"76170"|"76713"
"76430"|"76714"
"76210"|"76715"
"76280"|"76716"
"76380"|"76717"
"76190"|"76718"
"76540"|"76719"
"76119"|"76720"
"76890"|"76721"
"76890"|"76723"
"76270"|"76724"
"76110"|"76725"
"76111"|"76726"
"76940"|"76727"
"76150"|"76728"
"76190"|"76729"
"76560"|"76730"
"76730"|"76731"
"76450"|"76732"
"76680"|"76733"
"76280"|"76734"
"76980"|"76735"
"76450"|"76736"
"76760"|"76737"
"76750"|"76738"
"76390"|"76739"
"76160"|"76740"
"76280"|"76741"
"76490"|"76742"
"76360"|"76743"
"76340"|"76744"
"76260"|"76745"
"76540"|"76746"
"76110"|"76747"
"76450"|"76748"
"76660"|"76749"
"76480"|"76750"
"76640"|"76751"
"76760"|"76752"
"76520"|"76753"
"76111"|"76754"
"76540"|"76755"
"76690"|"76756"
"76560"|"76757"
"76190"|"76758"
"76530"|"76759"
"77760"|"77001"
"77120"|"77002"
"77760"|"77003"
"77390"|"77004"
"77410"|"77005"
"77630"|"77006"
"77390"|"77007"
"77440"|"77008"
"77890"|"77009"
"77720"|"77010"
"77570"|"77011"
"77560"|"77012"
"77120"|"77013"
"77210"|"77014"
"77480"|"77015"
"77167"|"77016"
"77700"|"77018"
"77118"|"77019"
"77970"|"77020"
"77130"|"77021"
"77630"|"77022"
"77910"|"77023"
"77750"|"77024"
"77118"|"77025"
"77560"|"77026"
"77890"|"77027"
"77120"|"77028"
"77390"|"77029"
"77510"|"77030"
"77540"|"77031"
"77320"|"77032"
"77970"|"77033"
"77115"|"77034"
"77940"|"77035"
"77970"|"77036"
"77590"|"77037"
"77350"|"77038"
"77350"|"77039"
"77310"|"77040"
"77760"|"77041"
"77169"|"77042"
"77750"|"77043"
"77720"|"77044"
"77570"|"77045"
"77760"|"77046"
"77580"|"77047"
"77780"|"77048"
"77470"|"77049"
"77620"|"77050"
"77480"|"77051"
"77720"|"77052"
"77170"|"77053"
"77940"|"77054"
"77177"|"77055"
"77760"|"77056"
"77750"|"77057"
"77600"|"77058"
"77600"|"77059"
"77760"|"77060"
"77130"|"77061"
"77400"|"77062"
"77515"|"77063"
"77930"|"77065"
"77320"|"77066"
"77240"|"77067"
"77520"|"77068"
"77930"|"77069"
"77120"|"77070"
"77460"|"77071"
"77171"|"77072"
"77160"|"77073"
"77144"|"77075"
"77650"|"77076"
"77910"|"77077"
"77260"|"77078"
"77430"|"77079"
"77560"|"77080"
"77390"|"77081"
"77720"|"77082"
"77420"|"77083"
"77660"|"77084"
"77600"|"77085"
"77720"|"77086"
"77540"|"77087"
"77760"|"77088"
"77370"|"77089"
"77160"|"77090"
"77610"|"77091"
"77320"|"77093"
"77410"|"77094"
"77410"|"77095"
"77590"|"77096"
"77320"|"77097"
"77370"|"77098"
"77570"|"77099"
"77820"|"77100"
"77126"|"77101"
"77167"|"77102"
"77820"|"77103"
"77610"|"77104"
"77169"|"77106"
"77390"|"77107"
"77500"|"77108"
"77160"|"77109"
"77570"|"77110"
"77700"|"77111"
"77760"|"77112"
"77320"|"77113"
"77173"|"77114"
"77710"|"77115"
"77320"|"77116"
"77730"|"77117"
"77410"|"77118"
"77370"|"77119"
"77440"|"77120"
"77090"|"77121"
"77380"|"77122"
"77290"|"77123"
"77600"|"77124"
"77450"|"77125"
"77440"|"77126"
"77170"|"77127"
"77860"|"77128"
"77840"|"77129"
"77580"|"77130"
"77120"|"77131"
"77700"|"77132"
"77126"|"77133"
"77560"|"77134"
"77540"|"77135"
"77390"|"77136"
"77560"|"77137"
"77390"|"77138"
"77181"|"77139"
"77154"|"77140"
"77580"|"77141"
"77580"|"77142"
"77124"|"77143"
"77610"|"77144"
"77390"|"77145"
"77183"|"77146"
"77370"|"77147"
"77840"|"77148"
"77160"|"77149"
"77165"|"77150"
"77320"|"77151"
"77190"|"77152"
"77230"|"77153"
"77163"|"77154"
"77400"|"77155"
"77140"|"77156"
"77440"|"77157"
"77940"|"77158"
"77520"|"77159"
"77130"|"77161"
"77510"|"77162"
"77139"|"77163"
"77830"|"77164"
"77820"|"77165"
"77250"|"77166"
"77126"|"77167"
"77620"|"77168"
"77184"|"77169"
"77250"|"77170"
"77450"|"77171"
"77940"|"77172"
"77139"|"77173"
"77157"|"77174"
"77166"|"77175"
"77515"|"77176"
"77220"|"77177"
"77167"|"77178"
"77133"|"77179"
"77150"|"77180"
"77164"|"77181"
"77320"|"77182"
"77260"|"77183"
"77940"|"77184"
"77930"|"77185"
"77300"|"77186"
"77480"|"77187"
"77590"|"77188"
"77370"|"77190"
"77370"|"77191"
"77610"|"77192"
"77165"|"77193"
"77130"|"77194"
"77390"|"77195"
"77410"|"77196"
"77320"|"77197"
"77760"|"77198"
"77470"|"77199"
"77890"|"77200"
"77370"|"77201"
"77690"|"77202"
"77910"|"77203"
"77840"|"77204"
"77165"|"77205"
"77120"|"77206"
"77890"|"77207"
"77114"|"77208"
"77400"|"77209"
"77130"|"77210"
"77720"|"77211"
"77118"|"77212"
"77410"|"77214"
"77220"|"77215"
"77880"|"77216"
"77166"|"77217"
"77480"|"77218"
"77580"|"77219"
"77760"|"77220"
"77600"|"77221"
"77390"|"77222"
"77520"|"77223"
"77515"|"77224"
"77580"|"77225"
"77850"|"77226"
"77114"|"77227"
"77510"|"77228"
"77610"|"77229"
"77890"|"77230"
"77440"|"77231"
"77450"|"77232"
"77165"|"77233"
"77450"|"77234"
"77440"|"77235"
"77480"|"77236"
"77600"|"77237"
"77640"|"77238"
"77970"|"77239"
"77320"|"77240"
"77230"|"77241"
"77650"|"77242"
"77400"|"77243"
"77760"|"77244"
"77148"|"77245"
"77171"|"77246"
"77320"|"77247"
"77450"|"77248"
"77150"|"77249"
"77320"|"77250"
"77127"|"77251"
"77550"|"77252"
"77550"|"77253"
"77220"|"77254"
"77000"|"77255"
"77650"|"77256"
"77440"|"77257"
"77185"|"77258"
"77230"|"77259"
"77650"|"77260"
"77710"|"77261"
"77560"|"77262"
"77520"|"77263"
"77540"|"77264"
"77138"|"77265"
"77133"|"77266"
"77570"|"77267"
"77700"|"77268"
"77950"|"77269"
"77580"|"77270"
"77570"|"77271"
"77370"|"77272"
"77230"|"77273"
"77139"|"77274"
"77560"|"77275"
"77100"|"77276"
"77610"|"77277"
"77120"|"77278"
"77130"|"77279"
"77440"|"77280"
"77120"|"77281"
"77990"|"77282"
"77145"|"77283"
"77100"|"77284"
"77350"|"77285"
"77520"|"77286"
"77320"|"77287"
"77000"|"77288"
"77171"|"77289"
"77730"|"77290"
"77990"|"77291"
"77410"|"77292"
"77130"|"77293"
"77290"|"77294"
"77950"|"77295"
"77550"|"77296"
"77570"|"77297"
"77520"|"77298"
"77250"|"77299"
"77470"|"77300"
"77151"|"77301"
"77140"|"77302"
"77320"|"77303"
"77320"|"77304"
"77130"|"77305"
"77950"|"77306"
"77144"|"77307"
"77230"|"77308"
"77122"|"77309"
"77480"|"77310"
"77520"|"77311"
"77690"|"77312"
"77940"|"77313"
"77320"|"77314"
"77450"|"77315"
"77250"|"77316"
"77720"|"77317"
"77163"|"77318"
"77160"|"77319"
"77120"|"77320"
"77480"|"77321"
"77230"|"77322"
"77230"|"77323"
"77480"|"77325"
"77176"|"77326"
"77370"|"77327"
"77760"|"77328"
"77710"|"77329"
"77100"|"77330"
"77730"|"77331"
"77230"|"77332"
"77140"|"77333"
"77124"|"77335"
"77610"|"77336"
"77186"|"77337"
"77940"|"77338"
"77123"|"77339"
"77140"|"77340"
"77114"|"77341"
"77890"|"77342"
"77440"|"77343"
"77178"|"77344"
"77750"|"77345"
"77134"|"77347"
"77167"|"77348"
"77280"|"77349"
"77330"|"77350"
"77390"|"77352"
"77710"|"77353"
"77830"|"77354"
"77520"|"77355"
"77480"|"77356"
"77970"|"77357"
"77124"|"77358"
"77930"|"77359"
"77131"|"77360"
"77580"|"77361"
"77181"|"77363"
"77165"|"77364"
"77540"|"77365"
"77165"|"77366"
"77440"|"77367"
"77160"|"77368"
"77470"|"77369"
"77167"|"77370"
"77515"|"77371"
"77400"|"77372"
"77340"|"77373"
"77135"|"77374"
"77410"|"77376"
"77220"|"77377"
"77310"|"77378"
"77160"|"77379"
"77139"|"77380"
"77720"|"77381"
"77860"|"77382"
"77370"|"77383"
"77550"|"77384"
"77510"|"77385"
"77760"|"77386"
"77710"|"77387"
"77260"|"77388"
"77000"|"77389"
"77680"|"77390"
"77160"|"77391"
"77230"|"77392"
"77540"|"77393"
"77950"|"77394"
"77760"|"77395"
"77560"|"77396"
"77730"|"77397"
"77510"|"77398"
"77710"|"77399"
"77515"|"77400"
"77260"|"77401"
"77320"|"77402"
"77160"|"77403"
"77650"|"77404"
"77750"|"77405"
"77510"|"77406"
"77310"|"77407"
"77470"|"77408"
"77130"|"77409"
"77950"|"77410"
"77169"|"77411"
"77930"|"77412"
"77860"|"77413"
"77160"|"77414"
"77660"|"77415"
"77370"|"77416"
"77510"|"77417"
"77650"|"77418"
"77670"|"77419"
"77230"|"77420"
"77320"|"77421"
"77320"|"77423"
"77320"|"77424"
"77630"|"77425"
"77720"|"77426"
"77410"|"77427"
"77720"|"77428"
"77750"|"77429"
"77178"|"77430"
"77140"|"77431"
"77320"|"77432"
"77120"|"77433"
"77480"|"77434"
"77930"|"77435"
"77169"|"77436"
"77165"|"77437"
"77400"|"77438"
"77148"|"77439"
"77260"|"77440"
"77920"|"77441"
"77210"|"77442"
"77580"|"77443"
"77320"|"77444"
"77176"|"77445"
"77650"|"77446"
"77240"|"77447"
"77260"|"77448"
"77700"|"77449"
"77170"|"77450"
"77640"|"77451"
"77520"|"77452"
"77115"|"77453"
"77520"|"77454"
"77111"|"77455"
"77650"|"77456"
"77111"|"77457"
"77460"|"77458"
"77171"|"77459"
"77440"|"77460"
"77520"|"77461"
"77230"|"77462"
"77810"|"77463"
"77400"|"77464"
"77940"|"77465"
"77163"|"77466"
"77130"|"77467"
"77200"|"77468"
"77131"|"77469"
"77220"|"77470"
"77123"|"77471"
"77510"|"77472"
"77710"|"77473"
"77450"|"77474"
"77470"|"77475"
"77440"|"77476"
"77760"|"77477"
"77260"|"77478"
"77360"|"77479"
"77830"|"77480"
"77370"|"77481"
"77130"|"77482"
"77910"|"77483"
"77580"|"77484"
"77123"|"77485"
"77141"|"77486"
"77000"|"77487"
"77710"|"77489"
"77440"|"77490"
"77250"|"77491"
"77510"|"77492"
"77390"|"77493"
"77670"|"77494"
"77240"|"77495"
"77370"|"77496"
"77450"|"77498"
"77710"|"77500"
"77250"|"77501"
"77710"|"77504"
"77470"|"77505"
"77250"|"77506"
"77480"|"77507"
"77174"|"77508"
"77154"|"77509"
"77174"|"77510"
"77230"|"77511"
"77510"|"77512"
"77124"|"77513"
"77270"|"77514"
"77410"|"77515"
"77130"|"77516"
"77410"|"77517"
"77190"|"77518"
"77560"|"77519"
"77760"|"77520"
"77580"|"77521"
"77114"|"77522"
"77480"|"77523"
"77520"|"77524"
"77230"|"77525"
"77139"|"77526"
"77540"|"77527"
"77950"|"77528"
"77580"|"77529"
"77560"|"77530"
"77940"|"77531"
"77160"|"77532"
"77870"|"77533"
"77390"|"77534"
"78660"|"78003"
"78260"|"78005"
"78113"|"78006"
"78240"|"78007"
"78660"|"78009"
"78580"|"78010"
"78770"|"78013"
"78570"|"78015"
"78790"|"78020"
"78410"|"78029"
"78610"|"78030"
"78930"|"78031"
"78126"|"78033"
"78770"|"78034"
"78770"|"78036"
"78870"|"78043"
"78550"|"78048"
"78580"|"78049"
"78490"|"78050"
"78910"|"78053"
"78270"|"78057"
"78650"|"78062"
"78270"|"78068"
"78930"|"78070"
"78660"|"78071"
"78200"|"78072"
"78390"|"78073"
"78910"|"78076"
"78125"|"78077"
"78200"|"78082"
"78490"|"78084"
"78830"|"78087"
"78270"|"78089"
"78410"|"78090"
"78380"|"78092"
"78113"|"78096"
"78930"|"78104"
"78980"|"78107"
"78610"|"78108"
"78440"|"78113"
"78530"|"78117"
"78200"|"78118"
"78830"|"78120"
"78955"|"78123"
"78420"|"78124"
"78720"|"78125"
"78170"|"78126"
"78720"|"78128"
"78240"|"78133"
"78570"|"78138"
"78130"|"78140"
"78117"|"78143"
"78400"|"78146"
"78270"|"78147"
"78450"|"78152"
"78150"|"78158"
"78460"|"78160"
"78460"|"78162"
"78910"|"78163"
"78120"|"78164"
"78340"|"78165"
"78310"|"78168"
"78113"|"78171"
"78700"|"78172"
"78790"|"78185"
"78270"|"78188"
"78121"|"78189"
"78290"|"78190"
"78111"|"78192"
"78720"|"78193"
"78550"|"78194"
"78810"|"78196"
"78440"|"78202"
"78920"|"78206"
"78990"|"78208"
"78125"|"78209"
"78680"|"78217"
"78690"|"78220"
"78620"|"78224"
"78740"|"78227"
"78410"|"78230"
"78200"|"78231"
"78810"|"78233"
"78200"|"78234"
"78910"|"78236"
"78790"|"78237"
"78410"|"78238"
"78520"|"78239"
"78330"|"78242"
"78200"|"78245"
"78440"|"78246"
"78112"|"78251"
"78840"|"78255"
"78250"|"78261"
"78490"|"78262"
"78950"|"78263"
"78490"|"78264"
"78890"|"78265"
"78440"|"78267"
"78125"|"78269"
"78270"|"78276"
"78770"|"78278"
"78930"|"78281"
"78113"|"78283"
"78550"|"78285"
"78490"|"78289"
"78520"|"78290"
"78930"|"78291"
"78440"|"78296"
"78280"|"78297"
"78250"|"78299"
"78790"|"78300"
"78113"|"78302"
"78580"|"78305"
"78125"|"78307"
"78550"|"78310"
"78800"|"78311"
"78440"|"78314"
"78440"|"78317"
"78270"|"78320"
"78760"|"78321"
"78350"|"78322"
"78200"|"78324"
"78580"|"78325"
"78820"|"78327"
"78440"|"78329"
"78320"|"78334"
"78520"|"78335"
"78270"|"78337"
"78350"|"78343"
"78270"|"78344"
"78980"|"78346"
"78730"|"78349"
"78430"|"78350"
"78200"|"78354"
"78114"|"78356"
"78600"|"78358"
"78200"|"78361"
"78711"|"78362"
"78770"|"78364"
"78490"|"78366"
"78750"|"78367"
"78124"|"78368"
"78160"|"78372"
"78580"|"78380"
"78550"|"78381"
"78780"|"78382"
"78310"|"78383"
"78670"|"78384"
"78200"|"78385"
"78490"|"78389"
"78270"|"78391"
"78600"|"78396"
"78320"|"78397"
"78490"|"78398"
"78250"|"78401"
"78970"|"78402"
"78250"|"78403"
"78940"|"78404"
"78470"|"78406"
"78125"|"78407"
"78840"|"78410"
"78980"|"78413"
"78124"|"78415"
"78440"|"78416"
"78790"|"78417"
"78360"|"78418"
"78490"|"78420"
"78180"|"78423"
"78630"|"78431"
"78270"|"78437"
"78790"|"78439"
"78130"|"78440"
"78640"|"78442"
"78640"|"78443"
"78980"|"78444"
"78410"|"78451"
"78590"|"78455"
"78250"|"78460"
"78125"|"78464"
"78910"|"78465"
"78630"|"78466"
"78125"|"78470"
"78660"|"78472"
"78910"|"78474"
"78910"|"78475"
"78660"|"78478"
"78230"|"78481"
"78200"|"78484"
"78610"|"78486"
"78370"|"78490"
"78125"|"78497"
"78300"|"78498"
"78730"|"78499"
"78440"|"78501"
"78560"|"78502"
"78270"|"78503"
"78910"|"78505"
"78660"|"78506"
"78940"|"78513"
"78125"|"78516"
"78120"|"78517"
"78590"|"78518"
"78550"|"78520"
"78730"|"78522"
"78150"|"78524"
"78270"|"78528"
"78790"|"78530"
"78710"|"78531"
"78440"|"78536"
"78730"|"78537"
"78210"|"78545"
"78720"|"78548"
"78640"|"78550"
"78100"|"78551"
"78125"|"78557"
"78980"|"78558"
"78980"|"78559"
"78470"|"78561"
"78610"|"78562"
"78660"|"78564"
"78790"|"78565"
"78520"|"78567"
"78730"|"78569"
"78860"|"78571"
"78470"|"78575"
"78690"|"78576"
"78500"|"78586"
"78650"|"78588"
"78720"|"78590"
"78790"|"78591"
"78200"|"78597"
"78120"|"78601"
"78910"|"78605"
"78113"|"78606"
"78980"|"78608"
"78250"|"78609"
"78850"|"78615"
"78770"|"78616"
"78790"|"78618"
"78117"|"78620"
"78190"|"78621"
"78490"|"78623"
"78510"|"78624"
"78740"|"78638"
"78140"|"78640"
"78480"|"78642"
"78540"|"78643"
"78320"|"78644"
"78000"|"78646"
"78930"|"78647"
"78110"|"78650"
"78490"|"78653"
"78125"|"78655"
"78270"|"78668"
"78670"|"78672"
"78450"|"78674"
"78930"|"78677"
"78770"|"78681"
"78640"|"78683"
"78220"|"78686"
"78960"|"78688"
"79240"|"79001"
"79200"|"79002"
"79230"|"79003"
"79370"|"79004"
"79600"|"79005"
"79190"|"79006"
"79130"|"79007"
"79350"|"79008"
"79210"|"79009"
"79210"|"79010"
"79110"|"79011"
"79160"|"79012"
"79150"|"79013"
"79290"|"79014"
"79170"|"79015"
"79600"|"79016"
"79110"|"79018"
"79390"|"79019"
"79400"|"79020"
"79600"|"79022"
"79800"|"79023"
"79400"|"79024"
"79130"|"79025"
"79110"|"79027"
"79420"|"79029"
"79370"|"79030"
"79360"|"79031"
"79160"|"79032"
"79360"|"79033"
"79000"|"79034"
"79130"|"79035"
"79300"|"79038"
"79360"|"79039"
"79310"|"79040"
"79800"|"79042"
"79290"|"79043"
"79290"|"79044"
"79110"|"79045"
"79210"|"79046"
"79600"|"79047"
"79260"|"79048"
"79300"|"79049"
"79140"|"79050"
"79320"|"79051"
"79150"|"79053"
"79100"|"79054"
"79170"|"79055"
"79290"|"79056"
"79170"|"79057"
"79230"|"79058"
"79240"|"79059"
"79190"|"79060"
"79370"|"79061"
"79140"|"79062"
"79290"|"79063"
"79500"|"79064"
"79220"|"79066"
"79340"|"79068"
"79320"|"79069"
"79220"|"79070"
"79200"|"79071"
"79300"|"79072"
"79190"|"79074"
"79240"|"79075"
"79430"|"79076"
"79160"|"79077"
"79360"|"79078"
"79700"|"79079"
"79200"|"79080"
"79180"|"79081"
"79110"|"79083"
"79120"|"79084"
"79170"|"79085"
"79410"|"79086"
"79120"|"79087"
"79350"|"79088"
"79600"|"79089"
"79170"|"79090"
"79140"|"79091"
"79420"|"79092"
"79350"|"79094"
"79190"|"79095"
"79140"|"79096"
"79800"|"79098"
"79150"|"79099"
"79510"|"79100"
"79160"|"79101"
"79330"|"79102"
"79440"|"79103"
"79220"|"79104"
"79340"|"79105"
"79110"|"79106"
"79110"|"79107"
"79390"|"79108"
"79410"|"79109"
"79170"|"79111"
"79270"|"79112"
"79150"|"79113"
"79400"|"79114"
"79800"|"79115"
"79350"|"79116"
"79160"|"79117"
"79450"|"79118"
"79160"|"79119"
"79390"|"79120"
"79340"|"79121"
"79110"|"79122"
"79380"|"79123"
"79340"|"79124"
"79230"|"79125"
"79360"|"79126"
"79360"|"79127"
"79260"|"79128"
"79370"|"79129"
"79270"|"79130"
"79330"|"79131"
"79150"|"79132"
"79220"|"79133"
"79330"|"79134"
"79200"|"79135"
"79110"|"79136"
"79360"|"79137"
"79220"|"79139"
"79110"|"79140"
"79600"|"79141"
"79170"|"79142"
"79230"|"79144"
"79200"|"79145"
"79240"|"79147"
"79120"|"79148"
"79390"|"79149"
"79190"|"79150"
"79190"|"79152"
"79110"|"79153"
"79110"|"79154"
"79600"|"79156"
"79100"|"79157"
"79170"|"79158"
"79330"|"79159"
"79170"|"79160"
"79100"|"79161"
"79460"|"79162"
"79190"|"79163"
"79500"|"79164"
"79600"|"79165"
"79360"|"79166"
"79600"|"79167"
"79150"|"79168"
"79210"|"79170"
"79100"|"79171"
"79310"|"79172"
"79500"|"79173"
"79500"|"79174"
"79190"|"79175"
"79340"|"79176"
"79120"|"79177"
"79100"|"79178"
"79320"|"79179"
"79190"|"79180"
"79140"|"79183"
"79800"|"79184"
"79370"|"79185"
"79150"|"79187"
"79320"|"79188"
"79400"|"79189"
"79130"|"79190"
"79000"|"79191"
"79250"|"79195"
"79100"|"79196"
"79390"|"79197"
"79170"|"79198"
"79500"|"79199"
"79220"|"79200"
"79800"|"79201"
"79200"|"79202"
"79100"|"79203"
"79170"|"79204"
"79190"|"79205"
"79700"|"79207"
"79200"|"79208"
"79330"|"79209"
"79140"|"79210"
"79110"|"79211"
"79190"|"79212"
"79200"|"79213"
"79500"|"79214"
"79130"|"79215"
"79230"|"79216"
"79370"|"79217"
"79390"|"79218"
"79210"|"79219"
"79210"|"79220"
"79320"|"79222"
"79160"|"79223"
"79420"|"79225"
"79130"|"79226"
"79270"|"79229"
"79120"|"79230"
"79260"|"79231"
"79700"|"79235"
"79380"|"79236"
"79300"|"79238"
"79450"|"79239"
"79370"|"79240"
"79220"|"79241"
"79150"|"79242"
"79120"|"79243"
"79100"|"79244"
"79800"|"79246"
"79360"|"79247"
"79410"|"79249"
"79330"|"79250"
"79500"|"79251"
"79600"|"79252"
"79400"|"79253"
"79210"|"79254"
"79200"|"79255"
"79340"|"79256"
"79210"|"79257"
"79100"|"79258"
"79100"|"79259"
"79600"|"79260"
"79380"|"79261"
"79160"|"79263"
"79500"|"79264"
"79100"|"79265"
"79420"|"79267"
"79600"|"79268"
"79160"|"79269"
"79400"|"79270"
"79310"|"79271"
"79230"|"79273"
"79100"|"79274"
"79400"|"79276"
"79290"|"79277"
"79420"|"79278"
"79500"|"79279"
"79150"|"79280"
"79410"|"79281"
"79370"|"79282"
"79260"|"79283"
"79220"|"79284"
"79310"|"79285"
"79240"|"79286"
"79700"|"79289"
"79160"|"79290"
"79100"|"79292"
"79410"|"79293"
"79230"|"79294"
"79500"|"79295"
"79120"|"79297"
"79270"|"79298"
"79330"|"79299"
"79100"|"79300"
"79500"|"79301"
"79400"|"79302"
"79800"|"79303"
"79270"|"79304"
"79200"|"79306"
"79190"|"79307"
"79000"|"79308"
"79240"|"79309"
"79170"|"79310"
"79130"|"79311"
"79170"|"79312"
"79120"|"79313"
"79110"|"79314"
"79800"|"79316"
"79310"|"79318"
"79800"|"79319"
"79220"|"79320"
"79100"|"79321"
"79200"|"79322"
"79600"|"79325"
"79390"|"79326"
"79370"|"79327"
"79360"|"79328"
"79100"|"79329"
"79110"|"79330"
"79100"|"79331"
"79240"|"79332"
"79150"|"79333"
"79210"|"79334"
"79270"|"79335"
"79120"|"79336"
"79270"|"79337"
"79120"|"79338"
"79340"|"79339"
"79420"|"79340"
"79420"|"79341"
"79240"|"79342"
"79170"|"79343"
"79310"|"79345"
"79170"|"79346"
"79200"|"79347"
"79170"|"79348"
"79110"|"79349"
"79360"|"79350"
"79160"|"79351"
"79170"|"79352"
"79370"|"79353"
"79310"|"79354"
"79230"|"79355"
"79150"|"79356"
"79220"|"79357"
"80100"|"80001"
"80320"|"80002"
"80560"|"80003"
"80210"|"80004"
"80370"|"80005"
"80150"|"80006"
"80210"|"80008"
"80690"|"80009"
"80250"|"80010"
"80470"|"80011"
"80270"|"80013"
"80240"|"80014"
"80200"|"80015"
"80300"|"80016"
"80200"|"80017"
"80130"|"80018"
"80270"|"80019"
"80260"|"80020"
"80000"|"80021"
"80140"|"80022"
"80700"|"80023"
"80470"|"80024"
"80120"|"80025"
"80140"|"80026"
"80700"|"80027"
"80560"|"80028"
"80820"|"80029"
"80120"|"80030"
"80910"|"80031"
"80500"|"80032"
"80200"|"80033"
"80200"|"80034"
"80110"|"80035"
"80800"|"80036"
"80110"|"80037"
"80560"|"80038"
"80460"|"80039"
"80140"|"80040"
"80640"|"80041"
"80600"|"80042"
"80560"|"80043"
"80600"|"80044"
"80300"|"80045"
"80270"|"80046"
"80300"|"80047"
"80140"|"80048"
"80500"|"80049"
"80480"|"80050"
"80490"|"80051"
"80300"|"80052"
"80700"|"80053"
"80200"|"80054"
"80600"|"80055"
"80260"|"80056"
"80560"|"80057"
"80170"|"80058"
"80300"|"80059"
"80370"|"80060"
"80430"|"80061"
"80430"|"80062"
"80770"|"80063"
"80110"|"80064"
"80300"|"80065"
"80260"|"80066"
"80170"|"80067"
"80370"|"80068"
"80300"|"80069"
"80600"|"80070"
"80630"|"80071"
"80300"|"80073"
"80500"|"80074"
"80870"|"80076"
"80260"|"80077"
"80132"|"80078"
"80160"|"80079"
"80200"|"80080"
"80270"|"80081"
"80310"|"80082"
"80290"|"80083"
"80140"|"80084"
"80370"|"80085"
"80370"|"80086"
"80120"|"80087"
"80240"|"80088"
"80620"|"80089"
"80200"|"80090"
"80260"|"80092"
"80850"|"80093"
"80110"|"80094"
"80560"|"80095"
"80130"|"80096"
"80190"|"80097"
"80290"|"80098"
"80270"|"80099"
"80610"|"80100"
"80700"|"80101"
"80200"|"80102"
"80190"|"80103"
"80140"|"80104"
"80190"|"80105"
"80290"|"80106"
"80440"|"80107"
"80600"|"80108"
"80150"|"80109"
"80230"|"80110"
"80800"|"80112"
"80670"|"80113"
"80160"|"80114"
"80200"|"80115"
"80910"|"80116"
"80830"|"80117"
"80150"|"80118"
"80540"|"80119"
"80220"|"80120"
"80500"|"80121"
"80600"|"80122"
"80310"|"80123"
"80130"|"80124"
"80500"|"80125"
"80220"|"80126"
"80220"|"80127"
"80200"|"80128"
"80300"|"80129"
"80540"|"80130"
"80440"|"80131"
"80110"|"80132"
"80150"|"80133"
"80160"|"80134"
"80580"|"80135"
"80340"|"80136"
"80470"|"80137"
"80300"|"80138"
"80400"|"80139"
"80600"|"80140"
"80200"|"80141"
"80540"|"80142"
"80430"|"80143"
"80400"|"80144"
"80690"|"80145"
"80230"|"80146"
"80132"|"80147"
"80220"|"80148"
"80132"|"80149"
"80200"|"80150"
"80300"|"80151"
"80700"|"80152"
"80560"|"80153"
"80200"|"80154"
"80135"|"80155"
"80800"|"80156"
"80290"|"80157"
"80400"|"80158"
"80800"|"80159"
"80330"|"80160"
"80132"|"80161"
"80170"|"80162"
"80132"|"80163"
"80450"|"80164"
"80540"|"80165"
"80670"|"80166"
"80150"|"80167"
"80750"|"80168"
"80140"|"80169"
"80500"|"80170"
"80132"|"80171"
"80340"|"80172"
"80260"|"80173"
"80500"|"80174"
"80300"|"80175"
"80700"|"80176"
"80200"|"80177"
"80290"|"80179"
"80310"|"80180"
"80800"|"80181"
"80410"|"80182"
"80140"|"80183"
"80800"|"80184"
"80700"|"80185"
"80320"|"80186"
"80310"|"80187"
"80250"|"80188"
"80700"|"80189"
"80210"|"80190"
"80170"|"80191"
"80800"|"80192"
"80250"|"80193"
"80340"|"80194"
"80340"|"80195"
"80490"|"80196"
"80200"|"80197"
"80540"|"80198"
"80200"|"80199"
"80510"|"80200"
"80560"|"80201"
"80260"|"80202"
"80560"|"80203"
"80360"|"80204"
"80890"|"80205"
"80300"|"80206"
"80560"|"80207"
"80370"|"80208"
"80500"|"80209"
"80160"|"80210"
"80160"|"80211"
"80800"|"80212"
"80440"|"80213"
"80250"|"80214"
"80135"|"80215"
"80300"|"80216"
"80560"|"80217"
"80290"|"80218"
"80160"|"80219"
"80500"|"80220"
"80370"|"80221"
"80150"|"80222"
"80700"|"80223"
"80190"|"80224"
"80480"|"80225"
"80400"|"80226"
"80290"|"80227"
"80550"|"80228"
"80310"|"80229"
"80190"|"80230"
"80360"|"80231"
"80700"|"80232"
"80700"|"80233"
"80800"|"80234"
"80570"|"80235"
"80500"|"80236"
"80110"|"80237"
"80300"|"80238"
"80200"|"80239"
"80200"|"80240"
"80620"|"80241"
"80110"|"80242"
"80370"|"80243"
"80120"|"80244"
"80370"|"80245"
"80440"|"80246"
"80980"|"80247"
"80150"|"80248"
"80620"|"80249"
"80150"|"80250"
"80140"|"80251"
"80400"|"80252"
"80600"|"80253"
"80470"|"80256"
"80240"|"80258"
"80640"|"80259"
"80132"|"80260"
"80480"|"80261"
"80580"|"80262"
"80700"|"80263"
"80340"|"80264"
"80570"|"80265"
"80300"|"80266"
"80200"|"80267"
"80580"|"80268"
"80140"|"80269"
"80370"|"80270"
"80740"|"80271"
"80190"|"80272"
"80290"|"80273"
"80400"|"80274"
"80360"|"80275"
"80290"|"80276"
"80500"|"80278"
"80400"|"80279"
"80210"|"80280"
"80690"|"80281"
"80580"|"80282"
"80250"|"80283"
"80400"|"80284"
"80160"|"80285"
"80230"|"80287"
"80200"|"80288"
"80150"|"80290"
"80250"|"80291"
"80190"|"80292"
"80500"|"80293"
"80200"|"80294"
"80340"|"80295"
"80830"|"80296"
"80140"|"80297"
"80360"|"80298"
"80250"|"80299"
"80190"|"80300"
"80290"|"80301"
"80500"|"80302"
"80120"|"80303"
"80200"|"80304"
"80470"|"80305"
"80500"|"80306"
"80200"|"80307"
"80210"|"80308"
"80750"|"80310"
"80500"|"80311"
"80360"|"80312"
"80200"|"80313"
"80360"|"80314"
"80160"|"80315"
"80260"|"80316"
"80160"|"80317"
"80420"|"80318"
"80540"|"80319"
"80170"|"80320"
"80250"|"80321"
"80700"|"80322"
"80140"|"80324"
"80340"|"80325"
"80500"|"80326"
"80150"|"80327"
"80510"|"80328"
"80560"|"80329"
"80140"|"80330"
"80150"|"80331"
"80120"|"80332"
"80120"|"80333"
"80160"|"80334"
"80340"|"80335"
"80140"|"80336"
"80440"|"80337"
"80800"|"80338"
"80170"|"80339"
"80290"|"80340"
"80310"|"80341"
"80131"|"80342"
"80140"|"80343"
"80690"|"80344"
"80210"|"80345"
"80620"|"80346"
"80700"|"80347"
"80620"|"80348"
"80160"|"80349"
"80800"|"80350"
"80260"|"80351"
"80160"|"80352"
"80320"|"80353"
"80140"|"80354"
"80140"|"80355"
"80140"|"80356"
"80290"|"80357"
"80110"|"80358"
"80700"|"80359"
"80390"|"80360"
"80140"|"80361"
"80220"|"80362"
"80460"|"80364"
"80290"|"80365"
"80300"|"80366"
"80340"|"80367"
"80130"|"80368"
"80370"|"80369"
"80150"|"80371"
"80490"|"80372"
"80220"|"80373"
"80150"|"80374"
"80290"|"80375"
"80800"|"80376"
"80600"|"80377"
"80360"|"80378"
"80440"|"80379"
"80690"|"80380"
"80370"|"80381"
"80700"|"80383"
"80300"|"80384"
"80132"|"80385"
"80500"|"80386"
"80680"|"80387"
"80140"|"80388"
"80400"|"80389"
"80250"|"80390"
"80700"|"80391"
"80600"|"80392"
"80700"|"80393"
"80500"|"80395"
"80150"|"80396"
"80360"|"80397"
"80540"|"80399"
"80170"|"80400"
"80360"|"80401"
"80290"|"80402"
"80250"|"80403"
"80240"|"80404"
"80440"|"80405"
"80490"|"80406"
"80250"|"80407"
"80670"|"80408"
"80320"|"80409"
"80400"|"80410"
"80800"|"80411"
"80800"|"80412"
"80240"|"80413"
"80110"|"80414"
"80134"|"80415"
"80310"|"80416"
"80131"|"80417"
"80360"|"80418"
"80500"|"80419"
"80560"|"80420"
"80700"|"80421"
"80132"|"80422"
"80670"|"80423"
"80680"|"80424"
"80560"|"80425"
"80800"|"80426"
"80600"|"80427"
"80360"|"80428"
"80300"|"80429"
"80200"|"80430"
"80260"|"80431"
"80340"|"80432"
"80190"|"80433"
"80240"|"80434"
"80240"|"80435"
"80290"|"80436"
"80270"|"80437"
"80122"|"80438"
"80370"|"80439"
"80370"|"80440"
"80400"|"80442"
"80640"|"80443"
"80132"|"80444"
"80600"|"80445"
"80140"|"80446"
"80320"|"80447"
"80800"|"80449"
"80430"|"80450"
"80300"|"80451"
"80250"|"80452"
"80500"|"80453"
"80290"|"80455"
"80430"|"80456"
"80800"|"80458"
"80270"|"80459"
"80290"|"80460"
"80450"|"80461"
"80150"|"80462"
"80800"|"80463"
"80230"|"80464"
"80190"|"80465"
"80620"|"80466"
"80700"|"80467"
"80300"|"80468"
"80250"|"80469"
"80560"|"80470"
"80360"|"80472"
"80700"|"80473"
"80320"|"80474"
"80240"|"80475"
"80580"|"80476"
"80150"|"80477"
"80500"|"80478"
"80290"|"80479"
"80140"|"80480"
"80320"|"80481"
"80490"|"80482"
"80430"|"80484"
"80160"|"80485"
"80510"|"80486"
"80240"|"80487"
"80510"|"80488"
"80330"|"80489"
"80360"|"80490"
"80600"|"80491"
"80560"|"80493"
"80250"|"80494"
"80600"|"80495"
"80150"|"80496"
"80150"|"80497"
"80560"|"80498"
"80110"|"80499"
"80220"|"80500"
"80150"|"80501"
"80135"|"80502"
"80370"|"80503"
"80250"|"80504"
"80300"|"80505"
"80800"|"80507"
"80700"|"80508"
"80200"|"80509"
"80500"|"80511"
"80132"|"80512"
"80360"|"80513"
"80560"|"80514"
"80290"|"80515"
"80240"|"80516"
"80700"|"80517"
"80140"|"80518"
"80400"|"80519"
"80170"|"80520"
"80360"|"80521"
"80430"|"80522"
"80300"|"80523"
"80170"|"80524"
"80290"|"80525"
"80370"|"80526"
"80520"|"80527"
"80290"|"80528"
"80490"|"80529"
"80800"|"80530"
"80640"|"80531"
"80340"|"80532"
"80350"|"80533"
"80310"|"80535"
"80200"|"80536"
"80620"|"80537"
"80360"|"80538"
"80300"|"80540"
"80500"|"80541"
"80190"|"80542"
"80270"|"80543"
"80600"|"80544"
"80110"|"80545"
"80132"|"80546"
"80300"|"80547"
"80135"|"80548"
"80300"|"80549"
"80260"|"80550"
"80320"|"80551"
"80200"|"80552"
"80260"|"80553"
"80540"|"80554"
"80200"|"80555"
"80210"|"80556"
"80200"|"80557"
"80160"|"80558"
"80540"|"80559"
"80300"|"80560"
"80500"|"80561"
"80260"|"80562"
"80370"|"80563"
"80260"|"80565"
"80670"|"80566"
"80190"|"80568"
"80340"|"80569"
"80110"|"80570"
"80110"|"80571"
"80300"|"80572"
"80290"|"80573"
"80690"|"80574"
"80140"|"80575"
"80400"|"80576"
"80290"|"80577"
"80870"|"80578"
"80400"|"80579"
"80120"|"80580"
"80290"|"80582"
"80160"|"80583"
"80260"|"80584"
"80190"|"80585"
"80140"|"80586"
"80140"|"80587"
"80132"|"80588"
"80150"|"80589"
"80132"|"80590"
"80140"|"80591"
"80430"|"80592"
"80340"|"80593"
"80160"|"80594"
"80110"|"80595"
"80600"|"80596"
"80390"|"80597"
"80860"|"80598"
"80150"|"80599"
"80860"|"80600"
"80240"|"80601"
"80600"|"80602"
"80210"|"80603"
"80290"|"80604"
"80400"|"80605"
"80140"|"80606"
"80540"|"80607"
"80320"|"80608"
"80135"|"80609"
"80160"|"80611"
"80460"|"80613"
"80600"|"80614"
"80300"|"80615"
"80190"|"80616"
"80700"|"80617"
"80230"|"80618"
"80670"|"80619"
"80200"|"80620"
"80320"|"80621"
"80310"|"80622"
"80500"|"80623"
"80260"|"80624"
"80500"|"80625"
"80540"|"80626"
"80160"|"80627"
"80110"|"80628"
"80240"|"80629"
"80290"|"80630"
"80150"|"80631"
"80480"|"80632"
"80860"|"80633"
"80115"|"80634"
"80580"|"80635"
"80132"|"80637"
"80190"|"80638"
"80260"|"80639"
"80300"|"80640"
"80370"|"80642"
"80160"|"80643"
"80340"|"80644"
"80560"|"80645"
"80320"|"80646"
"80320"|"80647"
"80300"|"80648"
"80120"|"80649"
"80115"|"80650"
"80430"|"80651"
"80118"|"80652"
"80132"|"80654"
"80270"|"80655"
"80710"|"80656"
"80250"|"80657"
"80400"|"80658"
"80600"|"80659"
"80260"|"80661"
"80140"|"80662"
"80140"|"80663"
"80360"|"80664"
"80120"|"80665"
"80600"|"80666"
"80500"|"80667"
"80250"|"80668"
"80700"|"80669"
"80540"|"80670"
"80620"|"80671"
"80800"|"80672"
"80310"|"80673"
"80136"|"80674"
"80160"|"80675"
"80700"|"80676"
"80240"|"80677"
"80500"|"80678"
"80740"|"80679"
"80170"|"80680"
"80250"|"80681"
"80170"|"80682"
"80190"|"80683"
"80190"|"80684"
"80700"|"80685"
"80260"|"80686"
"80500"|"80687"
"80120"|"80688"
"80680"|"80690"
"80230"|"80691"
"80970"|"80692"
"80800"|"80693"
"80800"|"80694"
"80360"|"80695"
"80680"|"80696"
"80370"|"80697"
"80540"|"80698"
"80430"|"80699"
"80960"|"80700"
"80200"|"80701"
"80680"|"80702"
"80430"|"80703"
"80260"|"80704"
"80560"|"80705"
"80780"|"80706"
"80140"|"80707"
"80700"|"80708"
"80140"|"80709"
"80140"|"80710"
"80610"|"80711"
"80120"|"80713"
"80880"|"80714"
"80135"|"80716"
"80160"|"80717"
"80470"|"80718"
"80290"|"80719"
"80230"|"80721"
"80310"|"80722"
"80540"|"80723"
"80480"|"80724"
"80480"|"80725"
"80400"|"80726"
"80290"|"80728"
"80110"|"80729"
"80470"|"80730"
"80140"|"80732"
"80300"|"80733"
"80160"|"80734"
"80540"|"80735"
"80490"|"80736"
"80240"|"80737"
"80310"|"80738"
"80250"|"80740"
"80200"|"80741"
"80620"|"80742"
"80340"|"80743"
"80270"|"80744"
"80260"|"80746"
"80240"|"80747"
"80240"|"80748"
"80600"|"80749"
"80200"|"80750"
"80110"|"80751"
"80440"|"80752"
"80300"|"80753"
"80640"|"80754"
"80290"|"80755"
"62760"|"80756"
"80160"|"80757"
"80250"|"80758"
"80700"|"80759"
"80220"|"80760"
"80160"|"80761"
"80240"|"80762"
"80132"|"80763"
"80870"|"80764"
"80210"|"80765"
"80560"|"80766"
"80140"|"80767"
"80300"|"80769"
"80130"|"80770"
"80400"|"80771"
"80560"|"80773"
"80800"|"80774"
"80210"|"80775"
"80560"|"80776"
"80560"|"80777"
"80620"|"80778"
"80132"|"80779"
"80230"|"80780"
"80131"|"80781"
"80260"|"80782"
"80140"|"80783"
"80800"|"80784"
"80800"|"80785"
"80160"|"80786"
"80120"|"80787"
"80270"|"80788"
"80320"|"80789"
"80700"|"80790"
"80480"|"80791"
"80260"|"80792"
"80650"|"80793"
"80190"|"80794"
"80420"|"80795"
"80140"|"80796"
"80110"|"80797"
"80260"|"80798"
"80800"|"80799"
"80140"|"80800"
"80200"|"80801"
"80240"|"80802"
"80700"|"80803"
"80690"|"80804"
"80500"|"80805"
"80120"|"80806"
"80300"|"80807"
"80150"|"80808"
"80140"|"80809"
"80150"|"80810"
"80400"|"80811"
"80240"|"80812"
"80640"|"80813"
"80170"|"80814"
"80120"|"80815"
"80670"|"80819"
"80300"|"80820"
"80270"|"80821"
"80500"|"80822"
"80170"|"80823"
"80170"|"80824"
"80270"|"80825"
"80460"|"80826"
"80520"|"80827"
"80140"|"80828"
"80190"|"80829"
"80135"|"80830"
"80150"|"80832"
"80150"|"80833"
"80520"|"80834"
"80310"|"80835"
"80132"|"80836"
"81470"|"81001"
"81200"|"81002"
"81250"|"81003"
"81000"|"81004"
"81240"|"81005"
"81470"|"81006"
"81140"|"81007"
"81190"|"81008"
"81170"|"81009"
"81430"|"81010"
"81500"|"81011"
"81140"|"81012"
"81350"|"81013"
"81260"|"81014"
"81700"|"81015"
"81110"|"81016"
"81360"|"81017"
"81160"|"81018"
"81340"|"81019"
"81600"|"81020"
"81200"|"81021"
"81500"|"81022"
"81320"|"81023"
"81630"|"81024"
"81500"|"81025"
"81430"|"81026"
"81540"|"81027"
"81260"|"81028"
"81150"|"81029"
"81700"|"81030"
"81260"|"81031"
"81700"|"81032"
"81400"|"81033"
"81490"|"81034"
"81170"|"81035"
"81660"|"81036"
"81260"|"81037"
"81600"|"81038"
"81390"|"81039"
"81440"|"81040"
"81600"|"81041"
"81100"|"81042"
"81300"|"81043"
"81500"|"81044"
"81170"|"81045"
"81600"|"81046"
"81340"|"81047"
"81130"|"81048"
"81540"|"81049"
"81470"|"81050"
"81140"|"81051"
"81990"|"81052"
"81260"|"81053"
"81580"|"81054"
"81540"|"81055"
"81140"|"81056"
"81570"|"81058"
"81990"|"81059"
"81400"|"81060"
"81150"|"81061"
"81260"|"81062"
"81150"|"81063"
"81140"|"81064"
"81100"|"81065"
"81200"|"81066"
"81150"|"81067"
"81640"|"81068"
"81170"|"81069"
"81800"|"81070"
"81340"|"81071"
"81350"|"81072"
"81350"|"81073"
"81990"|"81074"
"81570"|"81075"
"81470"|"81076"
"81250"|"81077"
"81220"|"81078"
"81120"|"81079"
"81170"|"81080"
"81110"|"81081"
"81340"|"81082"
"81540"|"81083"
"81290"|"81084"
"81530"|"81085"
"81260"|"81086"
"81150"|"81087"
"81120"|"81088"
"81340"|"81089"
"81600"|"81090"
"81260"|"81091"
"81500"|"81092"
"81150"|"81093"
"81340"|"81094"
"81170"|"81095"
"81430"|"81096"
"81990"|"81097"
"81570"|"81098"
"81600"|"81099"
"81700"|"81100"
"81450"|"81101"
"81500"|"81102"
"81530"|"81103"
"81500"|"81104"
"81300"|"81105"
"81800"|"81106"
"81170"|"81108"
"81440"|"81109"
"81190"|"81110"
"81170"|"81111"
"81150"|"81112"
"81120"|"81113"
"81400"|"81114"
"81270"|"81115"
"81500"|"81116"
"81300"|"81117"
"81100"|"81118"
"81120"|"81119"
"81290"|"81120"
"81240"|"81121"
"81340"|"81122"
"81170"|"81123"
"81230"|"81124"
"81330"|"81125"
"81500"|"81126"
"81470"|"81127"
"81210"|"81128"
"81110"|"81129"
"81090"|"81130"
"81150"|"81131"
"81220"|"81132"
"81120"|"81133"
"81260"|"81134"
"81640"|"81135"
"81140"|"81136"
"81260"|"81137"
"81300"|"81138"
"81440"|"81139"
"81500"|"81140"
"81340"|"81141"
"81700"|"81142"
"81110"|"81143"
"81380"|"81144"
"81310"|"81145"
"81170"|"81146"
"81120"|"81147"
"81170"|"81148"
"81800"|"81149"
"81500"|"81150"
"81220"|"81151"
"81130"|"81152"
"81260"|"81153"
"81170"|"81154"
"81430"|"81155"
"81150"|"81156"
"81500"|"81157"
"81530"|"81158"
"81500"|"81159"
"81110"|"81160"
"81250"|"81161"
"81470"|"81162"
"81200"|"81163"
"81800"|"81164"
"81170"|"81165"
"81130"|"81166"
"81250"|"81167"
"81190"|"81168"
"81300"|"81169"
"81640"|"81170"
"81600"|"81171"
"81190"|"81172"
"81500"|"81173"
"81440"|"81174"
"81630"|"81175"
"81140"|"81176"
"81210"|"81177"
"81630"|"81178"
"81470"|"81179"
"81190"|"81180"
"81440"|"81181"
"81360"|"81182"
"81120"|"81183"
"81170"|"81184"
"81630"|"81185"
"81190"|"81186"
"81300"|"81187"
"81320"|"81188"
"81470"|"81189"
"81430"|"81190"
"81170"|"81191"
"81320"|"81192"
"81320"|"81193"
"81710"|"81195"
"81490"|"81196"
"81170"|"81197"
"81120"|"81198"
"81340"|"81199"
"81700"|"81200"
"81190"|"81201"
"81310"|"81202"
"81250"|"81203"
"81660"|"81204"
"81470"|"81205"
"81140"|"81206"
"81440"|"81207"
"81310"|"81208"
"81660"|"81209"
"81700"|"81210"
"81120"|"81211"
"81220"|"81212"
"81500"|"81213"
"81470"|"81214"
"81390"|"81215"
"81440"|"81216"
"81140"|"81217"
"81990"|"81218"
"81700"|"81219"
"81800"|"81220"
"81330"|"81221"
"81120"|"81222"
"81240"|"81223"
"81170"|"81224"
"81600"|"81225"
"81120"|"81226"
"81210"|"81227"
"81800"|"81228"
"81470"|"81229"
"81400"|"81230"
"81240"|"81231"
"81150"|"81232"
"81120"|"81233"
"81140"|"81234"
"81290"|"81235"
"81500"|"81236"
"81110"|"81237"
"81240"|"81238"
"81240"|"81239"
"81250"|"81240"
"81120"|"81241"
"81110"|"81242"
"81140"|"81243"
"81400"|"81244"
"81190"|"81245"
"81140"|"81246"
"81340"|"81247"
"81390"|"81248"
"81190"|"81249"
"81440"|"81250"
"81700"|"81251"
"81210"|"81252"
"81350"|"81253"
"81350"|"81254"
"81500"|"81255"
"81210"|"81256"
"81160"|"81257"
"81440"|"81258"
"81340"|"81259"
"81120"|"81260"
"81500"|"81261"
"81170"|"81262"
"81170"|"81263"
"81340"|"81264"
"81140"|"81265"
"81220"|"81266"
"81330"|"81267"
"81530"|"81268"
"81490"|"81269"
"81700"|"81270"
"81370"|"81271"
"81630"|"81272"
"81710"|"81273"
"81990"|"81274"
"81640"|"81275"
"81630"|"81276"
"81350"|"81277"
"81240"|"81278"
"81630"|"81279"
"81640"|"81280"
"81570"|"81281"
"81530"|"81282"
"81600"|"81283"
"81990"|"81284"
"81350"|"81285"
"81220"|"81286"
"81120"|"81287"
"81540"|"81288"
"81580"|"81289"
"81170"|"81290"
"81130"|"81291"
"81190"|"81292"
"81630"|"81293"
"81600"|"81294"
"81120"|"81295"
"81120"|"81296"
"81150"|"81297"
"81500"|"81298"
"81220"|"81299"
"81170"|"81300"
"81120"|"81301"
"81190"|"81302"
"81340"|"81303"
"81190"|"81304"
"81330"|"81305"
"81350"|"81306"
"81090"|"81307"
"81340"|"81308"
"81140"|"81309"
"81500"|"81310"
"81440"|"81311"
"81110"|"81312"
"81140"|"81313"
"81530"|"81314"
"81570"|"81315"
"81140"|"81316"
"81430"|"81317"
"81500"|"81318"
"81130"|"81319"
"81170"|"81320"
"81240"|"81321"
"81640"|"81322"
"81220"|"81323"
"81500"|"81324"
"81290"|"81325"
"81150"|"81326"
"82290"|"82001"
"82350"|"82002"
"82210"|"82003"
"82120"|"82004"
"82600"|"82005"
"82500"|"82006"
"82220"|"82007"
"82340"|"82008"
"82120"|"82009"
"82340"|"82010"
"82290"|"82011"
"82100"|"82012"
"82500"|"82013"
"82600"|"82014"
"82500"|"82015"
"82150"|"82016"
"82170"|"82017"
"82800"|"82018"
"82200"|"82019"
"82600"|"82020"
"82110"|"82021"
"82190"|"82022"
"82700"|"82023"
"82190"|"82024"
"82710"|"82025"
"82800"|"82026"
"82370"|"82027"
"82170"|"82028"
"82160"|"82029"
"82100"|"82030"
"82210"|"82031"
"82400"|"82032"
"82100"|"82033"
"82120"|"82034"
"82210"|"82035"
"82500"|"82036"
"82300"|"82037"
"82160"|"82038"
"82440"|"82039"
"82240"|"82040"
"82140"|"82041"
"82110"|"82042"
"82600"|"82043"
"82370"|"82044"
"82700"|"82045"
"82210"|"82046"
"82500"|"82047"
"82170"|"82048"
"82340"|"82049"
"82340"|"82050"
"82390"|"82051"
"82700"|"82052"
"82500"|"82053"
"82400"|"82054"
"82500"|"82055"
"82160"|"82056"
"82170"|"82057"
"82210"|"82058"
"82500"|"82059"
"82190"|"82060"
"82140"|"82061"
"82700"|"82062"
"82100"|"82063"
"82500"|"82064"
"82400"|"82065"
"82230"|"82066"
"82120"|"82067"
"82500"|"82068"
"82330"|"82069"
"82500"|"82070"
"82500"|"82071"
"82400"|"82072"
"82400"|"82073"
"82120"|"82074"
"82170"|"82075"
"82130"|"82076"
"82220"|"82077"
"82240"|"82078"
"82370"|"82079"
"82100"|"82080"
"82100"|"82081"
"82160"|"82082"
"82120"|"82083"
"82190"|"82084"
"82290"|"82085"
"82100"|"82086"
"82130"|"82087"
"82250"|"82088"
"82360"|"82089"
"82130"|"82090"
"82500"|"82091"
"82240"|"82092"
"82500"|"82093"
"82110"|"82094"
"82240"|"82095"
"82290"|"82096"
"82120"|"82097"
"82230"|"82098"
"82200"|"82099"
"82160"|"82100"
"82200"|"82101"
"82120"|"82102"
"82500"|"82103"
"82120"|"82104"
"82600"|"82105"
"82500"|"82106"
"82120"|"82107"
"82290"|"82108"
"82210"|"82109"
"82440"|"82110"
"82190"|"82111"
"82200"|"82112"
"82220"|"82113"
"82170"|"82114"
"82230"|"82115"
"82110"|"82116"
"82150"|"82117"
"82100"|"82118"
"82270"|"82119"
"82130"|"82120"
"82000"|"82121"
"82110"|"82122"
"82700"|"82123"
"82290"|"82124"
"82700"|"82125"
"82300"|"82126"
"82200"|"82127"
"82270"|"82128"
"82120"|"82129"
"82400"|"82130"
"82270"|"82131"
"82800"|"82132"
"82160"|"82133"
"82800"|"82134"
"82370"|"82135"
"82370"|"82136"
"82160"|"82137"
"82400"|"82138"
"82340"|"82139"
"82130"|"82140"
"82400"|"82141"
"82170"|"82142"
"82120"|"82143"
"82220"|"82144"
"82800"|"82145"
"82120"|"82146"
"82160"|"82147"
"82240"|"82148"
"82440"|"82149"
"82370"|"82150"
"82150"|"82151"
"82100"|"82152"
"82150"|"82153"
"82110"|"82154"
"82140"|"82155"
"82210"|"82156"
"82150"|"82157"
"82340"|"82158"
"82300"|"82159"
"82400"|"82160"
"82410"|"82161"
"82240"|"82162"
"82120"|"82163"
"82110"|"82164"
"82340"|"82165"
"82340"|"82166"
"82370"|"82167"
"82190"|"82168"
"82210"|"82169"
"82400"|"82170"
"82700"|"82171"
"82160"|"82172"
"82600"|"82173"
"82300"|"82174"
"82400"|"82175"
"82230"|"82176"
"82110"|"82177"
"82600"|"82178"
"82240"|"82179"
"82500"|"82180"
"82340"|"82181"
"82190"|"82182"
"82110"|"82183"
"82800"|"82184"
"82150"|"82185"
"82400"|"82186"
"82330"|"82187"
"82370"|"82188"
"82220"|"82189"
"82600"|"82190"
"82330"|"82191"
"82230"|"82192"
"82500"|"82193"
"82370"|"82194"
"82130"|"82195"
"83600"|"83001"
"83630"|"83002"
"83111"|"83003"
"83460"|"83004"
"83630"|"83005"
"83560"|"83006"
"83630"|"83007"
"83600"|"83008"
"83150"|"83009"
"83840"|"83010"
"83830"|"83011"
"83670"|"83012"
"83840"|"83013"
"83630"|"83014"
"83630"|"83015"
"83330"|"83016"
"83210"|"83017"
"83890"|"83018"
"83230"|"83019"
"83840"|"83020"
"83149"|"83021"
"83840"|"83022"
"83170"|"83023"
"83119"|"83025"
"83340"|"83026"
"83740"|"83027"
"83830"|"83028"
"83440"|"83029"
"83170"|"83030"
"83340"|"83031"
"83570"|"83032"
"83660"|"83033"
"83320"|"83034"
"83330"|"83035"
"83240"|"83036"
"83170"|"83037"
"83300"|"83038"
"83670"|"83039"
"83840"|"83040"
"83830"|"83041"
"83310"|"83042"
"83610"|"83043"
"83840"|"83044"
"83570"|"83045"
"83570"|"83046"
"83260"|"83047"
"83420"|"83048"
"83390"|"83049"
"83300"|"83050"
"83570"|"83051"
"83560"|"83052"
"83330"|"83053"
"83210"|"83054"
"83440"|"83055"
"83830"|"83056"
"83340"|"83057"
"83780"|"83058"
"83136"|"83059"
"83670"|"83060"
"83600"|"83061"
"83130"|"83062"
"83680"|"83063"
"83136"|"83064"
"83580"|"83065"
"83560"|"83066"
"83590"|"83067"
"83310"|"83068"
"83400"|"83069"
"83980"|"83070"
"83250"|"83071"
"83510"|"83072"
"83340"|"83073"
"83840"|"83074"
"83340"|"83075"
"83136"|"83076"
"83136"|"83077"
"83630"|"83078"
"83310"|"83079"
"83440"|"83080"
"83440"|"83081"
"83131"|"83082"
"83570"|"83083"
"83670"|"83084"
"83920"|"83085"
"83490"|"83086"
"83860"|"83087"
"83136"|"83088"
"83470"|"83089"
"83190"|"83090"
"83390"|"83091"
"83790"|"83092"
"83640"|"83093"
"83120"|"83094"
"83670"|"83095"
"83470"|"83096"
"83910"|"83097"
"83220"|"83098"
"83480"|"83099"
"83390"|"83100"
"83350"|"83101"
"83630"|"83102"
"83200"|"83103"
"83560"|"83104"
"13780"|"83105"
"83136"|"83106"
"83520"|"83107"
"83136"|"83108"
"83840"|"83109"
"83170"|"83110"
"83136"|"83111"
"83270"|"83112"
"83560"|"83113"
"83560"|"83114"
"83120"|"83115"
"83470"|"83116"
"83440"|"83117"
"83700"|"83118"
"83990"|"83119"
"83640"|"83120"
"83690"|"83121"
"83630"|"83122"
"83110"|"83123"
"83440"|"83124"
"83470"|"83125"
"83500"|"83126"
"83870"|"83127"
"83690"|"83128"
"83140"|"83129"
"83210"|"83130"
"83210"|"83131"
"83210"|"83132"
"83440"|"83133"
"83460"|"83134"
"83670"|"83135"
"83340"|"83136"
"83000"|"83137"
"83440"|"83138"
"83690"|"83139"
"83170"|"83140"
"83720"|"83141"
"83840"|"83142"
"83143"|"83143"
"83160"|"83144"
"83670"|"83145"
"83560"|"83146"
"83630"|"83147"
"83550"|"83148"
"83690"|"83149"
"83560"|"83150"
"83170"|"83151"
"83820"|"83152"
"83430"|"83153"
"83510"|"83154"
"84210"|"84001"
"84240"|"84002"
"84400"|"84003"
"84810"|"84004"
"84390"|"84005"
"84400"|"84006"
"84000"|"84007"
"84330"|"84008"
"84240"|"84009"
"84120"|"84010"
"84210"|"84011"
"84190"|"84012"
"84220"|"84013"
"84120"|"84014"
"84340"|"84015"
"84370"|"84016"
"84410"|"84017"
"84570"|"84018"
"84500"|"84019"
"84480"|"84020"
"84390"|"84021"
"84110"|"84022"
"84480"|"84023"
"84240"|"84024"
"84220"|"84025"
"84160"|"84026"
"84860"|"84027"
"84290"|"84028"
"84850"|"84029"
"84330"|"84030"
"84200"|"84031"
"84750"|"84032"
"84400"|"84033"
"84510"|"84034"
"84300"|"84035"
"84470"|"84036"
"84230"|"84037"
"84460"|"84038"
"84350"|"84039"
"84110"|"84040"
"84410"|"84041"
"84160"|"84042"
"84320"|"84043"
"84340"|"84044"
"84110"|"84045"
"84410"|"84046"
"84400"|"84047"
"84400"|"84048"
"84190"|"84049"
"84220"|"84050"
"84220"|"84051"
"84240"|"84052"
"84600"|"84053"
"84800"|"84054"
"84450"|"84055"
"84150"|"84056"
"84220"|"84057"
"84480"|"84058"
"84190"|"84059"
"84400"|"84060"
"84290"|"84061"
"84800"|"84062"
"84840"|"84063"
"84840"|"84064"
"84360"|"84065"
"84220"|"84066"
"84870"|"84067"
"84160"|"84068"
"84340"|"84069"
"84570"|"84070"
"84660"|"84071"
"84380"|"84072"
"84560"|"84073"
"84360"|"84074"
"84570"|"84075"
"84120"|"84076"
"84330"|"84077"
"84430"|"84078"
"84390"|"84079"
"84170"|"84080"
"84310"|"84081"
"84570"|"84082"
"84550"|"84083"
"84240"|"84084"
"84220"|"84085"
"84580"|"84086"
"84100"|"84087"
"84210"|"84088"
"84120"|"84089"
"84240"|"84090"
"84420"|"84091"
"84130"|"84092"
"84360"|"84093"
"84110"|"84094"
"84160"|"84095"
"84110"|"84096"
"84600"|"84097"
"84110"|"84098"
"84440"|"84099"
"84190"|"84100"
"84210"|"84101"
"84220"|"84102"
"84400"|"84103"
"84110"|"84104"
"84400"|"84105"
"84290"|"84106"
"84390"|"84107"
"84210"|"84108"
"84330"|"84109"
"84390"|"84110"
"84110"|"84111"
"84750"|"84112"
"84760"|"84113"
"84220"|"84114"
"84330"|"84115"
"84110"|"84116"
"84290"|"84117"
"84490"|"84118"
"84450"|"84119"
"84390"|"84120"
"84240"|"84121"
"84260"|"84122"
"84390"|"84123"
"84800"|"84124"
"84390"|"84125"
"84110"|"84126"
"84830"|"84127"
"84400"|"84128"
"84700"|"84129"
"84190"|"84130"
"84300"|"84131"
"84250"|"84132"
"84240"|"84133"
"84850"|"84134"
"84100"|"84135"
"84190"|"84136"
"84110"|"84137"
"84600"|"84138"
"84800"|"84139"
"84160"|"84140"
"84270"|"84141"
"84740"|"84142"
"84210"|"84143"
"84750"|"84144"
"84400"|"84145"
"84110"|"84146"
"84530"|"84147"
"84570"|"84148"
"84150"|"84149"
"84820"|"84150"
"84240"|"84151"
"85460"|"85001"
"85220"|"85002"
"85190"|"85003"
"85750"|"85004"
"85120"|"85005"
"85220"|"85006"
"85430"|"85008"
"85200"|"85009"
"85440"|"85010"
"85630"|"85011"
"85550"|"85012"
"85130"|"85013"
"85390"|"85014"
"85170"|"85015"
"85190"|"85016"
"85500"|"85017"
"85230"|"85018"
"85170"|"85019"
"85490"|"85020"
"85610"|"85021"
"85560"|"85022"
"85320"|"85023"
"85710"|"85024"
"85600"|"85025"
"85430"|"85026"
"85600"|"85027"
"85420"|"85028"
"85230"|"85029"
"85140"|"85030"
"85510"|"85031"
"85200"|"85033"
"85480"|"85034"
"85470"|"85035"
"85320"|"85036"
"85120"|"85037"
"85260"|"85038"
"85530"|"85039"
"85410"|"85040"
"85410"|"85041"
"85450"|"85042"
"85310"|"85043"
"85200"|"85044"
"85220"|"85045"
"85310"|"85046"
"85300"|"85047"
"85500"|"85048"
"85450"|"85049"
"85540"|"85050"
"85110"|"85051"
"85150"|"85052"
"85120"|"85053"
"85220"|"85054"
"85670"|"85055"
"85210"|"85056"
"85400"|"85058"
"85120"|"85059"
"85180"|"85060"
"85320"|"85061"
"85710"|"85062"
"85700"|"85063"
"85140"|"85064"
"85250"|"85065"
"85390"|"85066"
"85390"|"85067"
"85430"|"85069"
"85220"|"85070"
"85220"|"85071"
"85260"|"85072"
"85320"|"85073"
"85320"|"85074"
"85610"|"85076"
"85540"|"85077"
"85420"|"85078"
"85200"|"85080"
"85170"|"85081"
"85590"|"85082"
"85740"|"85083"
"85140"|"85084"
"85670"|"85086"
"85240"|"85087"
"85800"|"85088"
"85280"|"85089"
"85700"|"85090"
"85200"|"85091"
"85200"|"85092"
"85480"|"85093"
"85240"|"85094"
"85300"|"85095"
"85710"|"85096"
"85130"|"85097"
"85190"|"85098"
"85150"|"85099"
"85800"|"85100"
"85540"|"85101"
"85670"|"85102"
"85440"|"85103"
"85580"|"85104"
"85770"|"85105"
"85680"|"85106"
"85600"|"85107"
"85260"|"85108"
"85500"|"85109"
"85570"|"85110"
"85770"|"85111"
"85340"|"85112"
"85350"|"85113"
"85520"|"85114"
"85110"|"85115"
"85540"|"85116"
"85400"|"85117"
"85150"|"85118"
"85130"|"85119"
"85220"|"85120"
"85370"|"85121"
"85420"|"85123"
"85120"|"85125"
"85200"|"85126"
"85560"|"85127"
"85400"|"85128"
"85170"|"85129"
"85190"|"85130"
"85400"|"85131"
"85420"|"85132"
"85420"|"85133"
"85590"|"85134"
"85320"|"85135"
"85240"|"85136"
"85570"|"85137"
"85150"|"85138"
"85420"|"85139"
"85700"|"85140"
"85700"|"85141"
"85140"|"85142"
"85200"|"85143"
"85500"|"85144"
"85110"|"85145"
"85600"|"85146"
"85700"|"85147"
"85200"|"85148"
"85450"|"85149"
"85260"|"85150"
"85290"|"85151"
"85150"|"85152"
"85640"|"85153"
"85390"|"85154"
"85000"|"85155"
"85540"|"85156"
"85320"|"85157"
"85370"|"85158"
"85370"|"85159"
"85310"|"85160"
"85430"|"85161"
"85240"|"85162"
"85330"|"85163"
"85690"|"85164"
"85140"|"85165"
"85340"|"85166"
"85200"|"85167"
"85420"|"85168"
"85670"|"85169"
"85320"|"85171"
"85300"|"85172"
"85570"|"85174"
"85320"|"85175"
"85200"|"85176"
"85770"|"85177"
"85170"|"85178"
"85440"|"85179"
"85700"|"85180"
"85570"|"85181"
"85700"|"85182"
"85240"|"85184"
"85450"|"85185"
"85250"|"85186"
"85700"|"85187"
"85210"|"85188"
"85270"|"85189"
"85620"|"85190"
"85000"|"85191"
"85510"|"85192"
"85320"|"85193"
"85100"|"85194"
"85250"|"85196"
"85260"|"85197"
"85130"|"85198"
"85210"|"85199"
"85540"|"85200"
"85540"|"85201"
"85110"|"85202"
"85670"|"85204"
"85410"|"85205"
"85540"|"85206"
"85580"|"85207"
"85170"|"85208"
"85210"|"85209"
"85670"|"85210"
"85150"|"85211"
"85140"|"85212"
"85310"|"85213"
"85150"|"85214"
"85250"|"85215"
"85400"|"85216"
"85600"|"85217"
"85150"|"85218"
"85390"|"85219"
"85110"|"85220"
"85230"|"85221"
"85800"|"85222"
"85210"|"85223"
"85600"|"85224"
"85270"|"85226"
"85240"|"85227"
"85120"|"85229"
"85440"|"85231"
"85480"|"85232"
"85210"|"85233"
"85160"|"85234"
"85210"|"85235"
"85150"|"85236"
"85410"|"85237"
"85290"|"85238"
"85220"|"85239"
"85590"|"85240"
"85590"|"85242"
"85470"|"85243"
"85200"|"85244"
"85570"|"85245"
"85140"|"85246"
"85130"|"85247"
"85210"|"85248"
"85150"|"85250"
"85120"|"85251"
"85390"|"85252"
"85700"|"85254"
"85580"|"85255"
"85200"|"85256"
"85700"|"85257"
"85500"|"85259"
"85670"|"85260"
"85320"|"85261"
"85660"|"85262"
"85120"|"85264"
"85420"|"85265"
"85110"|"85266"
"85450"|"85267"
"85220"|"85268"
"85420"|"85269"
"85410"|"85271"
"85260"|"85272"
"85230"|"85273"
"85570"|"85274"
"85110"|"85276"
"85540"|"85277"
"85520"|"85278"
"85170"|"85279"
"85300"|"85280"
"85200"|"85281"
"85110"|"85282"
"85300"|"85284"
"85310"|"85285"
"85450"|"85286"
"85390"|"85287"
"85440"|"85288"
"85120"|"85289"
"85210"|"85290"
"85480"|"85291"
"85410"|"85292"
"85130"|"85293"
"85360"|"85294"
"85600"|"85295"
"85590"|"85296"
"85580"|"85297"
"85150"|"85298"
"85770"|"85299"
"85190"|"85300"
"85250"|"85301"
"85130"|"85302"
"85770"|"85303"
"85450"|"85304"
"85120"|"85305"
"85240"|"85306"
"85460"|"85307"
"86430"|"86001"
"86110"|"86002"
"86700"|"86003"
"86260"|"86004"
"86330"|"86005"
"86310"|"86006"
"86100"|"86007"
"86200"|"86008"
"86210"|"86009"
"86340"|"86010"
"86430"|"86011"
"86250"|"86012"
"86330"|"86013"
"86530"|"86014"
"86460"|"86015"
"86170"|"86016"
"86190"|"86017"
"86200"|"86018"
"86490"|"86019"
"86210"|"86020"
"86470"|"86021"
"86120"|"86022"
"86420"|"86023"
"86190"|"86024"
"86310"|"86025"
"86120"|"86026"
"86580"|"86027"
"86800"|"86028"
"86400"|"86029"
"86170"|"86030"
"86300"|"86031"
"86210"|"86032"
"86410"|"86034"
"86390"|"86035"
"86120"|"86036"
"86290"|"86037"
"86160"|"86038"
"86510"|"86039"
"86310"|"86040"
"86180"|"86041"
"37160"|"86042"
"86700"|"86043"
"86200"|"86044"
"86600"|"86045"
"86530"|"86046"
"86140"|"86047"
"86380"|"86048"
"86200"|"86049"
"86190"|"86050"
"86510"|"86051"
"86160"|"86052"
"86170"|"86053"
"86400"|"86054"
"86250"|"86055"
"86470"|"86056"
"86210"|"86058"
"86300"|"86059"
"86170"|"86060"
"86250"|"86061"
"86360"|"86062"
"86250"|"86063"
"86350"|"86064"
"86370"|"86065"
"86100"|"86066"
"86700"|"86067"
"86510"|"86068"
"86330"|"86069"
"86300"|"86070"
"86380"|"86071"
"86450"|"86072"
"86170"|"86073"
"86190"|"86074"
"86110"|"86075"
"86170"|"86076"
"86320"|"86077"
"86400"|"86078"
"86200"|"86079"
"86600"|"86080"
"86490"|"86081"
"86700"|"86082"
"86600"|"86083"
"86290"|"86084"
"86110"|"86085"
"86270"|"86086"
"86110"|"86087"
"86240"|"86088"
"86110"|"86089"
"86120"|"86090"
"86600"|"86091"
"86220"|"86092"
"86420"|"86093"
"86410"|"86094"
"86130"|"86095"
"86140"|"86096"
"86160"|"86097"
"86300"|"86098"
"86340"|"86099"
"86240"|"86100"
"86190"|"86102"
"86160"|"86103"
"86250"|"86104"
"86340"|"86105"
"86200"|"86106"
"86320"|"86107"
"86330"|"86108"
"86420"|"86109"
"86310"|"86110"
"86220"|"86111"
"86150"|"86112"
"86240"|"86113"
"86800"|"86114"
"86130"|"86115"
"86600"|"86116"
"86500"|"86117"
"86290"|"86118"
"86350"|"86119"
"86390"|"86120"
"86190"|"86121"
"86300"|"86122"
"86470"|"86123"
"86800"|"86124"
"86450"|"86125"
"86300"|"86126"
"86230"|"86127"
"86140"|"86128"
"86270"|"86129"
"86220"|"86130"
"86410"|"86131"
"86290"|"86132"
"86240"|"86133"
"86400"|"86134"
"86800"|"86135"
"86400"|"86136"
"86200"|"86137"
"86430"|"86138"
"86600"|"86139"
"86320"|"86140"
"86160"|"86141"
"86190"|"86142"
"86270"|"86143"
"86170"|"86144"
"86370"|"86145"
"86380"|"86146"
"86370"|"86147"
"86160"|"86148"
"86330"|"86149"
"86170"|"86150"
"86200"|"86151"
"86460"|"86152"
"86320"|"86153"
"86110"|"86154"
"86200"|"86156"
"86550"|"86157"
"86440"|"86158"
"86150"|"86159"
"86110"|"86160"
"86330"|"86161"
"86230"|"86162"
"86360"|"86163"
"86210"|"86164"
"86500"|"86165"
"86470"|"86166"
"86420"|"86167"
"86120"|"86169"
"86500"|"86170"
"86150"|"86171"
"86430"|"86172"
"86200"|"86173"
"86530"|"86174"
"86310"|"86175"
"86150"|"86176"
"86170"|"86177"
"86340"|"86178"
"86340"|"86180"
"86200"|"86181"
"86230"|"86182"
"86220"|"86183"
"86380"|"86184"
"86220"|"86186"
"86300"|"86187"
"86700"|"86188"
"86350"|"86189"
"86320"|"86190"
"86500"|"86191"
"86500"|"86192"
"86450"|"86193"
"86000"|"86194"
"86220"|"86195"
"86120"|"86196"
"86200"|"86197"
"86800"|"86198"
"86460"|"86200"
"86420"|"86201"
"86260"|"86202"
"86150"|"86203"
"86190"|"86204"
"86200"|"86205"
"86120"|"86206"
"86270"|"86207"
"86170"|"86208"
"86340"|"86209"
"86120"|"86210"
"86700"|"86211"
"86480"|"86213"
"86280"|"86214"
"86230"|"86217"
"86330"|"86218"
"86130"|"86219"
"86400"|"86220"
"86140"|"86221"
"86130"|"86222"
"86310"|"86223"
"86230"|"86224"
"86330"|"86225"
"86800"|"86226"
"86200"|"86227"
"86410"|"86228"
"86120"|"86229"
"86290"|"86230"
"86400"|"86231"
"86300"|"86233"
"86350"|"86234"
"86160"|"86235"
"86260"|"86236"
"86400"|"86237"
"86300"|"86239"
"86220"|"86241"
"86250"|"86242"
"86600"|"86244"
"86100"|"86245"
"86310"|"86246"
"86400"|"86247"
"86350"|"86248"
"86420"|"86249"
"86120"|"86250"
"86200"|"86252"
"86600"|"86253"
"86500"|"86254"
"86400"|"86255"
"86800"|"86256"
"86140"|"86257"
"86140"|"86258"
"86100"|"86259"
"86230"|"86260"
"86800"|"86261"
"86320"|"86262"
"86240"|"86263"
"86160"|"86264"
"86230"|"86265"
"86250"|"86266"
"86800"|"86268"
"86120"|"86269"
"86290"|"86270"
"86110"|"86271"
"86540"|"86272"
"86290"|"86273"
"86120"|"86274"
"86230"|"86275"
"86350"|"86276"
"86110"|"86277"
"86700"|"86278"
"86220"|"86279"
"86230"|"86280"
"86380"|"86281"
"86340"|"86284"
"86410"|"86285"
"86420"|"86286"
"86120"|"86287"
"86260"|"86288"
"86150"|"86289"
"86340"|"86290"
"86310"|"86291"
"86190"|"86292"
"86370"|"86293"
"86190"|"86294"
"86400"|"86295"
"86700"|"86296"
"86580"|"86297"
"86210"|"86298"
"86170"|"86299"
"86170"|"86300"
"87700"|"87001"
"87240"|"87002"
"87160"|"87003"
"87120"|"87004"
"87220"|"87005"
"87360"|"87006"
"87290"|"87007"
"87210"|"87008"
"87120"|"87009"
"87300"|"87011"
"87300"|"87012"
"87370"|"87013"
"87250"|"87014"
"87700"|"87015"
"87340"|"87016"
"87300"|"87017"
"87300"|"87018"
"87220"|"87019"
"87270"|"87020"
"87110"|"87021"
"87300"|"87022"
"87140"|"87023"
"87460"|"87024"
"87800"|"87025"
"87330"|"87026"
"87230"|"87027"
"87320"|"87028"
"87230"|"87029"
"87200"|"87030"
"87500"|"87031"
"87230"|"87032"
"87140"|"87033"
"87150"|"87034"
"87400"|"87035"
"87230"|"87036"
"87440"|"87037"
"87270"|"87038"
"87380"|"87039"
"87130"|"87040"
"87290"|"87041"
"87400"|"87042"
"87460"|"87043"
"87600"|"87044"
"87520"|"87045"
"87310"|"87046"
"87140"|"87047"
"87920"|"87048"
"87500"|"87049"
"87270"|"87050"
"87130"|"87051"
"87210"|"87052"
"87160"|"87053"
"87150"|"87054"
"87320"|"87055"
"87210"|"87056"
"87190"|"87057"
"87120"|"87058"
"87210"|"87059"
"87230"|"87060"
"87190"|"87061"
"87400"|"87062"
"87220"|"87063"
"87120"|"87064"
"87220"|"87065"
"87230"|"87066"
"87250"|"87067"
"87250"|"87068"
"87330"|"87069"
"87400"|"87070"
"87500"|"87071"
"87380"|"87072"
"87310"|"87073"
"87160"|"87074"
"87170"|"87075"
"87370"|"87076"
"87800"|"87077"
"87520"|"87078"
"87340"|"87079"
"87890"|"87080"
"87800"|"87081"
"87500"|"87082"
"87370"|"87083"
"87230"|"87084"
"87000"|"87085"
"87130"|"87086"
"87360"|"87087"
"87380"|"87088"
"87190"|"87089"
"87160"|"87090"
"87440"|"87091"
"87440"|"87092"
"87130"|"87093"
"87800"|"87094"
"87380"|"87095"
"87800"|"87096"
"87330"|"87097"
"87400"|"87099"
"87330"|"87100"
"87330"|"87101"
"87140"|"87103"
"87120"|"87104"
"87130"|"87105"
"87800"|"87106"
"87510"|"87107"
"87330"|"87108"
"87210"|"87109"
"87520"|"87110"
"87150"|"87111"
"87230"|"87112"
"87410"|"87113"
"87350"|"87114"
"87440"|"87115"
"87300"|"87116"
"87470"|"87117"
"87510"|"87118"
"87260"|"87119"
"87380"|"87120"
"87290"|"87121"
"87640"|"87122"
"87120"|"87123"
"87800"|"87124"
"87570"|"87125"
"87600"|"87126"
"87800"|"87127"
"87140"|"87128"
"87400"|"87129"
"87130"|"87130"
"87720"|"87131"
"87120"|"87132"
"87290"|"87133"
"87120"|"87134"
"87310"|"87135"
"87330"|"87136"
"87150"|"87137"
"87260"|"87138"
"87300"|"87139"
"87200"|"87140"
"87310"|"87141"
"87400"|"87142"
"87510"|"87143"
"87260"|"87144"
"87160"|"87145"
"87380"|"87146"
"87130"|"87147"
"87260"|"87148"
"87190"|"87149"
"87800"|"87150"
"87260"|"87151"
"87510"|"87152"
"87460"|"87153"
"87200"|"87154"
"87300"|"87155"
"87590"|"87156"
"87240"|"87157"
"87310"|"87158"
"87340"|"87159"
"87190"|"87160"
"87400"|"87161"
"87420"|"87162"
"87330"|"87163"
"87200"|"87164"
"87360"|"87165"
"87700"|"87166"
"87400"|"87167"
"87440"|"87168"
"87800"|"87169"
"87130"|"87170"
"87300"|"87172"
"87250"|"87173"
"87260"|"87174"
"87800"|"87176"
"87700"|"87177"
"87480"|"87178"
"87210"|"87179"
"87290"|"87180"
"87370"|"87181"
"87160"|"87182"
"87240"|"87183"
"87140"|"87184"
"87420"|"87185"
"87380"|"87186"
"87500"|"87187"
"87700"|"87188"
"87440"|"87189"
"87400"|"87190"
"87620"|"87191"
"87110"|"87192"
"87130"|"87193"
"87130"|"87194"
"87360"|"87195"
"87320"|"87196"
"87140"|"87197"
"87140"|"87198"
"87600"|"87199"
"87360"|"87200"
"87430"|"87201"
"87520"|"87202"
"87260"|"87203"
"87600"|"87204"
"87110"|"87205"
"87190"|"87206"
"88270"|"88001"
"88500"|"88002"
"88140"|"88003"
"88320"|"88004"
"88110"|"88005"
"88500"|"88006"
"88410"|"88007"
"88700"|"88008"
"88650"|"88009"
"88170"|"88010"
"88380"|"88011"
"88380"|"88012"
"88170"|"88013"
"88430"|"88014"
"88300"|"88015"
"88260"|"88016"
"88300"|"88017"
"88640"|"88018"
"88300"|"88019"
"88300"|"88020"
"88700"|"88021"
"88140"|"88022"
"88500"|"88023"
"88130"|"88024"
"88630"|"88025"
"88600"|"88026"
"88330"|"88027"
"88460"|"88028"
"88240"|"88029"
"88270"|"88030"
"88170"|"88031"
"88520"|"88032"
"88210"|"88033"
"88640"|"88035"
"88300"|"88036"
"88120"|"88037"
"88130"|"88038"
"88500"|"88039"
"88150"|"88040"
"88270"|"88041"
"88700"|"88042"
"88500"|"88043"
"88300"|"88044"
"88300"|"88045"
"88600"|"88046"
"88270"|"88047"
"88370"|"88048"
"88260"|"88049"
"88600"|"88050"
"88800"|"88051"
"88260"|"88052"
"88210"|"88053"
"88520"|"88054"
"88450"|"88055"
"88500"|"88056"
"88490"|"88057"
"88170"|"88058"
"88430"|"88059"
"88500"|"88060"
"88410"|"88061"
"88320"|"88062"
"88270"|"88063"
"88600"|"88064"
"88260"|"88065"
"88500"|"88066"
"88470"|"88068"
"88270"|"88069"
"88130"|"88070"
"88270"|"88071"
"88130"|"88073"
"88350"|"88074"
"88250"|"88075"
"88600"|"88076"
"88700"|"88077"
"88600"|"88078"
"88140"|"88079"
"88700"|"88080"
"88540"|"88081"
"88110"|"88082"
"88300"|"88083"
"88130"|"88084"
"88640"|"88085"
"88600"|"88086"
"88000"|"88087"
"88240"|"88088"
"88600"|"88089"
"88130"|"88090"
"88460"|"88091"
"88270"|"88092"
"88210"|"88093"
"88330"|"88094"
"88170"|"88095"
"88410"|"88096"
"88500"|"88097"
"88390"|"88098"
"88150"|"88099"
"88500"|"88100"
"88460"|"88101"
"88630"|"88102"
"88270"|"88103"
"88300"|"88104"
"88410"|"88105"
"88230"|"88106"
"88630"|"88107"
"88240"|"88108"
"88120"|"88109"
"88700"|"88110"
"88100"|"88111"
"88490"|"88112"
"88490"|"88113"
"88140"|"88114"
"88430"|"88115"
"88310"|"88116"
"88170"|"88117"
"88630"|"88118"
"88140"|"88119"
"88520"|"88120"
"88330"|"88121"
"88270"|"88122"
"88320"|"88123"
"88260"|"88124"
"88170"|"88125"
"88390"|"88126"
"88700"|"88127"
"88210"|"88128"
"88270"|"88129"
"88600"|"88130"
"88600"|"88131"
"88000"|"88132"
"88000"|"88133"
"88000"|"88134"
"88460"|"88135"
"88000"|"88136"
"88170"|"88137"
"88260"|"88138"
"88500"|"88139"
"88140"|"88140"
"88170"|"88141"
"88390"|"88142"
"88330"|"88143"
"88500"|"88144"
"88600"|"88145"
"88800"|"88146"
"88390"|"88147"
"88200"|"88148"
"88260"|"88149"
"88170"|"88150"
"88270"|"88151"
"88600"|"88152"
"88700"|"88153"
"88630"|"88154"
"88500"|"88155"
"88700"|"88156"
"88220"|"88157"
"88510"|"88158"
"88650"|"88159"
"88000"|"88160"
"88260"|"88161"
"88260"|"88162"
"88130"|"88163"
"88500"|"88164"
"88480"|"88165"
"88450"|"88166"
"88460"|"88167"
"88700"|"88168"
"88600"|"88169"
"88360"|"88170"
"88410"|"88171"
"88600"|"88172"
"88130"|"88173"
"88390"|"88174"
"88600"|"88175"
"88240"|"88176"
"88530"|"88177"
"88390"|"88178"
"88320"|"88179"
"88320"|"88180"
"88230"|"88181"
"88490"|"88182"
"88630"|"88183"
"88600"|"88184"
"88500"|"88185"
"88500"|"88186"
"88270"|"88187"
"88160"|"88188"
"88350"|"88189"
"88440"|"88190"
"88270"|"88192"
"88520"|"88193"
"88170"|"88194"
"88140"|"88195"
"88400"|"88196"
"88120"|"88197"
"88430"|"88198"
"88320"|"88199"
"88390"|"88200"
"88390"|"88201"
"88500"|"88202"
"88600"|"88203"
"88150"|"88204"
"88340"|"88205"
"88170"|"88206"
"88410"|"88208"
"88190"|"88209"
"88270"|"88210"
"88350"|"88212"
"88490"|"88213"
"88240"|"88214"
"88210"|"88215"
"88600"|"88216"
"88640"|"88218"
"88630"|"88219"
"88410"|"88220"
"88240"|"88221"
"88600"|"88222"
"88450"|"88223"
"88330"|"88224"
"88220"|"88225"
"88270"|"88226"
"88300"|"88227"
"88330"|"88228"
"88300"|"88229"
"88700"|"88230"
"88800"|"88231"
"88300"|"88232"
"88270"|"88233"
"88240"|"88234"
"88240"|"88235"
"88240"|"88236"
"88270"|"88237"
"88260"|"88238"
"88130"|"88239"
"88600"|"88240"
"88170"|"88241"
"88300"|"88242"
"88700"|"88243"
"88430"|"88244"
"88210"|"88245"
"88500"|"88246"
"88150"|"88247"
"88320"|"88248"
"88300"|"88249"
"88550"|"88250"
"88700"|"88251"
"88260"|"88252"
"88000"|"88253"
"88500"|"88254"
"88630"|"88255"
"88640"|"88256"
"88500"|"88257"
"88320"|"88258"
"88300"|"88259"
"88130"|"88260"
"88600"|"88261"
"88600"|"88262"
"88640"|"88263"
"88270"|"88264"
"88300"|"88265"
"88600"|"88266"
"88260"|"88267"
"88490"|"88268"
"88400"|"88269"
"88350"|"88270"
"88800"|"88271"
"88410"|"88272"
"88000"|"88273"
"88170"|"88274"
"88490"|"88275"
"88490"|"88276"
"88110"|"88277"
"88170"|"88278"
"88270"|"88279"
"88450"|"88280"
"88270"|"88281"
"88240"|"88282"
"88140"|"88283"
"88650"|"88284"
"88800"|"88285"
"88130"|"88286"
"88320"|"88287"
"88270"|"88288"
"88320"|"88289"
"88300"|"88290"
"88410"|"88291"
"88500"|"88292"
"88630"|"88293"
"88150"|"88294"
"88500"|"88295"
"88140"|"88296"
"88600"|"88297"
"88700"|"88298"
"88500"|"88299"
"88210"|"88300"
"88700"|"88301"
"88160"|"88302"
"88630"|"88303"
"88500"|"88304"
"88630"|"88305"
"88210"|"88306"
"88320"|"88307"
"88300"|"88308"
"88800"|"88309"
"88410"|"88310"
"88240"|"88311"
"88170"|"88312"
"88330"|"88313"
"88320"|"88314"
"88600"|"88315"
"88140"|"88316"
"88210"|"88317"
"88700"|"88318"
"88420"|"88319"
"88100"|"88320"
"88300"|"88321"
"88600"|"88322"
"88170"|"88324"
"88800"|"88325"
"88100"|"88326"
"88440"|"88327"
"88470"|"88328"
"88260"|"88330"
"88600"|"88331"
"88800"|"88332"
"88700"|"88333"
"88500"|"88334"
"88500"|"88335"
"88170"|"88336"
"88150"|"88337"
"88700"|"88338"
"88700"|"88340"
"88100"|"88341"
"88330"|"88342"
"88800"|"88343"
"88350"|"88344"
"88490"|"88345"
"88210"|"88346"
"88270"|"88347"
"88600"|"88348"
"88230"|"88349"
"88170"|"88350"
"88370"|"88351"
"88300"|"88352"
"88260"|"88353"
"88500"|"88354"
"88330"|"88355"
"88600"|"88356"
"88500"|"88357"
"88550"|"88358"
"88600"|"88359"
"88260"|"88360"
"88490"|"88361"
"88210"|"88362"
"88630"|"88363"
"88500"|"88364"
"88270"|"88365"
"88170"|"88366"
"88700"|"88367"
"88500"|"88368"
"88160"|"88369"
"88270"|"88370"
"88220"|"88371"
"88110"|"88372"
"88110"|"88373"
"88130"|"88374"
"88520"|"88375"
"88300"|"88376"
"88410"|"88377"
"88450"|"88378"
"88330"|"88379"
"88640"|"88380"
"88260"|"88381"
"88500"|"88382"
"88200"|"88383"
"88800"|"88385"
"88100"|"88386"
"88170"|"88387"
"88390"|"88388"
"88500"|"88389"
"88320"|"88390"
"88120"|"88391"
"88320"|"88392"
"88300"|"88393"
"88320"|"88394"
"88700"|"88395"
"88600"|"88398"
"88460"|"88399"
"88500"|"88400"
"88170"|"88401"
"88700"|"88402"
"88500"|"88403"
"88320"|"88404"
"88130"|"88406"
"88630"|"88407"
"88360"|"88408"
"88120"|"88409"
"88700"|"88410"
"88260"|"88411"
"88700"|"88412"
"88100"|"88413"
"88200"|"88415"
"88700"|"88416"
"88700"|"88417"
"88700"|"88418"
"88210"|"88419"
"88410"|"88421"
"88650"|"88423"
"88100"|"88424"
"88700"|"88425"
"88560"|"88426"
"88170"|"88427"
"88470"|"88428"
"88200"|"88429"
"88140"|"88430"
"88170"|"88431"
"88700"|"88432"
"88500"|"88433"
"88800"|"88434"
"88480"|"88435"
"88210"|"88436"
"88270"|"88437"
"88470"|"88438"
"88390"|"88439"
"88170"|"88440"
"88260"|"88441"
"88120"|"88442"
"88300"|"88443"
"88210"|"88444"
"88580"|"88445"
"88140"|"88446"
"88290"|"88447"
"88140"|"88448"
"88130"|"88449"
"88320"|"88450"
"88210"|"88451"
"88260"|"88452"
"88630"|"88453"
"88600"|"88454"
"88320"|"88455"
"88320"|"88456"
"88630"|"88457"
"88130"|"88458"
"88170"|"88459"
"88630"|"88460"
"88140"|"88461"
"88120"|"88462"
"88100"|"88463"
"88460"|"88464"
"88150"|"88465"
"88800"|"88466"
"88290"|"88467"
"88160"|"88468"
"88500"|"88469"
"88530"|"88470"
"88410"|"88471"
"88260"|"88472"
"88320"|"88473"
"88300"|"88474"
"88320"|"88475"
"88500"|"88476"
"88350"|"88477"
"88300"|"88478"
"88240"|"88479"
"88130"|"88480"
"88220"|"88481"
"88140"|"88482"
"88390"|"88483"
"88220"|"88484"
"88140"|"88485"
"88120"|"88486"
"88340"|"88487"
"88270"|"88488"
"88270"|"88489"
"88800"|"88490"
"88260"|"88491"
"88230"|"88492"
"88450"|"88493"
"88500"|"88494"
"88000"|"88495"
"88140"|"88496"
"88330"|"88497"
"88200"|"88498"
"88270"|"88499"
"88310"|"88500"
"88210"|"88501"
"88600"|"88502"
"88110"|"88503"
"88170"|"88504"
"88430"|"88505"
"88210"|"88506"
"88500"|"88507"
"88270"|"88508"
"88150"|"88509"
"88320"|"88510"
"88350"|"88511"
"88600"|"88512"
"88450"|"88513"
"88170"|"88514"
"88260"|"88515"
"88800"|"88516"
"88260"|"88517"
"88500"|"88518"
"88470"|"88519"
"88240"|"88520"
"88700"|"88521"
"88500"|"88522"
"88170"|"88523"
"88140"|"88524"
"88500"|"88525"
"88520"|"88526"
"88700"|"88527"
"88460"|"88528"
"88130"|"88529"
"88220"|"88530"
"88400"|"88531"
"88330"|"88532"
"89460"|"89001"
"89800"|"89002"
"89110"|"89003"
"89390"|"89004"
"89160"|"89005"
"89160"|"89006"
"89480"|"89007"
"89440"|"89008"
"89200"|"89009"
"89310"|"89010"
"89200"|"89011"
"89440"|"89012"
"89380"|"89013"
"89320"|"89014"
"89270"|"89015"
"89160"|"89016"
"89160"|"89017"
"89500"|"89018"
"89740"|"89019"
"89660"|"89020"
"89450"|"89021"
"89440"|"89022"
"89290"|"89023"
"89000"|"89024"
"89200"|"89025"
"89190"|"89027"
"89430"|"89028"
"89400"|"89029"
"89460"|"89030"
"89250"|"89031"
"89630"|"89032"
"89240"|"89033"
"89800"|"89034"
"89210"|"89035"
"89150"|"89036"
"89410"|"89037"
"89360"|"89038"
"89700"|"89039"
"89270"|"89040"
"89570"|"89041"
"89420"|"89042"
"89440"|"89043"
"89200"|"89044"
"89230"|"89045"
"89220"|"89046"
"89770"|"89048"
"89660"|"89049"
"89400"|"89050"
"89500"|"89051"
"89113"|"89053"
"89150"|"89054"
"89210"|"89055"
"89400"|"89056"
"89660"|"89057"
"89630"|"89058"
"89400"|"89059"
"89500"|"89060"
"89360"|"89061"
"89360"|"89062"
"89116"|"89063"
"89310"|"89064"
"89320"|"89065"
"89320"|"89066"
"89410"|"89067"
"89800"|"89068"
"89770"|"89069"
"89120"|"89070"
"89660"|"89071"
"89220"|"89072"
"89350"|"89073"
"89340"|"89074"
"89300"|"89075"
"89210"|"89076"
"89290"|"89077"
"89710"|"89078"
"89300"|"89079"
"89260"|"89080"
"89800"|"89081"
"89113"|"89083"
"89580"|"89084"
"89400"|"89085"
"89120"|"89086"
"89160"|"89087"
"89110"|"89088"
"89630"|"89089"
"89660"|"89091"
"89310"|"89092"
"89340"|"89093"
"89500"|"89094"
"89800"|"89095"
"89250"|"89096"
"89120"|"89097"
"89700"|"89098"
"89400"|"89099"
"89690"|"89100"
"89600"|"89101"
"89240"|"89102"
"89120"|"89103"
"89800"|"89104"
"89400"|"89105"
"89190"|"89107"
"89530"|"89108"
"89420"|"89109"
"89190"|"89111"
"89700"|"89112"
"89100"|"89113"
"89140"|"89115"
"89500"|"89116"
"89580"|"89117"
"89580"|"89118"
"89480"|"89119"
"89320"|"89120"
"89190"|"89122"
"89800"|"89123"
"89140"|"89124"
"89560"|"89125"
"89150"|"89126"
"89100"|"89127"
"89440"|"89128"
"89480"|"89129"
"89460"|"89130"
"89740"|"89131"
"89390"|"89132"
"89116"|"89133"
"89420"|"89134"
"89140"|"89136"
"89700"|"89137"
"89120"|"89138"
"89240"|"89139"
"89440"|"89141"
"89500"|"89142"
"89150"|"89143"
"89150"|"89144"
"89450"|"89145"
"89200"|"89146"
"89130"|"89147"
"89560"|"89148"
"89360"|"89149"
"89240"|"89150"
"89500"|"89151"
"89400"|"89152"
"89700"|"89153"
"89240"|"89154"
"89290"|"89155"
"89210"|"89156"
"89480"|"89158"
"89200"|"89159"
"89510"|"89160"
"89310"|"89161"
"89140"|"89162"
"89110"|"89163"
"89480"|"89164"
"89190"|"89165"
"89113"|"89167"
"89800"|"89168"
"89360"|"89169"
"89450"|"89170"
"89190"|"89171"
"89100"|"89172"
"89130"|"89173"
"89560"|"89174"
"89800"|"89175"
"89450"|"89176"
"89660"|"89177"
"89120"|"89178"
"89520"|"89179"
"89150"|"89180"
"89320"|"89181"
"89560"|"89182"
"89310"|"89183"
"89160"|"89184"
"89600"|"89186"
"89160"|"89187"
"89200"|"89188"
"89140"|"89189"
"89200"|"89190"
"89740"|"89191"
"89350"|"89192"
"89310"|"89194"
"89100"|"89195"
"89113"|"89196"
"89420"|"89197"
"89250"|"89198"
"89580"|"89199"
"89250"|"89200"
"89550"|"89201"
"89290"|"89202"
"89200"|"89203"
"89440"|"89204"
"89360"|"89205"
"89300"|"89206"
"89310"|"89207"
"89440"|"89208"
"89150"|"89209"
"89160"|"89210"
"89700"|"89211"
"89290"|"89212"
"89110"|"89213"
"89190"|"89214"
"89560"|"89215"
"89520"|"89216"
"89130"|"89217"
"89400"|"89218"
"89570"|"89219"
"89170"|"89220"
"89130"|"89221"
"89520"|"89222"
"89160"|"89223"
"89800"|"89224"
"89660"|"89225"
"89800"|"89226"
"89144"|"89227"
"89240"|"89228"
"89140"|"89229"
"89300"|"89230"
"89200"|"89232"
"89270"|"89233"
"89480"|"89234"
"89200"|"89235"
"89100"|"89236"
"89270"|"89237"
"89660"|"89238"
"89100"|"89239"
"89100"|"89240"
"89120"|"89241"
"89800"|"89242"
"89120"|"89243"
"89420"|"89244"
"89500"|"89245"
"89440"|"89246"
"89430"|"89247"
"89450"|"89248"
"89210"|"89249"
"89144"|"89250"
"89110"|"89251"
"89560"|"89252"
"89660"|"89253"
"89130"|"89254"
"89140"|"89255"
"89580"|"89256"
"89400"|"89257"
"89310"|"89259"
"89560"|"89260"
"89190"|"89261"
"89700"|"89262"
"89470"|"89263"
"89150"|"89264"
"89230"|"89265"
"89660"|"89266"
"89420"|"89267"
"89250"|"89268"
"89560"|"89270"
"89310"|"89271"
"89130"|"89272"
"89520"|"89273"
"89100"|"89274"
"89113"|"89275"
"89570"|"89276"
"89310"|"89277"
"89320"|"89278"
"89310"|"89279"
"89390"|"89280"
"89110"|"89281"
"89400"|"89282"
"89560"|"89283"
"89160"|"89284"
"89140"|"89285"
"89240"|"89286"
"89100"|"89287"
"89210"|"89288"
"89300"|"89289"
"89310"|"89290"
"89510"|"89291"
"89360"|"89292"
"89120"|"89294"
"89000"|"89295"
"89390"|"89296"
"89450"|"89297"
"89330"|"89298"
"89740"|"89299"
"89420"|"89300"
"89140"|"89302"
"89310"|"89303"
"89110"|"89304"
"89200"|"89306"
"89230"|"89307"
"89190"|"89308"
"89140"|"89309"
"89260"|"89310"
"89240"|"89311"
"89440"|"89312"
"89116"|"89313"
"89460"|"89314"
"89800"|"89315"
"89200"|"89316"
"89120"|"89317"
"89630"|"89318"
"89290"|"89319"
"89740"|"89320"
"89390"|"89321"
"89700"|"89323"
"89220"|"89324"
"89170"|"89325"
"89100"|"89326"
"89500"|"89327"
"89230"|"89328"
"89430"|"89329"
"89270"|"89330"
"89520"|"89331"
"89340"|"89332"
"89420"|"89333"
"89110"|"89334"
"89300"|"89335"
"89630"|"89336"
"89530"|"89337"
"89100"|"89338"
"89440"|"89339"
"89520"|"89340"
"89800"|"89341"
"89100"|"89342"
"89120"|"89343"
"89170"|"89344"
"89600"|"89345"
"89000"|"89346"
"89630"|"89347"
"89330"|"89348"
"89630"|"89349"
"89330"|"89350"
"89420"|"89351"
"89170"|"89352"
"89330"|"89353"
"89100"|"89354"
"89700"|"89355"
"89110"|"89356"
"89120"|"89358"
"89190"|"89359"
"89110"|"89360"
"89110"|"89361"
"89270"|"89362"
"89460"|"89363"
"89450"|"89364"
"89220"|"89365"
"89116"|"89366"
"89520"|"89367"
"89520"|"89368"
"89140"|"89369"
"89150"|"89370"
"89310"|"89371"
"89100"|"89373"
"89160"|"89374"
"89420"|"89375"
"89310"|"89376"
"89420"|"89377"
"89200"|"89378"
"89420"|"89379"
"89150"|"89380"
"89420"|"89381"
"89250"|"89382"
"89560"|"89383"
"89710"|"89384"
"89160"|"89385"
"89160"|"89386"
"89100"|"89387"
"89116"|"89388"
"89140"|"89390"
"89140"|"89391"
"89200"|"89392"
"89700"|"89393"
"89270"|"89394"
"89190"|"89395"
"89110"|"89397"
"89570"|"89398"
"89100"|"89399"
"89520"|"89400"
"89570"|"89402"
"89160"|"89403"
"89100"|"89404"
"89560"|"89405"
"89420"|"89406"
"89430"|"89407"
"89350"|"89408"
"89450"|"89409"
"89200"|"89410"
"89320"|"89411"
"89420"|"89412"
"89430"|"89413"
"89260"|"89414"
"89200"|"89415"
"89520"|"89416"
"89700"|"89417"
"89700"|"89418"
"89130"|"89419"
"89520"|"89420"
"89420"|"89421"
"89430"|"89422"
"89700"|"89423"
"89460"|"89424"
"89570"|"89425"
"89580"|"89426"
"89580"|"89427"
"89150"|"89428"
"89320"|"89429"
"89144"|"89430"
"89420"|"89431"
"89320"|"89432"
"89200"|"89433"
"89320"|"89434"
"89210"|"89436"
"89230"|"89437"
"89290"|"89438"
"89600"|"89439"
"89330"|"89440"
"89270"|"89441"
"89150"|"89442"
"89510"|"89443"
"89700"|"89445"
"89450"|"89446"
"89700"|"89447"
"89420"|"89448"
"89340"|"89449"
"89150"|"89450"
"89320"|"89451"
"89300"|"89452"
"89240"|"89453"
"89120"|"89454"
"89140"|"89456"
"89113"|"89457"
"89140"|"89458"
"89150"|"89459"
"89340"|"89460"
"89190"|"89461"
"89350"|"89462"
"89230"|"89463"
"89500"|"89464"
"89140"|"89465"
"89100"|"89466"
"89140"|"89467"
"89330"|"89468"
"89260"|"89469"
"89160"|"89470"
"89320"|"89471"
"89130"|"89472"
"89110"|"89473"
"89360"|"89474"
"89740"|"89475"
"89800"|"89477"
"89290"|"89478"
"89290"|"89479"
"89140"|"89480"
"89160"|"89481"
"89700"|"89482"
"89260"|"89483"
"89710"|"89484"
"89270"|"89485"
"89700"|"89486"
"90400"|"90001"
"90150"|"90002"
"90170"|"90003"
"90800"|"90004"
"90200"|"90005"
"90200"|"90006"
"90800"|"90007"
"90800"|"90008"
"90500"|"90009"
"90000"|"90010"
"90400"|"90011"
"90160"|"90012"
"90150"|"90013"
"90100"|"90014"
"90400"|"90015"
"90110"|"90016"
"90140"|"90017"
"90140"|"90018"
"90130"|"90019"
"90800"|"90020"
"90140"|"90021"
"90700"|"90022"
"90330"|"90023"
"90100"|"90024"
"90100"|"90025"
"90340"|"90026"
"90100"|"90027"
"90100"|"90028"
"90300"|"90029"
"90100"|"90030"
"90150"|"90031"
"90400"|"90032"
"90100"|"90033"
"90160"|"90034"
"90400"|"90035"
"90150"|"90036"
"90300"|"90037"
"90850"|"90039"
"90170"|"90041"
"90350"|"90042"
"90100"|"90043"
"90110"|"90044"
"90100"|"90045"
"90100"|"90046"
"90150"|"90047"
"90340"|"90048"
"90150"|"90049"
"90150"|"90050"
"90140"|"90051"
"90200"|"90052"
"90600"|"90053"
"90200"|"90054"
"90100"|"90055"
"90100"|"90056"
"90300"|"90057"
"90360"|"90058"
"90150"|"90059"
"90150"|"90060"
"90170"|"90061"
"90150"|"90062"
"90100"|"90063"
"90100"|"90064"
"90200"|"90065"
"90110"|"90066"
"90150"|"90067"
"90400"|"90068"
"90120"|"90069"
"90500"|"90070"
"90130"|"90071"
"90120"|"90072"
"90400"|"90073"
"90340"|"90074"
"90300"|"90075"
"90160"|"90076"
"90130"|"90077"
"90360"|"90078"
"90170"|"90079"
"90150"|"90080"
"90370"|"90081"
"90140"|"90082"
"90140"|"90083"
"90150"|"90084"
"90200"|"90085"
"90110"|"90086"
"90380"|"90087"
"90200"|"90088"
"90110"|"90089"
"90100"|"90090"
"90110"|"90091"
"90300"|"90093"
"90400"|"90094"
"90100"|"90095"
"90100"|"90096"
"90400"|"90097"
"90800"|"90098"
"90300"|"90099"
"90150"|"90100"
"90100"|"90101"
"90200"|"90102"
"90300"|"90103"
"90400"|"90104"
"90100"|"90105"
"91150"|"91001"
"91670"|"91016"
"91470"|"91017"
"91290"|"91021"
"91690"|"91022"
"91200"|"91027"
"91410"|"91035"
"91830"|"91037"
"91580"|"91038"
"91630"|"91041"
"91160"|"91044"
"91610"|"91045"
"91590"|"91047"
"91570"|"91064"
"91150"|"91067"
"91720"|"91069"
"91150"|"91075"
"91690"|"91079"
"91590"|"91080"
"91870"|"91081"
"91790"|"91085"
"91070"|"91086"
"91470"|"91093"
"91850"|"91095"
"91800"|"91097"
"91150"|"91098"
"91820"|"91099"
"91880"|"91100"
"91220"|"91103"
"91650"|"91105"
"91650"|"91106"
"91150"|"91109"
"91640"|"91111"
"91150"|"91112"
"91800"|"91114"
"91680"|"91115"
"91720"|"91121"
"91440"|"91122"
"91590"|"91129"
"91780"|"91130"
"91740"|"91131"
"91730"|"91132"
"91750"|"91135"
"91160"|"91136"
"91150"|"91137"
"91410"|"91145"
"91580"|"91148"
"91630"|"91156"
"91750"|"91159"
"91380"|"91161"
"91100"|"91174"
"91410"|"91175"
"91830"|"91179"
"91490"|"91180"
"91080"|"91182"
"91720"|"91184"
"91680"|"91186"
"91560"|"91191"
"91490"|"91195"
"91590"|"91198"
"91410"|"91200"
"91210"|"91201"
"91540"|"91204"
"91520"|"91207"
"91860"|"91215"
"91360"|"91216"
"91660"|"91222"
"91150"|"91223"
"91450"|"91225"
"91580"|"91226"
"91000"|"91228"
"91590"|"91232"
"91700"|"91235"
"91690"|"91240"
"91640"|"91243"
"91540"|"91244"
"91410"|"91247"
"91150"|"91248"
"91470"|"91249"
"91190"|"91272"
"91720"|"91273"
"91400"|"91274"
"91940"|"91275"
"91410"|"91284"
"91350"|"91286"
"91630"|"91292"
"91590"|"91293"
"91690"|"91294"
"91430"|"91312"
"91760"|"91315"
"91510"|"91318"
"91640"|"91319"
"91260"|"91326"
"91510"|"91330"
"91630"|"91332"
"91310"|"91333"
"91470"|"91338"
"91310"|"91339"
"91090"|"91340"
"91160"|"91345"
"91310"|"91347"
"91720"|"91359"
"91460"|"91363"
"91150"|"91374"
"91630"|"91376"
"91300"|"91377"
"91730"|"91378"
"91540"|"91386"
"91660"|"91390"
"91780"|"91393"
"91150"|"91399"
"91490"|"91405"
"91490"|"91408"
"91470"|"91411"
"91590"|"91412"
"91930"|"91414"
"91230"|"91421"
"91310"|"91425"
"91420"|"91432"
"91150"|"91433"
"91390"|"91434"
"91250"|"91435"
"91750"|"91441"
"91290"|"91457"
"91620"|"91458"
"91340"|"91461"
"91490"|"91463"
"91540"|"91468"
"91150"|"91469"
"91400"|"91471"
"91590"|"91473"
"91120"|"91477"
"91550"|"91479"
"91470"|"91482"
"91220"|"91494"
"91410"|"91495"
"91720"|"91507"
"91150"|"91508"
"91740"|"91511"
"91480"|"91514"
"91410"|"91519"
"91130"|"91521"
"91410"|"91525"
"91150"|"91526"
"91690"|"91533"
"91400"|"91534"
"91190"|"91538"
"91530"|"91540"
"91690"|"91544"
"91410"|"91546"
"91410"|"91547"
"91700"|"91549"
"91180"|"91552"
"91250"|"91553"
"91780"|"91556"
"91940"|"91560"
"91530"|"91568"
"91240"|"91570"
"91280"|"91573"
"91250"|"91577"
"91910"|"91578"
"91770"|"91579"
"91650"|"91581"
"91160"|"91587"
"91600"|"91589"
"91530"|"91593"
"91840"|"91599"
"91450"|"91600"
"91580"|"91602"
"91740"|"91613"
"91250"|"91617"
"91730"|"91619"
"91720"|"91629"
"91530"|"91630"
"91480"|"91631"
"91640"|"91634"
"91430"|"91635"
"91820"|"91639"
"91370"|"91645"
"91810"|"91648"
"91710"|"91649"
"91890"|"91654"
"91270"|"91657"
"91100"|"91659"
"91140"|"91661"
"91580"|"91662"
"91620"|"91665"
"91140"|"91666"
"91360"|"91667"
"91580"|"91671"
"91190"|"91679"
"91700"|"91685"
"91170"|"91687"
"91320"|"91689"
"91330"|"91691"
"91940"|"91692"
"92160"|"92002"
"92600"|"92004"
"92220"|"92007"
"92270"|"92009"
"92100"|"92012"
"92340"|"92014"
"92290"|"92019"
"92320"|"92020"
"92370"|"92022"
"92140"|"92023"
"92110"|"92024"
"92700"|"92025"
"92400"|"92026"
"92260"|"92032"
"92380"|"92033"
"92250"|"92035"
"92230"|"92036"
"92130"|"92040"
"92300"|"92044"
"92240"|"92046"
"92430"|"92047"
"92190"|"92048"
"92120"|"92049"
"92000"|"92050"
"92200"|"92051"
"92350"|"92060"
"92800"|"92062"
"92500"|"92063"
"92210"|"92064"
"92330"|"92071"
"92310"|"92072"
"92150"|"92073"
"92170"|"92075"
"92420"|"92076"
"92410"|"92077"
"92390"|"92078"
"93300"|"93001"
"93600"|"93005"
"93170"|"93006"
"93150"|"93007"
"93000"|"93008"
"93140"|"93010"
"93350"|"93013"
"93390"|"93014"
"93470"|"93015"
"93120"|"93027"
"93700"|"93029"
"93440"|"93030"
"93800"|"93031"
"93220"|"93032"
"93460"|"93033"
"93450"|"93039"
"93260"|"93045"
"93190"|"93046"
"93370"|"93047"
"93100"|"93048"
"93360"|"93049"
"93330"|"93050"
"93160"|"93051"
"93130"|"93053"
"93500"|"93055"
"93320"|"93057"
"93380"|"93059"
"93310"|"93061"
"93340"|"93062"
"93230"|"93063"
"93110"|"93064"
"93200"|"93066"
"93400"|"93070"
"93270"|"93071"
"93240"|"93072"
"93290"|"93073"
"93410"|"93074"
"93250"|"93077"
"93420"|"93078"
"93430"|"93079"
"94480"|"94001"
"94140"|"94002"
"94110"|"94003"
"94470"|"94004"
"94380"|"94011"
"94360"|"94015"
"94230"|"94016"
"94500"|"94017"
"94220"|"94018"
"94430"|"94019"
"94550"|"94021"
"94600"|"94022"
"94000"|"94028"
"94120"|"94033"
"94260"|"94034"
"94250"|"94037"
"94240"|"94038"
"94200"|"94041"
"94340"|"94042"
"94270"|"94043"
"94450"|"94044"
"94700"|"94046"
"94520"|"94047"
"94440"|"94048"
"94130"|"94052"
"94880"|"94053"
"94310"|"94054"
"94490"|"94055"
"94520"|"94056"
"94170"|"94058"
"94420"|"94059"
"94510"|"94060"
"94150"|"94065"
"94160"|"94067"
"94100"|"94068"
"94410"|"94069"
"94440"|"94070"
"94370"|"94071"
"94320"|"94073"
"94460"|"94074"
"94440"|"94075"
"94800"|"94076"
"94290"|"94077"
"94190"|"94078"
"94350"|"94079"
"94300"|"94080"
"94400"|"94081"
"95450"|"95002"
"95510"|"95008"
"95710"|"95011"
"95510"|"95012"
"95580"|"95014"
"95100"|"95018"
"95400"|"95019"
"95810"|"95023"
"95420"|"95024"
"95270"|"95026"
"95570"|"95028"
"95430"|"95039"
"95450"|"95040"
"95560"|"95042"
"95420"|"95046"
"95250"|"95051"
"95260"|"95052"
"95750"|"95054"
"95270"|"95055"
"95270"|"95056"
"95340"|"95058"
"95810"|"95059"
"95550"|"95060"
"95840"|"95061"
"95870"|"95063"
"95000"|"95074"
"95650"|"95078"
"95500"|"95088"
"95570"|"95091"
"95720"|"95094"
"95710"|"95101"
"95640"|"95102"
"95640"|"95110"
"95820"|"95116"
"95770"|"95119"
"95430"|"95120"
"95000"|"95127"
"95660"|"95134"
"95420"|"95139"
"95420"|"95141"
"95750"|"95142"
"95190"|"95144"
"95270"|"95149"
"95710"|"95150"
"95560"|"95151"
"95380"|"95154"
"95510"|"95157"
"95420"|"95166"
"95450"|"95169"
"95450"|"95170"
"95240"|"95176"
"95830"|"95177"
"95650"|"95181"
"95800"|"95183"
"95170"|"95197"
"95330"|"95199"
"95600"|"95203"
"95440"|"95205"
"95880"|"95210"
"95300"|"95211"
"95380"|"95212"
"95810"|"95213"
"95270"|"95214"
"95610"|"95218"
"95120"|"95219"
"95460"|"95229"
"95190"|"95241"
"95470"|"95250"
"95130"|"95252"
"95450"|"95253"
"95830"|"95254"
"95740"|"95256"
"95530"|"95257"
"95690"|"95258"
"95450"|"95259"
"95140"|"95268"
"95420"|"95270"
"95650"|"95271"
"95500"|"95277"
"95190"|"95280"
"95450"|"95282"
"95810"|"95287"
"95410"|"95288"
"95450"|"95295"
"95640"|"95298"
"95780"|"95301"
"95640"|"95303"
"95690"|"95304"
"95220"|"95306"
"95300"|"95308"
"95420"|"95309"
"95290"|"95313"
"95850"|"95316"
"95280"|"95323"
"95690"|"95328"
"95270"|"95331"
"95300"|"95341"
"95450"|"95348"
"95380"|"95351"
"95270"|"95352"
"95560"|"95353"
"95420"|"95355"
"95850"|"95365"
"95580"|"95369"
"95640"|"95370"
"95670"|"95371"
"95420"|"95379"
"95810"|"95387"
"95180"|"95388"
"95630"|"95392"
"95540"|"95394"
"95720"|"95395"
"95570"|"95409"
"95650"|"95422"
"95370"|"95424"
"95680"|"95426"
"95360"|"95427"
"95160"|"95428"
"95770"|"95429"
"95560"|"95430"
"95260"|"95436"
"95640"|"95438"
"95590"|"95445"
"95690"|"95446"
"95640"|"95447"
"95000"|"95450"
"95590"|"95452"
"95270"|"95456"
"95420"|"95459"
"95420"|"95462"
"95520"|"95476"
"95620"|"95480"
"95450"|"95483"
"95340"|"95487"
"95480"|"95488"
"95350"|"95489"
"95130"|"95491"
"95720"|"95492"
"95270"|"95493"
"95000"|"95500"
"95590"|"95504"
"95380"|"95509"
"95650"|"95510"
"95780"|"95523"
"95700"|"95527"
"95340"|"95529"
"95450"|"95535"
"95350"|"95539"
"95770"|"95541"
"95510"|"95543"
"95420"|"95554"
"95210"|"95555"
"95320"|"95563"
"95270"|"95566"
"95310"|"95572"
"95390"|"95574"
"95470"|"95580"
"95110"|"95582"
"95640"|"95584"
"95200"|"95585"
"95450"|"95592"
"95270"|"95594"
"95230"|"95598"
"95470"|"95604"
"95150"|"95607"
"95450"|"95610"
"95810"|"95611"
"95500"|"95612"
"95450"|"95625"
"95810"|"95627"
"95760"|"95628"
"95500"|"95633"
"95490"|"95637"
"95470"|"95641"
"95510"|"95651"
"95270"|"95652"
"95510"|"95656"
"95450"|"95658"
"95570"|"95660"
"95380"|"95675"
"95510"|"95676"
"95840"|"95678"
"95400"|"95680"
"95720"|"95682"
"95420"|"95690"
"97139"|"97101"
"97121"|"97102"
"97122"|"97103"
"97123"|"97104"
"97100"|"97105"
"97125"|"97106"
"97130"|"97107"
"97140"|"97108"
"97113"|"97109"
"97127"|"97110"
"97126"|"97111"
"97112"|"97112"
"97190"|"97113"
"97128"|"97114"
"97129"|"97115"
"97111"|"97116"
"97160"|"97117"
"97170"|"97118"
"97131"|"97119"
"97110"|"97120"
"97116"|"97121"
"97117"|"97122"
"97120"|"97124"
"97118"|"97125"
"97134"|"97126"
"97180"|"97128"
"97115"|"97129"
"97136"|"97130"
"97137"|"97131"
"97114"|"97132"
"97141"|"97133"
"97119"|"97134"
"97216"|"97201"
"97217"|"97202"
"97218"|"97203"
"97221"|"97204"
"97222"|"97205"
"97223"|"97206"
"97224"|"97207"
"97250"|"97208"
"97200"|"97209"
"97240"|"97210"
"97218"|"97211"
"97213"|"97212"
"97232"|"97213"
"97214"|"97214"
"97218"|"97215"
"97225"|"97216"
"97290"|"97217"
"97260"|"97218"
"97250"|"97219"
"97211"|"97220"
"97215"|"97221"
"97231"|"97222"
"97270"|"97223"
"97212"|"97224"
"97250"|"97225"
"97227"|"97226"
"97228"|"97227"
"97230"|"97228"
"97233"|"97229"
"97220"|"97230"
"97229"|"97231"
"97280"|"97232"
"97226"|"97233"
"97222"|"97234"
"97390"|"97301"
"97300"|"97302"
"97350"|"97303"
"97310"|"97304"
"97355"|"97305"
"97360"|"97306"
"97351"|"97307"
"97313"|"97308"
"97354"|"97309"
"97311"|"97310"
"97320"|"97311"
"97315"|"97312"
"97356"|"97313"
"97380"|"97314"
"97314"|"97352"
"97370"|"97353"
"97330"|"97356"
"97340"|"97357"
"97312"|"97358"
"97317"|"97360"
"97319"|"97361"
"97316"|"97362"
"97425"|"97401"
"97412"|"97402"
"97414"|"97403"
"97427"|"97404"
"97429"|"97405"
"97431"|"97406"
"97420"|"97407"
"97419"|"97408"
"97440"|"97409"
"97470"|"97410"
"97400"|"97411"
"97480"|"97412"
"97436"|"97413"
"97450"|"97414"
"97460"|"97415"
"97410"|"97416"
"97442"|"97417"
"97438"|"97418"
"97439"|"97419"
"97441"|"97420"
"97433"|"97421"
"97430"|"97422"
"97426"|"97423"
"97413"|"97424"
"97630"|"97601"
"97650"|"97602"
"97620"|"97603"
"97620"|"97604"
"97670"|"97605"
"97620"|"97606"
"97660"|"97607"
"97610"|"97608"
"97625"|"97609"
"97600"|"97610"
"97600"|"97611"
"97630"|"97612"
"97650"|"97613"
"97670"|"97614"
"97610"|"97615"
"97640"|"97616"
"97680"|"97617"
"20167"|"2A001"
"20000"|"2A004"
"20167"|"2A006"
"20128"|"2A008"
"20112"|"2A011"
"20151"|"2A014"
"20167"|"2A017"
"20110"|"2A018"
"20160"|"2A019"
"20140"|"2A021"
"20151"|"2A022"
"20116"|"2A024"
"20190"|"2A026"
"20121"|"2A027"
"20160"|"2A028"
"20119"|"2A031"
"20129"|"2A032"
"20110"|"2A035"
"20100"|"2A038"
"20136"|"2A040"
"20169"|"2A041"
"20111"|"2A048"
"20142"|"2A056"
"20151"|"2A060"
"20170"|"2A061"
"20133"|"2A062"
"20190"|"2A064"
"20130"|"2A065"
"20164"|"2A066"
"20111"|"2A070"
"20140"|"2A071"
"20117"|"2A085"
"20134"|"2A089"
"20160"|"2A090"
"20123"|"2A091"
"20135"|"2A092"
"20168"|"2A094"
"20138"|"2A098"
"20148"|"2A099"
"20126"|"2A100"
"20167"|"2A103"
"20117"|"2A104"
"20126"|"2A108"
"20114"|"2A114"
"20100"|"2A115"
"20190"|"2A117"
"20143"|"2A118"
"20157"|"2A119"
"20100"|"2A127"
"20100"|"2A128"
"20100"|"2A129"
"20128"|"2A130"
"20160"|"2A131"
"20128"|"2A132"
"20153"|"2A133"
"20137"|"2A139"
"20160"|"2A141"
"20170"|"2A142"
"20139"|"2A144"
"20165"|"2A146"
"20141"|"2A154"
"20112"|"2A158"
"20140"|"2A160"
"20171"|"2A163"
"20160"|"2A174"
"20117"|"2A181"
"20140"|"2A186"
"20113"|"2A189"
"20112"|"2A191"
"20125"|"2A196"
"20147"|"2A197"
"20150"|"2A198"
"20134"|"2A200"
"20147"|"2A203"
"20121"|"2A204"
"20167"|"2A209"
"20140"|"2A211"
"20115"|"2A212"
"20131"|"2A215"
"20166"|"2A228"
"20123"|"2A232"
"20125"|"2A240"
"20137"|"2A247"
"20110"|"2A249"
"20142"|"2A253"
"20122"|"2A254"
"20160"|"2A258"
"20121"|"2A259"
"20121"|"2A262"
"20121"|"2A266"
"20134"|"2A268"
"20145"|"2A269"
"20151"|"2A270"
"20167"|"2A271"
"20100"|"2A272"
"20140"|"2A276"
"20127"|"2A278"
"20147"|"2A279"
"20125"|"2A282"
"20140"|"2A284"
"20152"|"2A285"
"20146"|"2A288"
"20151"|"2A295"
"20170"|"2A300"
"20112"|"2A308"
"20143"|"2A310"
"20190"|"2A312"
"20134"|"2A322"
"20167"|"2A323"
"20163"|"2A324"
"20117"|"2A326"
"20133"|"2A330"
"20128"|"2A331"
"20167"|"2A336"
"20172"|"2A345"
"20160"|"2A348"
"20110"|"2A349"
"20167"|"2A351"
"20116"|"2A357"
"20173"|"2A358"
"20132"|"2A359"
"20190"|"2A360"
"20124"|"2A362"
"20112"|"2A363"
"20270"|"2B002"
"20244"|"2B003"
"20212"|"2B005"
"20224"|"2B007"
"20270"|"2B009"
"20220"|"2B010"
"20251"|"2B012"
"20212"|"2B013"
"20272"|"2B015"
"20270"|"2B016"
"20220"|"2B020"
"20276"|"2B023"
"20225"|"2B025"
"20253"|"2B029"
"20228"|"2B030"
"20200"|"2B033"
"20226"|"2B034"
"20252"|"2B036"
"20620"|"2B037"
"20235"|"2B039"
"20290"|"2B042"
"20222"|"2B043"
"20212"|"2B045"
"20228"|"2B046"
"20224"|"2B047"
"20214"|"2B049"
"20260"|"2B050"
"20244"|"2B051"
"20229"|"2B052"
"20270"|"2B053"
"20290"|"2B054"
"20252"|"2B055"
"20230"|"2B057"
"20217"|"2B058"
"20235"|"2B059"
"20229"|"2B063"
"20229"|"2B067"
"20244"|"2B068"
"20237"|"2B069"
"20215"|"2B072"
"20224"|"2B073"
"20250"|"2B074"
"20270"|"2B075"
"20213"|"2B077"
"20212"|"2B078"
"20235"|"2B079"
"20218"|"2B080"
"20218"|"2B081"
"20218"|"2B082"
"20236"|"2B083"
"20225"|"2B084"
"20238"|"2B086"
"20221"|"2B087"
"20230"|"2B088"
"20256"|"2B093"
"20224"|"2B095"
"20250"|"2B096"
"20226"|"2B097"
"20237"|"2B101"
"20290"|"2B102"
"20212"|"2B105"
"20244"|"2B106"
"20275"|"2B107"
"20253"|"2B109"
"20212"|"2B110"
"20234"|"2B111"
"20225"|"2B112"
"20237"|"2B113"
"20212"|"2B116"
"20600"|"2B120"
"20245"|"2B121"
"20218"|"2B122"
"20240"|"2B123"
"20227"|"2B124"
"20237"|"2B125"
"20251"|"2B126"
"20220"|"2B134"
"20243"|"2B135"
"20218"|"2B136"
"20244"|"2B137"
"20225"|"2B138"
"20252"|"2B140"
"20230"|"2B143"
"20215"|"2B145"
"20224"|"2B147"
"20290"|"2B148"
"20240"|"2B149"
"20260"|"2B150"
"20228"|"2B152"
"20245"|"2B153"
"20270"|"2B155"
"20259"|"2B156"
"20212"|"2B157"
"20287"|"2B159"
"20270"|"2B161"
"20218"|"2B162"
"20229"|"2B164"
"20214"|"2B165"
"20290"|"2B166"
"20214"|"2B167"
"20220"|"2B168"
"20218"|"2B169"
"20238"|"2B170"
"20219"|"2B171"
"20239"|"2B172"
"20225"|"2B173"
"20225"|"2B175"
"20229"|"2B176"
"20242"|"2B177"
"20217"|"2B178"
"20234"|"2B179"
"20226"|"2B180"
"20226"|"2B182"
"20217"|"2B183"
"20217"|"2B184"
"20232"|"2B185"
"20217"|"2B187"
"20232"|"2B188"
"20259"|"2B190"
"20290"|"2B192"
"20236"|"2B193"
"20234"|"2B194"
"20290"|"2B195"
"20226"|"2B199"
"20251"|"2B201"
"20229"|"2B202"
"20253"|"2B205"
"20290"|"2B206"
"20213"|"2B207"
"20234"|"2B208"
"20230"|"2B210"
"20272"|"2B213"
"20215"|"2B214"
"20234"|"2B216"
"20229"|"2B217"
"20251"|"2B218"
"20229"|"2B219"
"20218"|"2B220"
"20229"|"2B221"
"20229"|"2B222"
"20218"|"2B223"
"20233"|"2B224"
"20230"|"2B225"
"20251"|"2B226"
"20234"|"2B227"
"20242"|"2B229"
"20246"|"2B230"
"20220"|"2B231"
"20228"|"2B233"
"20234"|"2B234"
"20259"|"2B235"
"20240"|"2B236"
"20250"|"2B238"
"20232"|"2B239"
"20237"|"2B241"
"20230"|"2B242"
"20229"|"2B243"
"20218"|"2B244"
"20215"|"2B245"
"20237"|"2B246"
"20218"|"2B248"
"20290"|"2B250"
"20243"|"2B251"
"20213"|"2B252"
"20237"|"2B255"
"20229"|"2B256"
"20246"|"2B257"
"20250"|"2B260"
"20247"|"2B261"
"20242"|"2B263"
"20244"|"2B264"
"20239"|"2B265"
"20218"|"2B267"
"20213"|"2B273"
"20290"|"2B274"
"20212"|"2B275"
"20243"|"2B277"
"20215"|"2B280"
"20233"|"2B281"
"20240"|"2B283"
"20213"|"2B286"
"20246"|"2B287"
"20250"|"2B289"
"20226"|"2B290"
"20229"|"2B291"
"20212"|"2B292"
"20221"|"2B293"
"20220"|"2B296"
"20213"|"2B297"
"20217"|"2B298"
"20213"|"2B299"
"20246"|"2B301"
"20230"|"2B302"
"20230"|"2B303"
"20244"|"2B304"
"20200"|"2B305"
"20250"|"2B306"
"20230"|"2B307"
"20200"|"2B309"
"20221"|"2B311"
"20230"|"2B313"
"20246"|"2B314"
"20250"|"2B315"
"20220"|"2B316"
"20230"|"2B317"
"20230"|"2B318"
"20230"|"2B319"
"20270"|"2B320"
"20234"|"2B321"
"20248"|"2B327"
"20270"|"2B328"
"20250"|"2B329"
"20218"|"2B332"
"20232"|"2B333"
"20234"|"2B334"
"20221"|"2B335"
"20235"|"2B337"
"20229"|"2B338"
"20259"|"2B339"
"20230"|"2B340"
"20231"|"2B341"
"20240"|"2B342"
"20215"|"2B343"
"20229"|"2B344"
"20215"|"2B346"
"20242"|"2B347"
"20290"|"2B350"
"20279"|"2B352"
"20200"|"2B353"
"20219"|"2B354"
"20290"|"2B355"
"20272"|"2B356"
"20214"|"2B361"
"20272"|"2B364"
"20243"|"2B365"
"20240"|"2B366"
